"FileName","OriginalPath","Species","Familia","Genero","SHA256","Dataset"
"Dendrobates_truncatus_001.jpg","Dendrobatidae\Dendrobates\Dendrobates truncatus\Dendrobates_truncatus_001.jpg","Dendrobates truncatus","Dendrobatidae","Dendrobates","d1f62970d113429925f9b2f1fd1a415b521c92de12291d95c1ac97ca4432ea45","REFERENCE"
"Dendrobates_truncatus_002.jpg","Dendrobatidae\Dendrobates\Dendrobates truncatus\Dendrobates_truncatus_002.jpg","Dendrobates truncatus","Dendrobatidae","Dendrobates","14afd5069d3a71ff0a22d33b1279cbb537aa8dfcf8b96b4b5a63c9f79ab6763f","REFERENCE"
"Dendrobates_truncatus_003.jpg","Dendrobatidae\Dendrobates\Dendrobates truncatus\Dendrobates_truncatus_003.jpg","Dendrobates truncatus","Dendrobatidae","Dendrobates","26d96ebb32c8eaa59d46c5b41cf624c2be4af820b5703c97bd5555c867e43a70","REFERENCE"
"Dendrobates_truncatus_004.jpg","Dendrobatidae\Dendrobates\Dendrobates truncatus\Dendrobates_truncatus_004.jpg","Dendrobates truncatus","Dendrobatidae","Dendrobates","c9b96b87667f0f12c508ee2e93d079fd287ee031de563bbd362cc3fb2207dd60","REFERENCE"
"Dendrobates_truncatus_005.jpg","Dendrobatidae\Dendrobates\Dendrobates truncatus\Dendrobates_truncatus_005.jpg","Dendrobates truncatus","Dendrobatidae","Dendrobates","9b3d3085ae93f941075bf65eee7ff9ca49a562a0e43a0cf632bbf2980476e2e4","REFERENCE"
"Dendrobates_truncatus_006.jpg","Dendrobatidae\Dendrobates\Dendrobates truncatus\Dendrobates_truncatus_006.jpg","Dendrobates truncatus","Dendrobatidae","Dendrobates","05fc9e80f83de29a2dd1935ac4e0a6e5711f9cd604b402e5a0970256b0f2a471","REFERENCE"
"Dendrobates_truncatus_007.jpg","Dendrobatidae\Dendrobates\Dendrobates truncatus\Dendrobates_truncatus_007.jpg","Dendrobates truncatus","Dendrobatidae","Dendrobates","57f8abf371e1ac3ccf6ab2cf16130f1be330e58b8ddee87799cb514b4f63bb10","REFERENCE"
"Dendrobates_truncatus_008.jpg","Dendrobatidae\Dendrobates\Dendrobates truncatus\Dendrobates_truncatus_008.jpg","Dendrobates truncatus","Dendrobatidae","Dendrobates","f10dc727777e83212cf1d9784b7416444023cc020fce069dadf0d890b1940eeb","REFERENCE"
"Dendrobates_truncatus_009.jpg","Dendrobatidae\Dendrobates\Dendrobates truncatus\Dendrobates_truncatus_009.jpg","Dendrobates truncatus","Dendrobatidae","Dendrobates","7d204658c3ef8502e585c9b5186a6b8c2bdf53b5787931dfde4293b784f79432","REFERENCE"
"Dendrobates_truncatus_010.jpg","Dendrobatidae\Dendrobates\Dendrobates truncatus\Dendrobates_truncatus_010.jpg","Dendrobates truncatus","Dendrobatidae","Dendrobates","52591a78e26fb7dabacb3274a674d4c9d29012265ce47cf1383067c757f3d90e","REFERENCE"
"Dendrobates_truncatus_011.jpg","Dendrobatidae\Dendrobates\Dendrobates truncatus\Dendrobates_truncatus_011.jpg","Dendrobates truncatus","Dendrobatidae","Dendrobates","c14eff466aedc9d38277c4b67dd08c3da41eefd4513c9ea5c325b56b7e19ec8a","REFERENCE"
"Dendrobates_truncatus_013.jpg","Dendrobatidae\Dendrobates\Dendrobates truncatus\Dendrobates_truncatus_013.jpg","Dendrobates truncatus","Dendrobatidae","Dendrobates","302d687669edc7ae862b54537402783d4e2b36ee916ad0ca05230da7f2a4150d","REFERENCE"
"Dendrobates_truncatus_014.jpg","Dendrobatidae\Dendrobates\Dendrobates truncatus\Dendrobates_truncatus_014.jpg","Dendrobates truncatus","Dendrobatidae","Dendrobates","79de8fe05a459c8fc47db7702b2a1fd95389a3a6a9e30348039d6542bdcb8b5d","REFERENCE"
"Dendrobates_truncatus_015.jpg","Dendrobatidae\Dendrobates\Dendrobates truncatus\Dendrobates_truncatus_015.jpg","Dendrobates truncatus","Dendrobatidae","Dendrobates","4b6394abf76e91c349a111d4c15a7fdf0b51b9e7e253d5e0bcd1958258652f66","REFERENCE"
"Dendrobates_truncatus_016.jpg","Dendrobatidae\Dendrobates\Dendrobates truncatus\Dendrobates_truncatus_016.jpg","Dendrobates truncatus","Dendrobatidae","Dendrobates","08f8421f74b0d7fa54987be5f6f864e9ad49a6aa7f7fa8e35924c38766ee9af1","REFERENCE"
"Dendrobates_truncatus_017.jpg","Dendrobatidae\Dendrobates\Dendrobates truncatus\Dendrobates_truncatus_017.jpg","Dendrobates truncatus","Dendrobatidae","Dendrobates","094ca928686a79e9fffc9ae1c5b262e3805ee92038939bdddcb6dd9cdf1ddaf0","REFERENCE"
"Dendrobates_truncatus_018.jpg","Dendrobatidae\Dendrobates\Dendrobates truncatus\Dendrobates_truncatus_018.jpg","Dendrobates truncatus","Dendrobatidae","Dendrobates","a0e37de52bee0b382b4aa9db8cba8d45a4f732e19251476f55fd99716c8132f9","REFERENCE"
"Dendrobates_truncatus_019.jpg","Dendrobatidae\Dendrobates\Dendrobates truncatus\Dendrobates_truncatus_019.jpg","Dendrobates truncatus","Dendrobatidae","Dendrobates","8754824d0c7a7f5c83cc90149886eda13910dabe9c88bac95eab38422719ddbe","REFERENCE"
"Dendrobates_truncatus_020.jpg","Dendrobatidae\Dendrobates\Dendrobates truncatus\Dendrobates_truncatus_020.jpg","Dendrobates truncatus","Dendrobatidae","Dendrobates","4c19982e166508d3f35cf34a67472b46e157c9be34b8fc3808eca9e5abe0132a","REFERENCE"
"Dendrobates_truncatus_021.jpg","Dendrobatidae\Dendrobates\Dendrobates truncatus\Dendrobates_truncatus_021.jpg","Dendrobates truncatus","Dendrobatidae","Dendrobates","f61442679ef5b7c22aad15ac5150d50c28e6c369a333dedad609123319034448","REFERENCE"
"Dendrobates_truncatus_022.jpg","Dendrobatidae\Dendrobates\Dendrobates truncatus\Dendrobates_truncatus_022.jpg","Dendrobates truncatus","Dendrobatidae","Dendrobates","792a8bbc7a11ee8999b748a5345a8cf1825d1457c6f4f86f2500d44f57947b49","REFERENCE"
"Dendrobates_truncatus_023.jpg","Dendrobatidae\Dendrobates\Dendrobates truncatus\Dendrobates_truncatus_023.jpg","Dendrobates truncatus","Dendrobatidae","Dendrobates","c5f00798aac1dc9297213cac3534c75891e6e1aa39d37896d81d0eb3e849cbf0","REFERENCE"
"Dendrobates_truncatus_024.jpg","Dendrobatidae\Dendrobates\Dendrobates truncatus\Dendrobates_truncatus_024.jpg","Dendrobates truncatus","Dendrobatidae","Dendrobates","6f50c6ff27e54c737d6502e7dd210124eb264091a859d6ed6b82cd9ce01ebbdc","REFERENCE"
"Dendrobates_truncatus_025.jpg","Dendrobatidae\Dendrobates\Dendrobates truncatus\Dendrobates_truncatus_025.jpg","Dendrobates truncatus","Dendrobatidae","Dendrobates","9c20cea848c319a5645e8e55081d127712f8d1ea641cdedd0e79345cc7fa4d03","REFERENCE"
"Dendrobates_truncatus_026.jpg","Dendrobatidae\Dendrobates\Dendrobates truncatus\Dendrobates_truncatus_026.jpg","Dendrobates truncatus","Dendrobatidae","Dendrobates","6d36b0681909917af73abc4b2dafb270ef5f9133c5148e1a03ee8559d7c5e9a5","REFERENCE"
"Dendrobates_truncatus_027.jpg","Dendrobatidae\Dendrobates\Dendrobates truncatus\Dendrobates_truncatus_027.jpg","Dendrobates truncatus","Dendrobatidae","Dendrobates","94e3077eaa6174a47378d463582a8082edea0555fff0720418cf97559ce160f3","REFERENCE"
"Dendrobates_truncatus_028.jpg","Dendrobatidae\Dendrobates\Dendrobates truncatus\Dendrobates_truncatus_028.jpg","Dendrobates truncatus","Dendrobatidae","Dendrobates","6cfa5148871ecc4ed44939f6bd01bec33079e242708f8d2d0660a7534b705c84","REFERENCE"
"Dendrobates_truncatus_029.jpg","Dendrobatidae\Dendrobates\Dendrobates truncatus\Dendrobates_truncatus_029.jpg","Dendrobates truncatus","Dendrobatidae","Dendrobates","e9ed47d45ec24ec40843addb84d58f8f0169d56fb506064828853129c091b422","REFERENCE"
"Dendrobates_truncatus_030.jpg","Dendrobatidae\Dendrobates\Dendrobates truncatus\Dendrobates_truncatus_030.jpg","Dendrobates truncatus","Dendrobatidae","Dendrobates","6fafc9aedf2c7f9d33739bfbbce852aa1bdbe13b22575c826be1032e1ce62b6a","REFERENCE"
"Dendrobates_truncatus_031.jpg","Dendrobatidae\Dendrobates\Dendrobates truncatus\Dendrobates_truncatus_031.jpg","Dendrobates truncatus","Dendrobatidae","Dendrobates","c2f3be94966b816207ecb115872dd573cf9dac142dffb3c4cea0b30b3b1d56fb","REFERENCE"
"Dendrobates_truncatus_032.jpg","Dendrobatidae\Dendrobates\Dendrobates truncatus\Dendrobates_truncatus_032.jpg","Dendrobates truncatus","Dendrobatidae","Dendrobates","3a97377e69030194c65d80fdd230ab1b2c4c6fba6b2e8dcfb9e4dc120fb005ac","REFERENCE"
"Dendrobates_truncatus_033.jpg","Dendrobatidae\Dendrobates\Dendrobates truncatus\Dendrobates_truncatus_033.jpg","Dendrobates truncatus","Dendrobatidae","Dendrobates","42d823435b0fe65ef743e21b3b7cf212918952e1a73e29d7e174d32bf43de72c","REFERENCE"
"Dendrobates_truncatus_034.jpg","Dendrobatidae\Dendrobates\Dendrobates truncatus\Dendrobates_truncatus_034.jpg","Dendrobates truncatus","Dendrobatidae","Dendrobates","fdd6abf3f546ca83bfecd76fac429d1a51b4025e8ef61a2410689a7af0f2c8f2","REFERENCE"
"Dendrobates_truncatus_035.jpg","Dendrobatidae\Dendrobates\Dendrobates truncatus\Dendrobates_truncatus_035.jpg","Dendrobates truncatus","Dendrobatidae","Dendrobates","b78895636d93dc59fd28d70641b4d21b05546a1462d7b1d3c9e9c591dde365df","REFERENCE"
"Dendrobates_truncatus_036.jpg","Dendrobatidae\Dendrobates\Dendrobates truncatus\Dendrobates_truncatus_036.jpg","Dendrobates truncatus","Dendrobatidae","Dendrobates","7baba93af112f84bf08c46a950f5af49923b29bbb3fe9918c4f5bba2051a6d43","REFERENCE"
"Dendrobates_truncatus_037.jpg","Dendrobatidae\Dendrobates\Dendrobates truncatus\Dendrobates_truncatus_037.jpg","Dendrobates truncatus","Dendrobatidae","Dendrobates","2f05e74e2d9864e9d4cd5ccd7cdb5e3b7f236878973ce14dea17603e8f745b05","REFERENCE"
"Dendrobates_truncatus_038.jpg","Dendrobatidae\Dendrobates\Dendrobates truncatus\Dendrobates_truncatus_038.jpg","Dendrobates truncatus","Dendrobatidae","Dendrobates","178638a90285cca87acee738cefade435345515a71cf65bff6340af268fb16c3","REFERENCE"
"Dendrobates_truncatus_039.jpg","Dendrobatidae\Dendrobates\Dendrobates truncatus\Dendrobates_truncatus_039.jpg","Dendrobates truncatus","Dendrobatidae","Dendrobates","e6b1cc8288cb608516c14c9a06ae1b0c523da0f942e293d9f1a13582848868c1","REFERENCE"
"Dendrobates_truncatus_040.jpg","Dendrobatidae\Dendrobates\Dendrobates truncatus\Dendrobates_truncatus_040.jpg","Dendrobates truncatus","Dendrobatidae","Dendrobates","f6874d09e7279aa028c5c64a1f9c0c676cf349afd7f18c2e66c2e13803436219","REFERENCE"
"Dendrobates_truncatus_041.jpg","Dendrobatidae\Dendrobates\Dendrobates truncatus\Dendrobates_truncatus_041.jpg","Dendrobates truncatus","Dendrobatidae","Dendrobates","ce12150e6f8a2431d64db35b586e09d1d576d7a4c78714baf659bc715bdf69fd","REFERENCE"
"Dendrobates_truncatus_042.jpg","Dendrobatidae\Dendrobates\Dendrobates truncatus\Dendrobates_truncatus_042.jpg","Dendrobates truncatus","Dendrobatidae","Dendrobates","36e6b497727c37981e0bb27b6bdfcaecf4f9aa4c9c6eed729d3484cf4da5ef99","REFERENCE"
"Dendrobates_truncatus_043.jpg","Dendrobatidae\Dendrobates\Dendrobates truncatus\Dendrobates_truncatus_043.jpg","Dendrobates truncatus","Dendrobatidae","Dendrobates","2f54dc877cb1acec224d991e4b0fd5ebe8a8978931f57f4f531a527799dc0e6a","REFERENCE"
"Dendrobates_truncatus_044.jpg","Dendrobatidae\Dendrobates\Dendrobates truncatus\Dendrobates_truncatus_044.jpg","Dendrobates truncatus","Dendrobatidae","Dendrobates","a5810425cf2648734b1fac35a3ca1aeaf1774671bc278920809189658cedcbbc","REFERENCE"
"Dendrobates_truncatus_045.jpg","Dendrobatidae\Dendrobates\Dendrobates truncatus\Dendrobates_truncatus_045.jpg","Dendrobates truncatus","Dendrobatidae","Dendrobates","734481bf28d204e7ee181d9cba3e3e3b1cc741cb6d3db1a21e13e58bc280f4d0","REFERENCE"
"Dendrobates_truncatus_046.jpg","Dendrobatidae\Dendrobates\Dendrobates truncatus\Dendrobates_truncatus_046.jpg","Dendrobates truncatus","Dendrobatidae","Dendrobates","535c3f68e23ae14b5f491e2df9d0f219560f5f27be4a10ccfb6b6651600a5701","REFERENCE"
"Dendrobates_truncatus_047.jpg","Dendrobatidae\Dendrobates\Dendrobates truncatus\Dendrobates_truncatus_047.jpg","Dendrobates truncatus","Dendrobatidae","Dendrobates","39627fea9c6d410b3aeff7a566f123951534a094602b209f56f19ff874e48c47","REFERENCE"
"Dendrobates_truncatus_048.jpg","Dendrobatidae\Dendrobates\Dendrobates truncatus\Dendrobates_truncatus_048.jpg","Dendrobates truncatus","Dendrobatidae","Dendrobates","80466e65defffa438891851f884517ef63a4661041a83ed2df09842bed286225","REFERENCE"
"Dendrobates_truncatus_049.jpg","Dendrobatidae\Dendrobates\Dendrobates truncatus\Dendrobates_truncatus_049.jpg","Dendrobates truncatus","Dendrobatidae","Dendrobates","0c7df8a2106ed3ed679f21c8bac99d2de0715eb2325459a35f83249cefd3fbfc","REFERENCE"
"Dendrobates_truncatus_050.jpg","Dendrobatidae\Dendrobates\Dendrobates truncatus\Dendrobates_truncatus_050.jpg","Dendrobates truncatus","Dendrobatidae","Dendrobates","713535925b6dbecc73034b71d1a556f34394b6e027202538dcc7b0b701cd826c","REFERENCE"
"Dendrobates_truncatus_051.jpg","Dendrobatidae\Dendrobates\Dendrobates truncatus\Dendrobates_truncatus_051.jpg","Dendrobates truncatus","Dendrobatidae","Dendrobates","d5cea1efe9c77886c06add594932271e9f5603167d88b1982c544df15a421db9","REFERENCE"
"Dendrobates_truncatus_052.jpg","Dendrobatidae\Dendrobates\Dendrobates truncatus\Dendrobates_truncatus_052.jpg","Dendrobates truncatus","Dendrobatidae","Dendrobates","a759d7e33fa69c1a3d662e0d3a8561dacb155dcdb03858480416ee914a8d6ce2","REFERENCE"
"Dendrobates_truncatus_053.jpg","Dendrobatidae\Dendrobates\Dendrobates truncatus\Dendrobates_truncatus_053.jpg","Dendrobates truncatus","Dendrobatidae","Dendrobates","3caaad9b8c5f67fe86c4ea219b450ddb6a7c0a41e35becb73263d4ae3bfd7a42","REFERENCE"
"Dendrobates_truncatus_054.jpg","Dendrobatidae\Dendrobates\Dendrobates truncatus\Dendrobates_truncatus_054.jpg","Dendrobates truncatus","Dendrobatidae","Dendrobates","5e81775eb5ba9a248c0431488b9bcbeb05fcbdcd4b8bf3ee903d7a605111a341","REFERENCE"
"Dendrobates_truncatus_055.jpg","Dendrobatidae\Dendrobates\Dendrobates truncatus\Dendrobates_truncatus_055.jpg","Dendrobates truncatus","Dendrobatidae","Dendrobates","63ee5a14047b4e7f236c54358bdda43524d459ac248eb2ce74efc287e1f1a8a1","REFERENCE"
"Dendrobates_truncatus_056.jpg","Dendrobatidae\Dendrobates\Dendrobates truncatus\Dendrobates_truncatus_056.jpg","Dendrobates truncatus","Dendrobatidae","Dendrobates","cf9ecab43ca3669337e0108f7cfd6d1eda8d6266d323ea2bd25e3f7b1ee86218","REFERENCE"
"Dendrobates_truncatus_057.jpg","Dendrobatidae\Dendrobates\Dendrobates truncatus\Dendrobates_truncatus_057.jpg","Dendrobates truncatus","Dendrobatidae","Dendrobates","cba4dc0bfdc6757bcb8a6112ed36795b17572340944dde076455a85f460b67d0","REFERENCE"
"Dendrobates_truncatus_058.jpg","Dendrobatidae\Dendrobates\Dendrobates truncatus\Dendrobates_truncatus_058.jpg","Dendrobates truncatus","Dendrobatidae","Dendrobates","e70bd9372953327e93faa9055f057ced44a15d5b5d3f3dc1342ff65e354f1d09","REFERENCE"
"Dendrobates_truncatus_059.jpg","Dendrobatidae\Dendrobates\Dendrobates truncatus\Dendrobates_truncatus_059.jpg","Dendrobates truncatus","Dendrobatidae","Dendrobates","e9479fb5dfeed10a811f231c17fd546f87a3a3e6ea137c833113fa282ec23802","REFERENCE"
"Dendrobates_truncatus_060.jpg","Dendrobatidae\Dendrobates\Dendrobates truncatus\Dendrobates_truncatus_060.jpg","Dendrobates truncatus","Dendrobatidae","Dendrobates","3da4481620e9641f63c502ad3d4793988555d3707d20fb549e6890d13816ddb2","REFERENCE"
"Dendrobates_truncatus_061.jpg","Dendrobatidae\Dendrobates\Dendrobates truncatus\Dendrobates_truncatus_061.jpg","Dendrobates truncatus","Dendrobatidae","Dendrobates","5a01fce26df5a901321fd7a56481ebad3bcdf36e26d9a9eb0468d5b1fd44f355","REFERENCE"
"Dendrobates_truncatus_062.jpg","Dendrobatidae\Dendrobates\Dendrobates truncatus\Dendrobates_truncatus_062.jpg","Dendrobates truncatus","Dendrobatidae","Dendrobates","778575b53bc978a56d482be7365c89d228b4647e390a3816d9cc7639c4d74803","REFERENCE"
"Dendrobates_truncatus_063.jpg","Dendrobatidae\Dendrobates\Dendrobates truncatus\Dendrobates_truncatus_063.jpg","Dendrobates truncatus","Dendrobatidae","Dendrobates","231be36ac795cb1c6b1516917bade5a5d30e865882ae8879b889ab54b7cbfd77","REFERENCE"
"Dendrobates_truncatus_064.jpg","Dendrobatidae\Dendrobates\Dendrobates truncatus\Dendrobates_truncatus_064.jpg","Dendrobates truncatus","Dendrobatidae","Dendrobates","945ed4a904d8194367a5a19c438ea8554f902b65d179d8f98b7a0bef757cbdb5","REFERENCE"
"Dendrobates_truncatus_065.jpg","Dendrobatidae\Dendrobates\Dendrobates truncatus\Dendrobates_truncatus_065.jpg","Dendrobates truncatus","Dendrobatidae","Dendrobates","b91df38e582c8dbbeb5df1aecc24af5c0789c59288410d842b711f355b3ab166","REFERENCE"
"Dendrobates_truncatus_066.jpg","Dendrobatidae\Dendrobates\Dendrobates truncatus\Dendrobates_truncatus_066.jpg","Dendrobates truncatus","Dendrobatidae","Dendrobates","4f5ac86efe3fbf4ed99e9b70114e1d359f021caf539aa698027e41896bff04a7","REFERENCE"
"Dendrobates_truncatus_067.jpg","Dendrobatidae\Dendrobates\Dendrobates truncatus\Dendrobates_truncatus_067.jpg","Dendrobates truncatus","Dendrobatidae","Dendrobates","cba71c0e9d4b2d4cabfa2c05e45cc16ed3ef281eb6fa7c2ff89e8809741b1c04","REFERENCE"
"Dendrobates_truncatus_068.jpg","Dendrobatidae\Dendrobates\Dendrobates truncatus\Dendrobates_truncatus_068.jpg","Dendrobates truncatus","Dendrobatidae","Dendrobates","7fe535413c3e4fb566239781256ed0fcdaa35c8b32555c6b5f2de31e09c9e5cb","REFERENCE"
"Dendrobates_truncatus_069.jpg","Dendrobatidae\Dendrobates\Dendrobates truncatus\Dendrobates_truncatus_069.jpg","Dendrobates truncatus","Dendrobatidae","Dendrobates","69d23f03bcec1b0edab695d7a7ffc39bb9903dd928a2249471ebe255b8836b5e","REFERENCE"
"Dendrobates_truncatus_070.jpg","Dendrobatidae\Dendrobates\Dendrobates truncatus\Dendrobates_truncatus_070.jpg","Dendrobates truncatus","Dendrobatidae","Dendrobates","83b0c50d2a1dfbb55aa258ad1c1df62d32751bbdb9c2665d85fe4528ab0b6dff","REFERENCE"
"Dendrobates_truncatus_071.jpg","Dendrobatidae\Dendrobates\Dendrobates truncatus\Dendrobates_truncatus_071.jpg","Dendrobates truncatus","Dendrobatidae","Dendrobates","b6d5f69b7e57b4f3fa7bf4e08e1d2aeac0ff3f90569e99f4b6c6b4e496a97e26","REFERENCE"
"Dendrobates_truncatus_072.jpg","Dendrobatidae\Dendrobates\Dendrobates truncatus\Dendrobates_truncatus_072.jpg","Dendrobates truncatus","Dendrobatidae","Dendrobates","45d5330410b828264b014785e67cd317222bf8d98401b9a511d73aad56254c0f","REFERENCE"
"Dendrobates_truncatus_073.jpg","Dendrobatidae\Dendrobates\Dendrobates truncatus\Dendrobates_truncatus_073.jpg","Dendrobates truncatus","Dendrobatidae","Dendrobates","7831e47b44c311a0e388e0454164c748848cebc735239fecc916bf40e366e834","REFERENCE"
"Dendrobates_truncatus_074.jpg","Dendrobatidae\Dendrobates\Dendrobates truncatus\Dendrobates_truncatus_074.jpg","Dendrobates truncatus","Dendrobatidae","Dendrobates","ac3552628b22940e71b560a29045cce65749eea16fd76251a4066bef68e3e6f3","REFERENCE"
"Dendropsophus_bogerti_001.jpg","Hylidae\Dendropsophus\Dendropsophus bogerti\Dendropsophus_bogerti_001.jpg","Dendropsophus bogerti","Hylidae","Dendropsophus","f87cb32f414cef9954745a31a2ce880ae66247085aa162dba4d385ee457463f4","REFERENCE"
"Dendropsophus_bogerti_002.jpg","Hylidae\Dendropsophus\Dendropsophus bogerti\Dendropsophus_bogerti_002.jpg","Dendropsophus bogerti","Hylidae","Dendropsophus","39665879931fad22cc2b10dbe1136c5027a1b720e044df3d01b0edabe6e16060","REFERENCE"
"Dendropsophus_bogerti_003.jpg","Hylidae\Dendropsophus\Dendropsophus bogerti\Dendropsophus_bogerti_003.jpg","Dendropsophus bogerti","Hylidae","Dendropsophus","1f6c9c4beeb7adc70756c794497f35e139c3a38480d4c72af40b65e631ca7da7","REFERENCE"
"Dendropsophus_bogerti_004.jpg","Hylidae\Dendropsophus\Dendropsophus bogerti\Dendropsophus_bogerti_004.jpg","Dendropsophus bogerti","Hylidae","Dendropsophus","d1cbb890fe5539d787ce0012aa705e5c0320f67b74bcd67742d0b111b7704c11","REFERENCE"
"Dendropsophus_bogerti_005.jpg","Hylidae\Dendropsophus\Dendropsophus bogerti\Dendropsophus_bogerti_005.jpg","Dendropsophus bogerti","Hylidae","Dendropsophus","27dd520360e33db0e3a7e39ce28db2b6f2ffe32dbcb18f93dc3783f2c4f4699e","REFERENCE"
"Dendropsophus_bogerti_006.jpg","Hylidae\Dendropsophus\Dendropsophus bogerti\Dendropsophus_bogerti_006.jpg","Dendropsophus bogerti","Hylidae","Dendropsophus","defb4c6f21d5807d387819387f814aa60d2b23e4116246cb2a499988c0d39cbf","REFERENCE"
"Dendropsophus_bogerti_007.jpg","Hylidae\Dendropsophus\Dendropsophus bogerti\Dendropsophus_bogerti_007.jpg","Dendropsophus bogerti","Hylidae","Dendropsophus","67af6a34e5417936140ab10529b591fce1abcf59ac63c6fb581d7be78f7c857f","REFERENCE"
"Dendropsophus_bogerti_008.jpg","Hylidae\Dendropsophus\Dendropsophus bogerti\Dendropsophus_bogerti_008.jpg","Dendropsophus bogerti","Hylidae","Dendropsophus","7e8d5048f6edf0434e2b27e680d4575c55bc160bcb8c7354184350750e2c31b6","REFERENCE"
"Dendropsophus_bogerti_009.jpg","Hylidae\Dendropsophus\Dendropsophus bogerti\Dendropsophus_bogerti_009.jpg","Dendropsophus bogerti","Hylidae","Dendropsophus","5065c6bfb9c105d9adce25561de97718d96176853e2234dce1a0f2e73ec26b63","REFERENCE"
"Dendropsophus_bogerti_010.jpg","Hylidae\Dendropsophus\Dendropsophus bogerti\Dendropsophus_bogerti_010.jpg","Dendropsophus bogerti","Hylidae","Dendropsophus","d5cafd632a5cfdc8046733ffa74423426f126918b753d7d019c9ba060d07457e","REFERENCE"
"Dendropsophus_bogerti_011.jpg","Hylidae\Dendropsophus\Dendropsophus bogerti\Dendropsophus_bogerti_011.jpg","Dendropsophus bogerti","Hylidae","Dendropsophus","253b991c334a0762fb6233ad2bef07de18259ec296172c3d9e60982581ce9675","REFERENCE"
"Dendropsophus_bogerti_012.jpg","Hylidae\Dendropsophus\Dendropsophus bogerti\Dendropsophus_bogerti_012.jpg","Dendropsophus bogerti","Hylidae","Dendropsophus","3b7514b51c53fcba69ab46891cf569a438f8887b9b3d961cf58df61fefef2b96","REFERENCE"
"Dendropsophus_bogerti_013.jpg","Hylidae\Dendropsophus\Dendropsophus bogerti\Dendropsophus_bogerti_013.jpg","Dendropsophus bogerti","Hylidae","Dendropsophus","a4194b7c41a02646ac1d32ea801febea178e6d4734f4e3027ff97ebf2fb14b7f","REFERENCE"
"Dendropsophus_bogerti_014.jpg","Hylidae\Dendropsophus\Dendropsophus bogerti\Dendropsophus_bogerti_014.jpg","Dendropsophus bogerti","Hylidae","Dendropsophus","72f29854509af46ba5a9b7faaf1390717e8e06aec47ed7f1f227958d4f340b7f","REFERENCE"
"Dendropsophus_bogerti_015.jpg","Hylidae\Dendropsophus\Dendropsophus bogerti\Dendropsophus_bogerti_015.jpg","Dendropsophus bogerti","Hylidae","Dendropsophus","8a2f326c66c231570123da06dc515f7ede3d6ab815bdfd98a312892d10754dfd","REFERENCE"
"Dendropsophus_bogerti_016.jpg","Hylidae\Dendropsophus\Dendropsophus bogerti\Dendropsophus_bogerti_016.jpg","Dendropsophus bogerti","Hylidae","Dendropsophus","ccd59c0560ddca25449fab7bf418b59ec04f896f65f3b50d0e5a628d67f70a63","REFERENCE"
"Dendropsophus_bogerti_017.jpg","Hylidae\Dendropsophus\Dendropsophus bogerti\Dendropsophus_bogerti_017.jpg","Dendropsophus bogerti","Hylidae","Dendropsophus","589012950bc5d462f88a04011ebdf3e0a9b8d2136e17f2deda88baf22182bf2c","REFERENCE"
"Dendropsophus_bogerti_018.jpg","Hylidae\Dendropsophus\Dendropsophus bogerti\Dendropsophus_bogerti_018.jpg","Dendropsophus bogerti","Hylidae","Dendropsophus","331885ea32bab73b8c6391d8d34177bfca8032372bbe359415d41c9af62310b2","REFERENCE"
"Dendropsophus_bogerti_019.jpg","Hylidae\Dendropsophus\Dendropsophus bogerti\Dendropsophus_bogerti_019.jpg","Dendropsophus bogerti","Hylidae","Dendropsophus","9828a24ee12ee2a6088437be60594e64ba0e18c751450df46a2de66f1591ad01","REFERENCE"
"Dendropsophus_bogerti_020.jpg","Hylidae\Dendropsophus\Dendropsophus bogerti\Dendropsophus_bogerti_020.jpg","Dendropsophus bogerti","Hylidae","Dendropsophus","b4237d5f3ee5a062dcfb3c5ebded235989ac7d5539d59ca296f8bcc283c979ec","REFERENCE"
"Dendropsophus_bogerti_021.jpg","Hylidae\Dendropsophus\Dendropsophus bogerti\Dendropsophus_bogerti_021.jpg","Dendropsophus bogerti","Hylidae","Dendropsophus","b907cb21c0c3818bd0b56356c209e2784cd197cb0ae88317aa9657051c75657e","REFERENCE"
"Dendropsophus_bogerti_022.jpg","Hylidae\Dendropsophus\Dendropsophus bogerti\Dendropsophus_bogerti_022.jpg","Dendropsophus bogerti","Hylidae","Dendropsophus","90c5da7e8b46472c998b39aafa075fd163d927d7cd1725a698fbdce81e1f1067","REFERENCE"
"Dendropsophus_bogerti_023.jpg","Hylidae\Dendropsophus\Dendropsophus bogerti\Dendropsophus_bogerti_023.jpg","Dendropsophus bogerti","Hylidae","Dendropsophus","e0281da3a86436953830629de66f1a6d02a2bae7bc9c96ce30115e6c80b042cc","REFERENCE"
"Dendropsophus_bogerti_024.jpg","Hylidae\Dendropsophus\Dendropsophus bogerti\Dendropsophus_bogerti_024.jpg","Dendropsophus bogerti","Hylidae","Dendropsophus","d1f3d8e445b6325c84529e08d8970df8d073c6b48df27c04d216830c902af461","REFERENCE"
"Dendropsophus_bogerti_025.jpg","Hylidae\Dendropsophus\Dendropsophus bogerti\Dendropsophus_bogerti_025.jpg","Dendropsophus bogerti","Hylidae","Dendropsophus","504eda5d9d6332fa3480798bbac5e85e893c9b851e686ccf3b6cc546f0e78138","REFERENCE"
"Dendropsophus_bogerti_026.jpg","Hylidae\Dendropsophus\Dendropsophus bogerti\Dendropsophus_bogerti_026.jpg","Dendropsophus bogerti","Hylidae","Dendropsophus","8b8b9c9d949ca2e349f13eac0a6aff3964f46b19ed5385806c6ca6062175f0ce","REFERENCE"
"Dendropsophus_bogerti_027.jpg","Hylidae\Dendropsophus\Dendropsophus bogerti\Dendropsophus_bogerti_027.jpg","Dendropsophus bogerti","Hylidae","Dendropsophus","af3a8fcdfe2a490ad90682cccb7063c18aea0a6f4c8206de5728c8e3acc81208","REFERENCE"
"Dendropsophus_bogerti_028.jpg","Hylidae\Dendropsophus\Dendropsophus bogerti\Dendropsophus_bogerti_028.jpg","Dendropsophus bogerti","Hylidae","Dendropsophus","7745ef3672d54a38b12f3ec3ae0bdc325ba2ffcefb651d1bec3ee43f586bd597","REFERENCE"
"Dendropsophus_bogerti_029.jpg","Hylidae\Dendropsophus\Dendropsophus bogerti\Dendropsophus_bogerti_029.jpg","Dendropsophus bogerti","Hylidae","Dendropsophus","8940182e322bd36975b7b62665c03b2c2592547dd3338b29cf0a46d67c3a5ea5","REFERENCE"
"Dendropsophus_bogerti_030.jpg","Hylidae\Dendropsophus\Dendropsophus bogerti\Dendropsophus_bogerti_030.jpg","Dendropsophus bogerti","Hylidae","Dendropsophus","0484a4d9a94d7df41619cb958a8be244a1af45a066525ded0ce3303e048ada20","REFERENCE"
"Dendropsophus_bogerti_031.jpg","Hylidae\Dendropsophus\Dendropsophus bogerti\Dendropsophus_bogerti_031.jpg","Dendropsophus bogerti","Hylidae","Dendropsophus","127c18fc9f49311ebc59d2dde7376dc1dc0478a4c41c4b591ac12ed743951e28","REFERENCE"
"Dendropsophus_bogerti_032.jpg","Hylidae\Dendropsophus\Dendropsophus bogerti\Dendropsophus_bogerti_032.jpg","Dendropsophus bogerti","Hylidae","Dendropsophus","60f873f590df78413b0bbd6240ef61ee8415110fd00f2e9023583ac2ae5d4aec","REFERENCE"
"Dendropsophus_bogerti_033.jpg","Hylidae\Dendropsophus\Dendropsophus bogerti\Dendropsophus_bogerti_033.jpg","Dendropsophus bogerti","Hylidae","Dendropsophus","7cc73ccec2a18b847e44ad97d6c31722692075cb3e8f6d5cd6f925052db12cfb","REFERENCE"
"Dendropsophus_bogerti_034.jpg","Hylidae\Dendropsophus\Dendropsophus bogerti\Dendropsophus_bogerti_034.jpg","Dendropsophus bogerti","Hylidae","Dendropsophus","a6de1be27cbec9a62fecb0386a59305851be81ff57ed83ae86b1e504f1304874","REFERENCE"
"Dendropsophus_bogerti_035.jpg","Hylidae\Dendropsophus\Dendropsophus bogerti\Dendropsophus_bogerti_035.jpg","Dendropsophus bogerti","Hylidae","Dendropsophus","7edd08b5fdbd73aa950ce5b2061c802a57abbf9087e3eda0ec3d3b506e7258c6","REFERENCE"
"Dendropsophus_bogerti_036.jpg","Hylidae\Dendropsophus\Dendropsophus bogerti\Dendropsophus_bogerti_036.jpg","Dendropsophus bogerti","Hylidae","Dendropsophus","abb3ed0825c3fe216c68404a3179085f7290ac590bb74dcf0238b7ae060b3061","REFERENCE"
"Dendropsophus_bogerti_037.jpg","Hylidae\Dendropsophus\Dendropsophus bogerti\Dendropsophus_bogerti_037.jpg","Dendropsophus bogerti","Hylidae","Dendropsophus","dc9f871c67f821cee2f33d3d0f3f7aed58b658aba84f24b6fae72448de612adf","REFERENCE"
"Dendropsophus_bogerti_038.jpg","Hylidae\Dendropsophus\Dendropsophus bogerti\Dendropsophus_bogerti_038.jpg","Dendropsophus bogerti","Hylidae","Dendropsophus","1f6ca087856d8fa899c69e01b61955764c7ded1e5b50c40ad4507ccb09abba4e","REFERENCE"
"Dendropsophus_bogerti_039.jpg","Hylidae\Dendropsophus\Dendropsophus bogerti\Dendropsophus_bogerti_039.jpg","Dendropsophus bogerti","Hylidae","Dendropsophus","f0a4ff754896d47d316cdf6cd92103377e7587b56466314b08c3f1dd9b8cc37e","REFERENCE"
"Dendropsophus_bogerti_040.jpg","Hylidae\Dendropsophus\Dendropsophus bogerti\Dendropsophus_bogerti_040.jpg","Dendropsophus bogerti","Hylidae","Dendropsophus","5716f274143db74d875ab4671aa92834a2dcd8c284f01d9392cf730c1334832b","REFERENCE"
"Dendropsophus_bogerti_041.jpg","Hylidae\Dendropsophus\Dendropsophus bogerti\Dendropsophus_bogerti_041.jpg","Dendropsophus bogerti","Hylidae","Dendropsophus","412e2bfa070ac549ac042e250bd8f3ada65c62387af6989fdec6718784588fe6","REFERENCE"
"Dendropsophus_bogerti_042.jpg","Hylidae\Dendropsophus\Dendropsophus bogerti\Dendropsophus_bogerti_042.jpg","Dendropsophus bogerti","Hylidae","Dendropsophus","95243ac6a7f3f2173b1dc7930c80c45180b2a891b0a359ce92e6e4dcf2c94a06","REFERENCE"
"Dendropsophus_bogerti_043.jpg","Hylidae\Dendropsophus\Dendropsophus bogerti\Dendropsophus_bogerti_043.jpg","Dendropsophus bogerti","Hylidae","Dendropsophus","b06c71be586f9dba05e838d4bd440f2e93b938e313e2a94ce5d384921d520d7b","REFERENCE"
"Dendropsophus_bogerti_044.jpg","Hylidae\Dendropsophus\Dendropsophus bogerti\Dendropsophus_bogerti_044.jpg","Dendropsophus bogerti","Hylidae","Dendropsophus","13134d5bfaef87bdcd929f9852a6485110fec788d86ad788c3ff3f5e617309ba","REFERENCE"
"Dendropsophus_bogerti_045.jpg","Hylidae\Dendropsophus\Dendropsophus bogerti\Dendropsophus_bogerti_045.jpg","Dendropsophus bogerti","Hylidae","Dendropsophus","1bbd4cdc56f691b523ff3ad37353c5bb850ba6bd43c2e4b52c8a527a9dbbcd7b","REFERENCE"
"Dendropsophus_bogerti_046.jpg","Hylidae\Dendropsophus\Dendropsophus bogerti\Dendropsophus_bogerti_046.jpg","Dendropsophus bogerti","Hylidae","Dendropsophus","1bbd4cdc56f691b523ff3ad37353c5bb850ba6bd43c2e4b52c8a527a9dbbcd7b","REFERENCE"
"Dendropsophus_bogerti_047.jpg","Hylidae\Dendropsophus\Dendropsophus bogerti\Dendropsophus_bogerti_047.jpg","Dendropsophus bogerti","Hylidae","Dendropsophus","3ff703bbd71bea7ad3fdea1beb77b24f7e2d71d3b2c478f0d0378f50b296a15f","REFERENCE"
"Dendropsophus_bogerti_048.jpg","Hylidae\Dendropsophus\Dendropsophus bogerti\Dendropsophus_bogerti_048.jpg","Dendropsophus bogerti","Hylidae","Dendropsophus","25c23faa0601abe9090586023ce750c0f036da263225321b5b657fee065671ce","REFERENCE"
"Dendropsophus_bogerti_049.jpg","Hylidae\Dendropsophus\Dendropsophus bogerti\Dendropsophus_bogerti_049.jpg","Dendropsophus bogerti","Hylidae","Dendropsophus","3732368fe929f7915e92e3b9598ea1224d64c599c3adb4e73b1c42380aaf48e1","REFERENCE"
"Dendropsophus_bogerti_050.jpg","Hylidae\Dendropsophus\Dendropsophus bogerti\Dendropsophus_bogerti_050.jpg","Dendropsophus bogerti","Hylidae","Dendropsophus","02cdd4e51506e1742c9eb54c5a6072b401d1a3ae4759638e4f7d073eaac74266","REFERENCE"
"Dendropsophus_bogerti_051.jpg","Hylidae\Dendropsophus\Dendropsophus bogerti\Dendropsophus_bogerti_051.jpg","Dendropsophus bogerti","Hylidae","Dendropsophus","2977411647b8bae6813aa09f8c2dfd45aab201fe3aadcfeba6a5d2e59e6a438a","REFERENCE"
"Dendropsophus_bogerti_052.jpg","Hylidae\Dendropsophus\Dendropsophus bogerti\Dendropsophus_bogerti_052.jpg","Dendropsophus bogerti","Hylidae","Dendropsophus","39e615bb606da16be99171568f097d957992e08e6dbcebbdd8e2570efc62f9e2","REFERENCE"
"Dendropsophus_bogerti_053.jpg","Hylidae\Dendropsophus\Dendropsophus bogerti\Dendropsophus_bogerti_053.jpg","Dendropsophus bogerti","Hylidae","Dendropsophus","bacd74fa545a49ce2a67964566ed9b566f62665a1404d81c9ceec88c23ecbc0c","REFERENCE"
"Dendropsophus_bogerti_054.jpg","Hylidae\Dendropsophus\Dendropsophus bogerti\Dendropsophus_bogerti_054.jpg","Dendropsophus bogerti","Hylidae","Dendropsophus","1f20ecb0189e865758d716c6dae78abc429ff357997f66fc3fabfa03ac0819ab","REFERENCE"
"Dendropsophus_bogerti_055.jpg","Hylidae\Dendropsophus\Dendropsophus bogerti\Dendropsophus_bogerti_055.jpg","Dendropsophus bogerti","Hylidae","Dendropsophus","3e86dc2ec755ad584e3b318221cc7836f0da334055f687fa60c905430c9b429c","REFERENCE"
"Dendropsophus_bogerti_056.jpg","Hylidae\Dendropsophus\Dendropsophus bogerti\Dendropsophus_bogerti_056.jpg","Dendropsophus bogerti","Hylidae","Dendropsophus","a752bc2bfe450de7a5a99101d55bf2e44c862ef52ba00c2b9ef6238c60ae97a5","REFERENCE"
"Dendropsophus_bogerti_057.jpg","Hylidae\Dendropsophus\Dendropsophus bogerti\Dendropsophus_bogerti_057.jpg","Dendropsophus bogerti","Hylidae","Dendropsophus","b9de9713da2c2dbdc516ac1fd665f04717cde0fd2c4add36738dd524339fa3c7","REFERENCE"
"Dendropsophus_bogerti_058.jpg","Hylidae\Dendropsophus\Dendropsophus bogerti\Dendropsophus_bogerti_058.jpg","Dendropsophus bogerti","Hylidae","Dendropsophus","3c821404d1b01e53b3feaf7a8f38ccf0e890766ac3e5d13e3606b694a090a2f9","REFERENCE"
"Dendropsophus_bogerti_059.jpg","Hylidae\Dendropsophus\Dendropsophus bogerti\Dendropsophus_bogerti_059.jpg","Dendropsophus bogerti","Hylidae","Dendropsophus","80e81e3c502e1fc89ed231977633c8eb457d789208d3732f20b98038b48b9532","REFERENCE"
"Dendropsophus_bogerti_060.jpg","Hylidae\Dendropsophus\Dendropsophus bogerti\Dendropsophus_bogerti_060.jpg","Dendropsophus bogerti","Hylidae","Dendropsophus","af791d0c015e6c016d32a19626304fe1098eb370b990923888e2d1c18ebff78c","REFERENCE"
"Dendropsophus_bogerti_061.jpg","Hylidae\Dendropsophus\Dendropsophus bogerti\Dendropsophus_bogerti_061.jpg","Dendropsophus bogerti","Hylidae","Dendropsophus","e74c692301c74935c61863a434d12c49a648111984aba22d75d70574875ea066","REFERENCE"
"Dendropsophus_bogerti_062.jpg","Hylidae\Dendropsophus\Dendropsophus bogerti\Dendropsophus_bogerti_062.jpg","Dendropsophus bogerti","Hylidae","Dendropsophus","1fb273070dcdc47cc6c17327bc1bbd1abaaf7df33e5614a86c318f9f6943f0ae","REFERENCE"
"Dendropsophus_bogerti_063.jpg","Hylidae\Dendropsophus\Dendropsophus bogerti\Dendropsophus_bogerti_063.jpg","Dendropsophus bogerti","Hylidae","Dendropsophus","b5f2cdc4c01feae35911970a37999789b03ca728f1f1191286bfe6f281977f98","REFERENCE"
"Dendropsophus_bogerti_064.jpg","Hylidae\Dendropsophus\Dendropsophus bogerti\Dendropsophus_bogerti_064.jpg","Dendropsophus bogerti","Hylidae","Dendropsophus","8e22527a547c85b9ed17d054b90bc92500fb3e03fe6bcb8ecb3071594c069512","REFERENCE"
"Dendropsophus_bogerti_065.jpg","Hylidae\Dendropsophus\Dendropsophus bogerti\Dendropsophus_bogerti_065.jpg","Dendropsophus bogerti","Hylidae","Dendropsophus","893ff3fecb63af4db61a869885c5f3d66446a33a1e683f562ae868ce7bc78c34","REFERENCE"
"Dendropsophus_bogerti_066.jpg","Hylidae\Dendropsophus\Dendropsophus bogerti\Dendropsophus_bogerti_066.jpg","Dendropsophus bogerti","Hylidae","Dendropsophus","b4d3bd0f4fad0fc79cd52f0086ccb514813877502fd3310e62f7b9526be0efc7","REFERENCE"
"Dendropsophus_bogerti_067.jpg","Hylidae\Dendropsophus\Dendropsophus bogerti\Dendropsophus_bogerti_067.jpg","Dendropsophus bogerti","Hylidae","Dendropsophus","0093c2c64e2d72618fc5de96260fa59a62d48976cd55c0d2010039b1568f266f","REFERENCE"
"Dendropsophus_bogerti_068.jpg","Hylidae\Dendropsophus\Dendropsophus bogerti\Dendropsophus_bogerti_068.jpg","Dendropsophus bogerti","Hylidae","Dendropsophus","2a705aa5d665061055ad3b32d791d0e1c0637f0de4701f93518dffcce9b9e2fe","REFERENCE"
"Dendropsophus_bogerti_069.jpg","Hylidae\Dendropsophus\Dendropsophus bogerti\Dendropsophus_bogerti_069.jpg","Dendropsophus bogerti","Hylidae","Dendropsophus","94c75ab89dfc83e56c7651749f4d7b72cb5426aa44b98e2fc4d1d7c8eae1e047","REFERENCE"
"Dendropsophus_bogerti_070.jpg","Hylidae\Dendropsophus\Dendropsophus bogerti\Dendropsophus_bogerti_070.jpg","Dendropsophus bogerti","Hylidae","Dendropsophus","72a290a535816d8b03859a79118b8f6b0a8e57e09c7c270791e393e0ca07dbbb","REFERENCE"
"Dendropsophus_bogerti_071.jpg","Hylidae\Dendropsophus\Dendropsophus bogerti\Dendropsophus_bogerti_071.jpg","Dendropsophus bogerti","Hylidae","Dendropsophus","173a45a7edf436c0054a2da28a0fc44937c0927e0545329f99b104e8b42676d5","REFERENCE"
"Dendropsophus_bogerti_072.jpg","Hylidae\Dendropsophus\Dendropsophus bogerti\Dendropsophus_bogerti_072.jpg","Dendropsophus bogerti","Hylidae","Dendropsophus","f66822fdb77d34ff0a794c300ee08fca7df72ad37eaf57c081a3b453e70ca7ae","REFERENCE"
"Dendropsophus_bogerti_073.jpg","Hylidae\Dendropsophus\Dendropsophus bogerti\Dendropsophus_bogerti_073.jpg","Dendropsophus bogerti","Hylidae","Dendropsophus","c64e83a23064eeeeb8bbd6be3cb09c01af326ac6463783439097dec8c30addf8","REFERENCE"
"Dendropsophus_bogerti_074.jpg","Hylidae\Dendropsophus\Dendropsophus bogerti\Dendropsophus_bogerti_074.jpg","Dendropsophus bogerti","Hylidae","Dendropsophus","72f9d293eaf396dcf45477335da8dfa3c59262260e8b4bc3b124e0b654cc74fc","REFERENCE"
"Dendropsophus_bogerti_075.jpg","Hylidae\Dendropsophus\Dendropsophus bogerti\Dendropsophus_bogerti_075.jpg","Dendropsophus bogerti","Hylidae","Dendropsophus","2bfef61498e57348cf1fba5d63ae5705729733bb34fdaa88424a5a0a4ea5a90e","REFERENCE"
"Dendropsophus_bogerti_076.jpg","Hylidae\Dendropsophus\Dendropsophus bogerti\Dendropsophus_bogerti_076.jpg","Dendropsophus bogerti","Hylidae","Dendropsophus","573cbad3e401855c2b7c9bd6de1ba13ec5192f957427053823ee6bff2af43abd","REFERENCE"
"Dendropsophus_bogerti_077.jpg","Hylidae\Dendropsophus\Dendropsophus bogerti\Dendropsophus_bogerti_077.jpg","Dendropsophus bogerti","Hylidae","Dendropsophus","0937a6bff5bb61a286927f22b5c12502f2ce43c6ecf4bef9251cc664fbdcbc6a","REFERENCE"
"Dendropsophus_bogerti_078.jpg","Hylidae\Dendropsophus\Dendropsophus bogerti\Dendropsophus_bogerti_078.jpg","Dendropsophus bogerti","Hylidae","Dendropsophus","34d38bccc1ad837223b8c2970f7cb0160b36e3540eebd897b1569eb54db10475","REFERENCE"
"Dendropsophus_bogerti_079.jpg","Hylidae\Dendropsophus\Dendropsophus bogerti\Dendropsophus_bogerti_079.jpg","Dendropsophus bogerti","Hylidae","Dendropsophus","2aaa6bbfad502301df0f5ea2e2f8e66a4a40402dbda7a8c2df0a6a438871e670","REFERENCE"
"Dendropsophus_bogerti_080.jpg","Hylidae\Dendropsophus\Dendropsophus bogerti\Dendropsophus_bogerti_080.jpg","Dendropsophus bogerti","Hylidae","Dendropsophus","2e268338fc778a00cdbed9ad18f04b2800480dfc2a4d5f820a8f681c2cffee4d","REFERENCE"
"Dendropsophus_microcephalus_001.jpg","Hylidae\Dendropsophus\Dendropsophus microcephalus\Dendropsophus_microcephalus_001.jpg","Dendropsophus microcephalus","Hylidae","Dendropsophus","e704c2249a30160890fd809899099e453b52b4253e4f4047f66d7831c2fe6f6d","REFERENCE"
"Dendropsophus_microcephalus_002.jpg","Hylidae\Dendropsophus\Dendropsophus microcephalus\Dendropsophus_microcephalus_002.jpg","Dendropsophus microcephalus","Hylidae","Dendropsophus","5fcef0b3934f1c066dc80551af6a47f3a572b25144c549670d1e7822ca5fa63b","REFERENCE"
"Dendropsophus_microcephalus_003.jpg","Hylidae\Dendropsophus\Dendropsophus microcephalus\Dendropsophus_microcephalus_003.jpg","Dendropsophus microcephalus","Hylidae","Dendropsophus","f72fe8dd91631594bd4577ff8996f01b76af07a9faca0c11b393633fb801ce56","REFERENCE"
"Dendropsophus_microcephalus_004.jpg","Hylidae\Dendropsophus\Dendropsophus microcephalus\Dendropsophus_microcephalus_004.jpg","Dendropsophus microcephalus","Hylidae","Dendropsophus","ecb6e965bf6b695d6df221dd58901aebae74e5f3c2640373457335a0553bc2fd","REFERENCE"
"Dendropsophus_microcephalus_005.jpg","Hylidae\Dendropsophus\Dendropsophus microcephalus\Dendropsophus_microcephalus_005.jpg","Dendropsophus microcephalus","Hylidae","Dendropsophus","a8d5469cfe3e1f4ea294047569abea252064b37c7fdae75291efab6bacb070ab","REFERENCE"
"Dendropsophus_microcephalus_006.jpg","Hylidae\Dendropsophus\Dendropsophus microcephalus\Dendropsophus_microcephalus_006.jpg","Dendropsophus microcephalus","Hylidae","Dendropsophus","924d3c5d23e12611355c9b752e3b245221f80c86705abd5bab1316a6a3206f33","REFERENCE"
"Dendropsophus_microcephalus_007.jpg","Hylidae\Dendropsophus\Dendropsophus microcephalus\Dendropsophus_microcephalus_007.jpg","Dendropsophus microcephalus","Hylidae","Dendropsophus","098713077f0c1a388582bc0e56a1dc194c702778384c7ab9469b58b1edd07cfd","REFERENCE"
"Dendropsophus_microcephalus_008.jpg","Hylidae\Dendropsophus\Dendropsophus microcephalus\Dendropsophus_microcephalus_008.jpg","Dendropsophus microcephalus","Hylidae","Dendropsophus","ac1314afbc680eff0a57aabae40ee5ddd8ffd2b6301c0000ea7e993e906b936e","REFERENCE"
"Dendropsophus_microcephalus_009.jpg","Hylidae\Dendropsophus\Dendropsophus microcephalus\Dendropsophus_microcephalus_009.jpg","Dendropsophus microcephalus","Hylidae","Dendropsophus","4bdceeac5c432fee6395e273a9dbb7929fde5fec32bb407382a71865a1fbeddf","REFERENCE"
"Dendropsophus_microcephalus_010.jpg","Hylidae\Dendropsophus\Dendropsophus microcephalus\Dendropsophus_microcephalus_010.jpg","Dendropsophus microcephalus","Hylidae","Dendropsophus","1822ba9962407bd3ce9fd38373041b33af7c766d99557e58c4f8f729c1afcf34","REFERENCE"
"Dendropsophus_microcephalus_011.jpg","Hylidae\Dendropsophus\Dendropsophus microcephalus\Dendropsophus_microcephalus_011.jpg","Dendropsophus microcephalus","Hylidae","Dendropsophus","ba2b36c4982b806c0dc05c758c250db7faf6e896d54e6ecfd3da9533bc7e6099","REFERENCE"
"Dendropsophus_microcephalus_012.jpg","Hylidae\Dendropsophus\Dendropsophus microcephalus\Dendropsophus_microcephalus_012.jpg","Dendropsophus microcephalus","Hylidae","Dendropsophus","342c847b608d1051b8311157cb9a717fc00c281454a6885a956e57cee2745ed3","REFERENCE"
"Dendropsophus_microcephalus_013.jpg","Hylidae\Dendropsophus\Dendropsophus microcephalus\Dendropsophus_microcephalus_013.jpg","Dendropsophus microcephalus","Hylidae","Dendropsophus","1bc2f34d942a51fab73f2d9f188d8a43e8047471877a9357791711ea9dbd603e","REFERENCE"
"Dendropsophus_microcephalus_014.jpg","Hylidae\Dendropsophus\Dendropsophus microcephalus\Dendropsophus_microcephalus_014.jpg","Dendropsophus microcephalus","Hylidae","Dendropsophus","35aafc3fbd6e860ca58c62f21693ba0ace98336b184c718618de9e3806358b4c","REFERENCE"
"Dendropsophus_microcephalus_015.jpg","Hylidae\Dendropsophus\Dendropsophus microcephalus\Dendropsophus_microcephalus_015.jpg","Dendropsophus microcephalus","Hylidae","Dendropsophus","42eafb4df9923188e72a219e6541300576b64633d6cc002c88e84cfb74a7a05e","REFERENCE"
"Dendropsophus_microcephalus_016.jpg","Hylidae\Dendropsophus\Dendropsophus microcephalus\Dendropsophus_microcephalus_016.jpg","Dendropsophus microcephalus","Hylidae","Dendropsophus","6fa42b5ef8d35de273b650805d5f0f18215bf79d7165755955b45858169e24ef","REFERENCE"
"Dendropsophus_microcephalus_017.jpg","Hylidae\Dendropsophus\Dendropsophus microcephalus\Dendropsophus_microcephalus_017.jpg","Dendropsophus microcephalus","Hylidae","Dendropsophus","6f603e6926eef875dd7ee671a3547e274c9db22145c51b34ba67e1df00d77eb3","REFERENCE"
"Dendropsophus_microcephalus_018.jpg","Hylidae\Dendropsophus\Dendropsophus microcephalus\Dendropsophus_microcephalus_018.jpg","Dendropsophus microcephalus","Hylidae","Dendropsophus","6abce94b395b83646e4ef05440a0d3ac01f8c42adc24f278b96e26eacf767919","REFERENCE"
"Dendropsophus_microcephalus_019.jpg","Hylidae\Dendropsophus\Dendropsophus microcephalus\Dendropsophus_microcephalus_019.jpg","Dendropsophus microcephalus","Hylidae","Dendropsophus","4bc05cc761b8a840ad50a843c5b22050be375b2e48b09c94efbb62f7a96c5639","REFERENCE"
"Dendropsophus_microcephalus_020.jpg","Hylidae\Dendropsophus\Dendropsophus microcephalus\Dendropsophus_microcephalus_020.jpg","Dendropsophus microcephalus","Hylidae","Dendropsophus","1cec824d91ff817a588e07a753247cf87f340240a56cb318ac69ce513bee8c10","REFERENCE"
"Dendropsophus_microcephalus_021.jpg","Hylidae\Dendropsophus\Dendropsophus microcephalus\Dendropsophus_microcephalus_021.jpg","Dendropsophus microcephalus","Hylidae","Dendropsophus","c4c70d18ad2212a80d46a31d61de20c5de886f05f57497acce42e9611a14826e","REFERENCE"
"Dendropsophus_microcephalus_022.jpg","Hylidae\Dendropsophus\Dendropsophus microcephalus\Dendropsophus_microcephalus_022.jpg","Dendropsophus microcephalus","Hylidae","Dendropsophus","3f6294e8ee5553962c747d4c32b372324c34e204c136d9c3dd5a7a02520f457d","REFERENCE"
"Dendropsophus_microcephalus_023.jpg","Hylidae\Dendropsophus\Dendropsophus microcephalus\Dendropsophus_microcephalus_023.jpg","Dendropsophus microcephalus","Hylidae","Dendropsophus","e611342ea91ff70120cd302d219bf752f365c70c40a09f0289eab07f15b14acc","REFERENCE"
"Dendropsophus_microcephalus_024.jpg","Hylidae\Dendropsophus\Dendropsophus microcephalus\Dendropsophus_microcephalus_024.jpg","Dendropsophus microcephalus","Hylidae","Dendropsophus","47258aa19871c1fa50ea5763285a56a81923f60761192cdfd6a0d327c28040c5","REFERENCE"
"Dendropsophus_microcephalus_025.jpg","Hylidae\Dendropsophus\Dendropsophus microcephalus\Dendropsophus_microcephalus_025.jpg","Dendropsophus microcephalus","Hylidae","Dendropsophus","6556db07c9ed5afe08adab2f0dccb2e70bb47b49b8e84772fd0f1a59edc63565","REFERENCE"
"Dendropsophus_microcephalus_026.jpg","Hylidae\Dendropsophus\Dendropsophus microcephalus\Dendropsophus_microcephalus_026.jpg","Dendropsophus microcephalus","Hylidae","Dendropsophus","c4b584fc30e1946da6770c1bc0cb3706b32ba1451cdd1921a91867e39873d4ef","REFERENCE"
"Dendropsophus_microcephalus_027.jpg","Hylidae\Dendropsophus\Dendropsophus microcephalus\Dendropsophus_microcephalus_027.jpg","Dendropsophus microcephalus","Hylidae","Dendropsophus","a461e6a522d1c5e79add12f7b1542113798c3f3eefa7ce52c39bd4758d2bc296","REFERENCE"
"Dendropsophus_microcephalus_028.jpg","Hylidae\Dendropsophus\Dendropsophus microcephalus\Dendropsophus_microcephalus_028.jpg","Dendropsophus microcephalus","Hylidae","Dendropsophus","2a4d35d41e5cef589024fdcff2914f6c7c596b57b8571ef58f76ea2f2be2ee9a","REFERENCE"
"Dendropsophus_microcephalus_029.jpg","Hylidae\Dendropsophus\Dendropsophus microcephalus\Dendropsophus_microcephalus_029.jpg","Dendropsophus microcephalus","Hylidae","Dendropsophus","b41c5f23f5a53daca97ecbb0928d753b4bd4308a4a919e1fc6c59e33a457d408","REFERENCE"
"Dendropsophus_microcephalus_030.jpg","Hylidae\Dendropsophus\Dendropsophus microcephalus\Dendropsophus_microcephalus_030.jpg","Dendropsophus microcephalus","Hylidae","Dendropsophus","c4b584fc30e1946da6770c1bc0cb3706b32ba1451cdd1921a91867e39873d4ef","REFERENCE"
"Dendropsophus_microcephalus_031.jpg","Hylidae\Dendropsophus\Dendropsophus microcephalus\Dendropsophus_microcephalus_031.jpg","Dendropsophus microcephalus","Hylidae","Dendropsophus","176bb14ee248bfe7137489ff9d1d56dc3b4e8db4267c7587ec84370596685e45","REFERENCE"
"Dendropsophus_microcephalus_032.jpg","Hylidae\Dendropsophus\Dendropsophus microcephalus\Dendropsophus_microcephalus_032.jpg","Dendropsophus microcephalus","Hylidae","Dendropsophus","9564a0c7a1ca76d9a83eaccc38bc09bce167005132c3ad85f864730121128180","REFERENCE"
"Dendropsophus_microcephalus_033.jpg","Hylidae\Dendropsophus\Dendropsophus microcephalus\Dendropsophus_microcephalus_033.jpg","Dendropsophus microcephalus","Hylidae","Dendropsophus","0e5dfd13574e2ce68190e977e9b757353d92f6f51d1e6ef6eed6ea006e2fffb7","REFERENCE"
"Dendropsophus_microcephalus_034.jpg","Hylidae\Dendropsophus\Dendropsophus microcephalus\Dendropsophus_microcephalus_034.jpg","Dendropsophus microcephalus","Hylidae","Dendropsophus","6a0b039c30407ea253d60d2c341335cb4135845d99e2d1fc686d7becc69c3371","REFERENCE"
"Dendropsophus_microcephalus_035.jpg","Hylidae\Dendropsophus\Dendropsophus microcephalus\Dendropsophus_microcephalus_035.jpg","Dendropsophus microcephalus","Hylidae","Dendropsophus","fdbb7e934d40706810af668cc15c46acb77e4855446deab26da188a248f00faa","REFERENCE"
"Dendropsophus_microcephalus_036.jpg","Hylidae\Dendropsophus\Dendropsophus microcephalus\Dendropsophus_microcephalus_036.jpg","Dendropsophus microcephalus","Hylidae","Dendropsophus","f3c75d175fafc1c47291e0191e6d8330bd31f86ce4d0cb48ee69de2f2f80b2a5","REFERENCE"
"Dendropsophus_microcephalus_037.jpg","Hylidae\Dendropsophus\Dendropsophus microcephalus\Dendropsophus_microcephalus_037.jpg","Dendropsophus microcephalus","Hylidae","Dendropsophus","def3039c238b1ff369909a3ea0f4e22f7c617b4a808009f41134cc9b1cc9c2a5","REFERENCE"
"Dendropsophus_microcephalus_038.jpg","Hylidae\Dendropsophus\Dendropsophus microcephalus\Dendropsophus_microcephalus_038.jpg","Dendropsophus microcephalus","Hylidae","Dendropsophus","1150608148dcab99349c355ad3af9905ada81e3847dcbf2c502f09b23e259580","REFERENCE"
"Dendropsophus_microcephalus_039.jpg","Hylidae\Dendropsophus\Dendropsophus microcephalus\Dendropsophus_microcephalus_039.jpg","Dendropsophus microcephalus","Hylidae","Dendropsophus","68533f58ac9c7445eb59b0d556ea57b033f2240cb4b2f7cf3693da1b716e0a69","REFERENCE"
"Dendropsophus_microcephalus_040.jpg","Hylidae\Dendropsophus\Dendropsophus microcephalus\Dendropsophus_microcephalus_040.jpg","Dendropsophus microcephalus","Hylidae","Dendropsophus","c2519988d7cccabac5e8d5862e89dfe21daf1c1eb714d8a2d0a01a97ba5cee79","REFERENCE"
"Dendropsophus_microcephalus_041.jpg","Hylidae\Dendropsophus\Dendropsophus microcephalus\Dendropsophus_microcephalus_041.jpg","Dendropsophus microcephalus","Hylidae","Dendropsophus","aa2cffaaab6ac323f41d08a1044b68f867a0666074fc9d853b11f658052275ed","REFERENCE"
"Dendropsophus_microcephalus_042.jpg","Hylidae\Dendropsophus\Dendropsophus microcephalus\Dendropsophus_microcephalus_042.jpg","Dendropsophus microcephalus","Hylidae","Dendropsophus","d7ec3297a32735eed494a58215419459a72f356690091442f232f385786d05ff","REFERENCE"
"Dendropsophus_microcephalus_043.jpg","Hylidae\Dendropsophus\Dendropsophus microcephalus\Dendropsophus_microcephalus_043.jpg","Dendropsophus microcephalus","Hylidae","Dendropsophus","f52b0f1bc592a05e1c46a65e34f9ed0f5e1ecbd5caec69940b011c4a31f2783e","REFERENCE"
"Dendropsophus_microcephalus_044.jpg","Hylidae\Dendropsophus\Dendropsophus microcephalus\Dendropsophus_microcephalus_044.jpg","Dendropsophus microcephalus","Hylidae","Dendropsophus","bc9f2d31516ea3b4e7518244e6d2216420bf13f4a6e21a4a9013dd64d48f255a","REFERENCE"
"Dendropsophus_microcephalus_045.jpg","Hylidae\Dendropsophus\Dendropsophus microcephalus\Dendropsophus_microcephalus_045.jpg","Dendropsophus microcephalus","Hylidae","Dendropsophus","acac44190804efed5b685395419529f77cc56f22842061a17fa030435bef1899","REFERENCE"
"Dendropsophus_microcephalus_046.jpg","Hylidae\Dendropsophus\Dendropsophus microcephalus\Dendropsophus_microcephalus_046.jpg","Dendropsophus microcephalus","Hylidae","Dendropsophus","5f3b52eb5a51ba0ea3802fb0e4e3a8f22d00c0b519338105259b0f6a5aaf97cd","REFERENCE"
"Dendropsophus_microcephalus_047.jpg","Hylidae\Dendropsophus\Dendropsophus microcephalus\Dendropsophus_microcephalus_047.jpg","Dendropsophus microcephalus","Hylidae","Dendropsophus","fcd76f6e47a8329462ddaef6b5bea86d9f7aceaf999ff9467383ff59a611ea0d","REFERENCE"
"Dendropsophus_microcephalus_048.jpg","Hylidae\Dendropsophus\Dendropsophus microcephalus\Dendropsophus_microcephalus_048.jpg","Dendropsophus microcephalus","Hylidae","Dendropsophus","2640ab320ea7d859f500046594a491f948101f760e9f28c580baea73a8c79192","REFERENCE"
"Dendropsophus_microcephalus_049.jpg","Hylidae\Dendropsophus\Dendropsophus microcephalus\Dendropsophus_microcephalus_049.jpg","Dendropsophus microcephalus","Hylidae","Dendropsophus","87fd29b5a1e65f84f6863cf4e86f90b2808d01b02a8adbd5997c2bd15a459267","REFERENCE"
"Dendropsophus_microcephalus_050.jpg","Hylidae\Dendropsophus\Dendropsophus microcephalus\Dendropsophus_microcephalus_050.jpg","Dendropsophus microcephalus","Hylidae","Dendropsophus","bf6117a4e7bf2f99ef9be5fb4f7ad33ec49fb258b6a907eeb69464255ce2172f","REFERENCE"
"Dendropsophus_microcephalus_051.jpg","Hylidae\Dendropsophus\Dendropsophus microcephalus\Dendropsophus_microcephalus_051.jpg","Dendropsophus microcephalus","Hylidae","Dendropsophus","be500c553f893f868e8e3682d2b4fcfa9dfb14be2a01cdcbd0310040a328b140","REFERENCE"
"Dendropsophus_microcephalus_052.jpg","Hylidae\Dendropsophus\Dendropsophus microcephalus\Dendropsophus_microcephalus_052.jpg","Dendropsophus microcephalus","Hylidae","Dendropsophus","3da5631d0e8b51f0ada8f8afe5709384452f4dfce30494c708223ec5248d1a2d","REFERENCE"
"Dendropsophus_microcephalus_053.jpg","Hylidae\Dendropsophus\Dendropsophus microcephalus\Dendropsophus_microcephalus_053.jpg","Dendropsophus microcephalus","Hylidae","Dendropsophus","70d24723da1d284dc8d0487e6b66949fe6723a7ad91b32d19585de29abbe39c0","REFERENCE"
"Dendropsophus_microcephalus_054.jpg","Hylidae\Dendropsophus\Dendropsophus microcephalus\Dendropsophus_microcephalus_054.jpg","Dendropsophus microcephalus","Hylidae","Dendropsophus","059e64cade87ba54eda4f1f49c94d673fd5e492ee54719e85b325bc6c50f57fb","REFERENCE"
"Dendropsophus_microcephalus_055.jpg","Hylidae\Dendropsophus\Dendropsophus microcephalus\Dendropsophus_microcephalus_055.jpg","Dendropsophus microcephalus","Hylidae","Dendropsophus","4b6fbb0c74e7778719ddf17db9b17bd569add1f3a77183a5988682a3d9af6338","REFERENCE"
"Dendropsophus_microcephalus_056.jpg","Hylidae\Dendropsophus\Dendropsophus microcephalus\Dendropsophus_microcephalus_056.jpg","Dendropsophus microcephalus","Hylidae","Dendropsophus","422d8863f2238b00faf5e5a6a89748d48334742ce0d30ee43670d3d091799edb","REFERENCE"
"Dendropsophus_microcephalus_057.jpg","Hylidae\Dendropsophus\Dendropsophus microcephalus\Dendropsophus_microcephalus_057.jpg","Dendropsophus microcephalus","Hylidae","Dendropsophus","279a0bae1bd2d7f91ac292d076733d9bf2f1752a8c9fe456c296ecbbde1ccd2c","REFERENCE"
"Dendropsophus_microcephalus_058.jpg","Hylidae\Dendropsophus\Dendropsophus microcephalus\Dendropsophus_microcephalus_058.jpg","Dendropsophus microcephalus","Hylidae","Dendropsophus","034cc4884c0c640572765be88399e79a3b661dafccf36ac0e3fd5001b71cc6e3","REFERENCE"
"Dendropsophus_microcephalus_059.jpg","Hylidae\Dendropsophus\Dendropsophus microcephalus\Dendropsophus_microcephalus_059.jpg","Dendropsophus microcephalus","Hylidae","Dendropsophus","569fbc23963aad861018d18dee6106385b00c9c2cd7a8dde7e489c579965f8bd","REFERENCE"
"Dendropsophus_microcephalus_060.jpg","Hylidae\Dendropsophus\Dendropsophus microcephalus\Dendropsophus_microcephalus_060.jpg","Dendropsophus microcephalus","Hylidae","Dendropsophus","0ee97c78232446c5c855cfe7d073e2ca2ef4f6e497c5c4dff3c7782a30a31309","REFERENCE"
"Dendropsophus_microcephalus_061.jpg","Hylidae\Dendropsophus\Dendropsophus microcephalus\Dendropsophus_microcephalus_061.jpg","Dendropsophus microcephalus","Hylidae","Dendropsophus","73dfee9cc3ff6bd999d42946739a3cf0acf962a532de9c6aaab65e102e9a7e8b","REFERENCE"
"Dendropsophus_microcephalus_062.jpg","Hylidae\Dendropsophus\Dendropsophus microcephalus\Dendropsophus_microcephalus_062.jpg","Dendropsophus microcephalus","Hylidae","Dendropsophus","948657931f2341af79708c0c5b9f7c764fd6a185e80f716e91228cdb9d276575","REFERENCE"
"Dendropsophus_microcephalus_063.jpg","Hylidae\Dendropsophus\Dendropsophus microcephalus\Dendropsophus_microcephalus_063.jpg","Dendropsophus microcephalus","Hylidae","Dendropsophus","05ad356d06036093e97fe951628aa7f9e85c1917c48cbf93ce522061da0f5969","REFERENCE"
"Dendropsophus_microcephalus_064.jpg","Hylidae\Dendropsophus\Dendropsophus microcephalus\Dendropsophus_microcephalus_064.jpg","Dendropsophus microcephalus","Hylidae","Dendropsophus","bd30ab4f293ab466b643300c46b20be030f090618855df43d179eb2d55c54c1c","REFERENCE"
"Dendropsophus_microcephalus_065.jpg","Hylidae\Dendropsophus\Dendropsophus microcephalus\Dendropsophus_microcephalus_065.jpg","Dendropsophus microcephalus","Hylidae","Dendropsophus","69d00cc15dfb294a33f17ae71e7f1710b96d594f2fc3ec3d2d79405a9bfda560","REFERENCE"
"Dendropsophus_microcephalus_066.jpg","Hylidae\Dendropsophus\Dendropsophus microcephalus\Dendropsophus_microcephalus_066.jpg","Dendropsophus microcephalus","Hylidae","Dendropsophus","4f0bf4f09b12091d5604bd28b990711565f98655b2c85ead852dcf5de328a95d","REFERENCE"
"Dendropsophus_microcephalus_067.jpg","Hylidae\Dendropsophus\Dendropsophus microcephalus\Dendropsophus_microcephalus_067.jpg","Dendropsophus microcephalus","Hylidae","Dendropsophus","39fe68a70c09526a454e16e650eb4c40e5dfffeb0b28c1ce597739d34ca5083d","REFERENCE"
"Dendropsophus_microcephalus_068.jpg","Hylidae\Dendropsophus\Dendropsophus microcephalus\Dendropsophus_microcephalus_068.jpg","Dendropsophus microcephalus","Hylidae","Dendropsophus","f08d8ac7ee68c913a5c2b135ef61a759b54e13fceeb47730f5d1d535b7a608a2","REFERENCE"
"Dendropsophus_microcephalus_069.jpg","Hylidae\Dendropsophus\Dendropsophus microcephalus\Dendropsophus_microcephalus_069.jpg","Dendropsophus microcephalus","Hylidae","Dendropsophus","3a031eb645dd532a6431ce6fb3acff6f6d74f61bfeb76e716a64f91e0a248bbd","REFERENCE"
"Dendropsophus_microcephalus_070.jpg","Hylidae\Dendropsophus\Dendropsophus microcephalus\Dendropsophus_microcephalus_070.jpg","Dendropsophus microcephalus","Hylidae","Dendropsophus","6847f71edc874353be4bc69b03f239c57427dd63655035b7fe901962b054a108","REFERENCE"
"Dendropsophus_microcephalus_071.jpg","Hylidae\Dendropsophus\Dendropsophus microcephalus\Dendropsophus_microcephalus_071.jpg","Dendropsophus microcephalus","Hylidae","Dendropsophus","89946d7d7770ee8e2ec0c92fd57c0e624716863c4da14f965c7c97d9c311d847","REFERENCE"
"Dendropsophus_microcephalus_072.jpg","Hylidae\Dendropsophus\Dendropsophus microcephalus\Dendropsophus_microcephalus_072.jpg","Dendropsophus microcephalus","Hylidae","Dendropsophus","02a88d5493346f8c80f0cc37a61401b5731a0ea97c24d1f82208a6726ac5b3e9","REFERENCE"
"Dendropsophus_microcephalus_073.jpg","Hylidae\Dendropsophus\Dendropsophus microcephalus\Dendropsophus_microcephalus_073.jpg","Dendropsophus microcephalus","Hylidae","Dendropsophus","a9f2b0227957c32e22033ba5db6dbb05af0d04d8e15eaeb489d46bd3a244c2c7","REFERENCE"
"Dendropsophus_microcephalus_074.jpg","Hylidae\Dendropsophus\Dendropsophus microcephalus\Dendropsophus_microcephalus_074.jpg","Dendropsophus microcephalus","Hylidae","Dendropsophus","ad2f921b6a72884fee8b9e42e09316fd27cf252c9d35d2661b57d49844edd265","REFERENCE"
"Dendropsophus_microcephalus_075.jpg","Hylidae\Dendropsophus\Dendropsophus microcephalus\Dendropsophus_microcephalus_075.jpg","Dendropsophus microcephalus","Hylidae","Dendropsophus","9cbc90ff08dfe325ee736943697c6f5a7e1a1874151e0089ea72d6a5c2920221","REFERENCE"
"Dendropsophus_microcephalus_076.jpg","Hylidae\Dendropsophus\Dendropsophus microcephalus\Dendropsophus_microcephalus_076.jpg","Dendropsophus microcephalus","Hylidae","Dendropsophus","a1fed689f1e87d5f99f732c4ce50f94514919da40c40313259abfdfcb46e7541","REFERENCE"
"Dendropsophus_microcephalus_077.jpg","Hylidae\Dendropsophus\Dendropsophus microcephalus\Dendropsophus_microcephalus_077.jpg","Dendropsophus microcephalus","Hylidae","Dendropsophus","44434f19c055d8bd8d4cedbf04c6064685b6f59fe62de7d24ecca062abf90c2e","REFERENCE"
"Dendropsophus_microcephalus_078.jpg","Hylidae\Dendropsophus\Dendropsophus microcephalus\Dendropsophus_microcephalus_078.jpg","Dendropsophus microcephalus","Hylidae","Dendropsophus","40b01d1ee5eff8c72795fbf8ea54ac3fbe3cbb11df99f905ef5d801779ef38c3","REFERENCE"
"Dendropsophus_microcephalus_079.jpg","Hylidae\Dendropsophus\Dendropsophus microcephalus\Dendropsophus_microcephalus_079.jpg","Dendropsophus microcephalus","Hylidae","Dendropsophus","1e3537e3e9acbb636ba0147cee1b2c9fe7ec005a2f78c6c5826b129dd39a6aee","REFERENCE"
"Dendropsophus_microcephalus_080.jpg","Hylidae\Dendropsophus\Dendropsophus microcephalus\Dendropsophus_microcephalus_080.jpg","Dendropsophus microcephalus","Hylidae","Dendropsophus","187ad1e536fd9216232186b2e00b3d5267186e43c7da0df2bd5e87451ac199e1","REFERENCE"
"Dendropsophus_microcephalus_081.jpg","Hylidae\Dendropsophus\Dendropsophus microcephalus\Dendropsophus_microcephalus_081.jpg","Dendropsophus microcephalus","Hylidae","Dendropsophus","d67f555b1f76626eacc369f9c576ea5f8b8a2993cb15fbde31bfd88b7b4ff137","REFERENCE"
"Hyloscirtus_palmeri_001.jpg","Hylidae\Hyloscirtus\Hyloscirtus palmeri\Hyloscirtus_palmeri_001.jpg","Hyloscirtus palmeri","Hylidae","Hyloscirtus","b5f7ba7ed71c57e5e16387920e13669cfcbdc2b492ed673fac06bd448e7ab06a","REFERENCE"
"Hyloscirtus_palmeri_002.jpg","Hylidae\Hyloscirtus\Hyloscirtus palmeri\Hyloscirtus_palmeri_002.jpg","Hyloscirtus palmeri","Hylidae","Hyloscirtus","8e54c1d15d13d200130f4ec42ab60e242868313ceb7e5a065fb52e295dc98d00","REFERENCE"
"Hyloscirtus_palmeri_003.jpg","Hylidae\Hyloscirtus\Hyloscirtus palmeri\Hyloscirtus_palmeri_003.jpg","Hyloscirtus palmeri","Hylidae","Hyloscirtus","a2c3778c5d0aa68ab959615ace3787b63163b3a065160fbbb48b3218d4226110","REFERENCE"
"Hyloscirtus_palmeri_004.jpg","Hylidae\Hyloscirtus\Hyloscirtus palmeri\Hyloscirtus_palmeri_004.jpg","Hyloscirtus palmeri","Hylidae","Hyloscirtus","ce17cfbe9cedb9f2616f2ea14bdef020f29087f63c6d87e6594474b5e2d084e5","REFERENCE"
"Hyloscirtus_palmeri_005.jpg","Hylidae\Hyloscirtus\Hyloscirtus palmeri\Hyloscirtus_palmeri_005.jpg","Hyloscirtus palmeri","Hylidae","Hyloscirtus","9fdf58941b68e2ba8a20b4c8ef90b8c753d3360d89bbe1e16707dc8dc520034b","REFERENCE"
"Hyloscirtus_palmeri_006.jpg","Hylidae\Hyloscirtus\Hyloscirtus palmeri\Hyloscirtus_palmeri_006.jpg","Hyloscirtus palmeri","Hylidae","Hyloscirtus","6389e24c07be1ed23f2c42dabe2d22a1b08a3f8c3ac7b79968046d7c0a1fe9d3","REFERENCE"
"Hyloscirtus_palmeri_007.jpg","Hylidae\Hyloscirtus\Hyloscirtus palmeri\Hyloscirtus_palmeri_007.jpg","Hyloscirtus palmeri","Hylidae","Hyloscirtus","49698d5a9e98535d066cfb93dbdf8d6cef66821f0bd0bff91dee260ab6ddebef","REFERENCE"
"Hyloscirtus_palmeri_008.jpg","Hylidae\Hyloscirtus\Hyloscirtus palmeri\Hyloscirtus_palmeri_008.jpg","Hyloscirtus palmeri","Hylidae","Hyloscirtus","9b9358880fda53cc276b167343a1bb0c9c7879d5400aba52640eade5c02b5179","REFERENCE"
"Hyloscirtus_palmeri_009.jpg","Hylidae\Hyloscirtus\Hyloscirtus palmeri\Hyloscirtus_palmeri_009.jpg","Hyloscirtus palmeri","Hylidae","Hyloscirtus","eabd6b3ac31ea04091d43f41c878758440e90eeeb1f16eada7e4ac5e7ed250be","REFERENCE"
"Hyloscirtus_palmeri_010.jpg","Hylidae\Hyloscirtus\Hyloscirtus palmeri\Hyloscirtus_palmeri_010.jpg","Hyloscirtus palmeri","Hylidae","Hyloscirtus","a951c026e11ee2d2f026a6ada1768ce5435edaa5170d061f9faa633c346b6e4a","REFERENCE"
"Hyloscirtus_palmeri_011.jpg","Hylidae\Hyloscirtus\Hyloscirtus palmeri\Hyloscirtus_palmeri_011.jpg","Hyloscirtus palmeri","Hylidae","Hyloscirtus","ad26576dfa60b8ab8b2b01f5f870152657342e038474e4fa1eb0af1cc46886ed","REFERENCE"
"Hyloscirtus_palmeri_012.jpg","Hylidae\Hyloscirtus\Hyloscirtus palmeri\Hyloscirtus_palmeri_012.jpg","Hyloscirtus palmeri","Hylidae","Hyloscirtus","3635a1ecc988350395dfd46eb6f523d505f349689fca5ac30ced38b2a38c26d2","REFERENCE"
"Hyloscirtus_palmeri_013.jpg","Hylidae\Hyloscirtus\Hyloscirtus palmeri\Hyloscirtus_palmeri_013.jpg","Hyloscirtus palmeri","Hylidae","Hyloscirtus","c300380718fa350afbb172d9f78f5a73b3e21c7ed1dabd350a8254cc1428deaa","REFERENCE"
"Hyloscirtus_palmeri_014.jpg","Hylidae\Hyloscirtus\Hyloscirtus palmeri\Hyloscirtus_palmeri_014.jpg","Hyloscirtus palmeri","Hylidae","Hyloscirtus","4279c4e4e5b652bf333e61fcd4d51770b30c10c48e22bbd84f3add43a6ef19bf","REFERENCE"
"Hyloscirtus_palmeri_015.jpg","Hylidae\Hyloscirtus\Hyloscirtus palmeri\Hyloscirtus_palmeri_015.jpg","Hyloscirtus palmeri","Hylidae","Hyloscirtus","0d02a768f50de3ba851896340183790809cdec15bef589bd5654ad0296110a2b","REFERENCE"
"Hyloscirtus_palmeri_016.jpg","Hylidae\Hyloscirtus\Hyloscirtus palmeri\Hyloscirtus_palmeri_016.jpg","Hyloscirtus palmeri","Hylidae","Hyloscirtus","240cea8da595fb132da44937d44c877264783c3e1f5c3167f2fd54fed75fb726","REFERENCE"
"Hyloscirtus_palmeri_017.jpg","Hylidae\Hyloscirtus\Hyloscirtus palmeri\Hyloscirtus_palmeri_017.jpg","Hyloscirtus palmeri","Hylidae","Hyloscirtus","897d21380afe2ab114511af1303fefb886d616b88225ff84ebc7628fc4d267ee","REFERENCE"
"Hyloscirtus_palmeri_018.jpg","Hylidae\Hyloscirtus\Hyloscirtus palmeri\Hyloscirtus_palmeri_018.jpg","Hyloscirtus palmeri","Hylidae","Hyloscirtus","92dde4444fd8b01e1a77d9488209bbd3345c6573bbb12cc02fd9343b69c898d7","REFERENCE"
"Hyloscirtus_palmeri_019.jpg","Hylidae\Hyloscirtus\Hyloscirtus palmeri\Hyloscirtus_palmeri_019.jpg","Hyloscirtus palmeri","Hylidae","Hyloscirtus","74a16645068b1dda28ae1b2dc44435f851952810f55c643cbde6381feff4cd08","REFERENCE"
"Hyloscirtus_palmeri_020.jpg","Hylidae\Hyloscirtus\Hyloscirtus palmeri\Hyloscirtus_palmeri_020.jpg","Hyloscirtus palmeri","Hylidae","Hyloscirtus","c398f70bbd3bdfbd55891914f6d6d71135e98db0b2b9b6f5155e3df039e5608b","REFERENCE"
"Hyloscirtus_palmeri_021.jpg","Hylidae\Hyloscirtus\Hyloscirtus palmeri\Hyloscirtus_palmeri_021.jpg","Hyloscirtus palmeri","Hylidae","Hyloscirtus","aa84ee5030fec846aa059e2785b72c61523bebd0f11c2e59b526744abc0e6ed7","REFERENCE"
"Hyloscirtus_palmeri_022.jpg","Hylidae\Hyloscirtus\Hyloscirtus palmeri\Hyloscirtus_palmeri_022.jpg","Hyloscirtus palmeri","Hylidae","Hyloscirtus","9959e26cc1bfc471e9d354366c6b80c5ffd1a560cb5f32517ad1a95ad5119dfc","REFERENCE"
"Hyloscirtus_palmeri_023.jpg","Hylidae\Hyloscirtus\Hyloscirtus palmeri\Hyloscirtus_palmeri_023.jpg","Hyloscirtus palmeri","Hylidae","Hyloscirtus","5aeffeaaab0f3f90ea82977bd6f366ab00a9415143fefec78250b228c68b3daf","REFERENCE"
"Hyloscirtus_palmeri_024.jpg","Hylidae\Hyloscirtus\Hyloscirtus palmeri\Hyloscirtus_palmeri_024.jpg","Hyloscirtus palmeri","Hylidae","Hyloscirtus","e2955baaa8f5015cb40238a54db62cc291e33571991d1b24168dc4d3ac56c30e","REFERENCE"
"Hyloscirtus_palmeri_025.jpg","Hylidae\Hyloscirtus\Hyloscirtus palmeri\Hyloscirtus_palmeri_025.jpg","Hyloscirtus palmeri","Hylidae","Hyloscirtus","5262eb69a1e547e0ebd46682248fd81e145f4797ae140186e062a50ef142adc3","REFERENCE"
"Hyloscirtus_palmeri_026.jpg","Hylidae\Hyloscirtus\Hyloscirtus palmeri\Hyloscirtus_palmeri_026.jpg","Hyloscirtus palmeri","Hylidae","Hyloscirtus","a492fdc47f07ae41e7966fa8c014d6d3b17b24982e0736845248661dba7eeec5","REFERENCE"
"Hyloscirtus_palmeri_027.jpg","Hylidae\Hyloscirtus\Hyloscirtus palmeri\Hyloscirtus_palmeri_027.jpg","Hyloscirtus palmeri","Hylidae","Hyloscirtus","efccfab242e0b5da0ec40e1c0d3079dd0966a77f52998d4ab3497eaffcfa9894","REFERENCE"
"Hyloscirtus_palmeri_028.jpg","Hylidae\Hyloscirtus\Hyloscirtus palmeri\Hyloscirtus_palmeri_028.jpg","Hyloscirtus palmeri","Hylidae","Hyloscirtus","05ff03ffa22d97eb3b706a5d5f7832c323abcc6187e7d9f6cdb15e4326a5e534","REFERENCE"
"Hyloscirtus_palmeri_029.jpg","Hylidae\Hyloscirtus\Hyloscirtus palmeri\Hyloscirtus_palmeri_029.jpg","Hyloscirtus palmeri","Hylidae","Hyloscirtus","b2d1f678a0dfb19df69113d87b7ca916056149d63a47c873dc26596d27c87f19","REFERENCE"
"Hyloscirtus_palmeri_030.jpg","Hylidae\Hyloscirtus\Hyloscirtus palmeri\Hyloscirtus_palmeri_030.jpg","Hyloscirtus palmeri","Hylidae","Hyloscirtus","16714446212158a6231c4d8bed941b92858b2748dcb39615eadee10ff1669b1d","REFERENCE"
"Hyloscirtus_palmeri_031.jpg","Hylidae\Hyloscirtus\Hyloscirtus palmeri\Hyloscirtus_palmeri_031.jpg","Hyloscirtus palmeri","Hylidae","Hyloscirtus","eb959d49e26dc9286d1e71c767d4edb95f76580af01a4808cb56bb50fa03c8c2","REFERENCE"
"Hyloscirtus_palmeri_032.jpg","Hylidae\Hyloscirtus\Hyloscirtus palmeri\Hyloscirtus_palmeri_032.jpg","Hyloscirtus palmeri","Hylidae","Hyloscirtus","0e32b30fbcf503240381d8761cc79342f21b8c4ce8a87f79605f940e2a2af1ad","REFERENCE"
"Hyloscirtus_palmeri_033.jpg","Hylidae\Hyloscirtus\Hyloscirtus palmeri\Hyloscirtus_palmeri_033.jpg","Hyloscirtus palmeri","Hylidae","Hyloscirtus","89cb056eecb7059b104a3733dcf580e165a2c98d6fc5715f9990fdc99b201273","REFERENCE"
"Hyloscirtus_palmeri_034.jpg","Hylidae\Hyloscirtus\Hyloscirtus palmeri\Hyloscirtus_palmeri_034.jpg","Hyloscirtus palmeri","Hylidae","Hyloscirtus","7fdc13f83f213120888d09dfe0dac56aad3ddd20be367fe87065e5a6e805599a","REFERENCE"
"Hyloscirtus_palmeri_035.jpg","Hylidae\Hyloscirtus\Hyloscirtus palmeri\Hyloscirtus_palmeri_035.jpg","Hyloscirtus palmeri","Hylidae","Hyloscirtus","0643b6a5d023a822b7a464f233a748918e13e582e64841758309252716f47b8a","REFERENCE"
"Hyloscirtus_palmeri_036.jpg","Hylidae\Hyloscirtus\Hyloscirtus palmeri\Hyloscirtus_palmeri_036.jpg","Hyloscirtus palmeri","Hylidae","Hyloscirtus","93769ca8205e5f9959a8175a38526fab3d42b7b8b13c788556c899e7811cb590","REFERENCE"
"Hyloscirtus_palmeri_037.jpg","Hylidae\Hyloscirtus\Hyloscirtus palmeri\Hyloscirtus_palmeri_037.jpg","Hyloscirtus palmeri","Hylidae","Hyloscirtus","f1fd9a0d7f5114ea630587df2337a43a01bcae5cc1df3a9edf494c5a448fca3b","REFERENCE"
"Hyloscirtus_palmeri_038.jpg","Hylidae\Hyloscirtus\Hyloscirtus palmeri\Hyloscirtus_palmeri_038.jpg","Hyloscirtus palmeri","Hylidae","Hyloscirtus","505b7979e4903d94391beef167e1a409dd133a34cf65e216b15588bb21fc5d26","REFERENCE"
"Hyloscirtus_palmeri_039.jpg","Hylidae\Hyloscirtus\Hyloscirtus palmeri\Hyloscirtus_palmeri_039.jpg","Hyloscirtus palmeri","Hylidae","Hyloscirtus","7c0435f4495060f0a2f7c4b444c6118a818b2b0d9f4c996d1fd5485f4cd18419","REFERENCE"
"Hyloscirtus_palmeri_040.jpg","Hylidae\Hyloscirtus\Hyloscirtus palmeri\Hyloscirtus_palmeri_040.jpg","Hyloscirtus palmeri","Hylidae","Hyloscirtus","f4e7e09016a6dd266848b71e9590681955dea7a876ffdfffc51a54e9b920550a","REFERENCE"
"Hyloscirtus_palmeri_041.jpg","Hylidae\Hyloscirtus\Hyloscirtus palmeri\Hyloscirtus_palmeri_041.jpg","Hyloscirtus palmeri","Hylidae","Hyloscirtus","8dcfdc73dc0142a8f37c7961fd95014db6de5b363d1a86a3b5faa5278b5b74a3","REFERENCE"
"Hyloscirtus_palmeri_042.jpg","Hylidae\Hyloscirtus\Hyloscirtus palmeri\Hyloscirtus_palmeri_042.jpg","Hyloscirtus palmeri","Hylidae","Hyloscirtus","11cc81e834273b5532b3d15e0d1846d67a7cdd424a0919677ae7329a05c58dd4","REFERENCE"
"Hyloscirtus_palmeri_043.jpg","Hylidae\Hyloscirtus\Hyloscirtus palmeri\Hyloscirtus_palmeri_043.jpg","Hyloscirtus palmeri","Hylidae","Hyloscirtus","df7f63c3db9984888737c5b5512d15feebe6daa9d2c98fcb6e125b13d61f9528","REFERENCE"
"Hyloscirtus_palmeri_044.jpg","Hylidae\Hyloscirtus\Hyloscirtus palmeri\Hyloscirtus_palmeri_044.jpg","Hyloscirtus palmeri","Hylidae","Hyloscirtus","19e6fdee7fa214d44a2a460424d5a52bc1336768bf606b0a7052a627d7d421a9","REFERENCE"
"Hyloscirtus_palmeri_045.jpg","Hylidae\Hyloscirtus\Hyloscirtus palmeri\Hyloscirtus_palmeri_045.jpg","Hyloscirtus palmeri","Hylidae","Hyloscirtus","795ebb6932b38e05c9fc612c474142eabee6db62a60e8dc863733c5769c6b78b","REFERENCE"
"Hyloscirtus_palmeri_046.jpg","Hylidae\Hyloscirtus\Hyloscirtus palmeri\Hyloscirtus_palmeri_046.jpg","Hyloscirtus palmeri","Hylidae","Hyloscirtus","b62c2cc845617cbcfc8534eb2e974073b308a4c052ea1170a998e5fec481357f","REFERENCE"
"Hyloscirtus_palmeri_047.jpg","Hylidae\Hyloscirtus\Hyloscirtus palmeri\Hyloscirtus_palmeri_047.jpg","Hyloscirtus palmeri","Hylidae","Hyloscirtus","d51257ca7a4e4b0991da5e061457dc4ca03451a4d985ab26dbf1d118d23bd924","REFERENCE"
"Hyloscirtus_palmeri_048.jpg","Hylidae\Hyloscirtus\Hyloscirtus palmeri\Hyloscirtus_palmeri_048.jpg","Hyloscirtus palmeri","Hylidae","Hyloscirtus","90c4c3bd93edb532ab7df4df35060e0f2a57585374867050e184dab734adfca3","REFERENCE"
"Hyloscirtus_palmeri_049.jpg","Hylidae\Hyloscirtus\Hyloscirtus palmeri\Hyloscirtus_palmeri_049.jpg","Hyloscirtus palmeri","Hylidae","Hyloscirtus","f9947218340d3827c87f6c742f83394c62d591a564cce63a883cf27b1dce59f7","REFERENCE"
"Hyloscirtus_palmeri_050.jpg","Hylidae\Hyloscirtus\Hyloscirtus palmeri\Hyloscirtus_palmeri_050.jpg","Hyloscirtus palmeri","Hylidae","Hyloscirtus","5115f995514c1f5190daad167c88050f6a0d21e390d548a23d203acd643ff5ae","REFERENCE"
"Hyloscirtus_palmeri_051.jpg","Hylidae\Hyloscirtus\Hyloscirtus palmeri\Hyloscirtus_palmeri_051.jpg","Hyloscirtus palmeri","Hylidae","Hyloscirtus","ad827c35c5c8f2d03ec66d9d0b729eee9c4fd03ca7eb96769920d6b458a6a14c","REFERENCE"
"Hyloscirtus_palmeri_052.jpg","Hylidae\Hyloscirtus\Hyloscirtus palmeri\Hyloscirtus_palmeri_052.jpg","Hyloscirtus palmeri","Hylidae","Hyloscirtus","8ce01ad76cca23d9f57d457a524c094291763deeac5750f0dd0e87f0480d575f","REFERENCE"
"Hyloscirtus_palmeri_053.jpg","Hylidae\Hyloscirtus\Hyloscirtus palmeri\Hyloscirtus_palmeri_053.jpg","Hyloscirtus palmeri","Hylidae","Hyloscirtus","bcd55bdb2b7400b16e8d6c0bdbe4e362f30fdb8697bbafa4092bb4d01d738e3f","REFERENCE"
"Hyloscirtus_palmeri_054.jpg","Hylidae\Hyloscirtus\Hyloscirtus palmeri\Hyloscirtus_palmeri_054.jpg","Hyloscirtus palmeri","Hylidae","Hyloscirtus","7aff027227abe612bcadb815fb4707b7ffe18f9d79b22da98bed68bc88210ce7","REFERENCE"
"Hyloscirtus_palmeri_055.jpg","Hylidae\Hyloscirtus\Hyloscirtus palmeri\Hyloscirtus_palmeri_055.jpg","Hyloscirtus palmeri","Hylidae","Hyloscirtus","eed04bc4602dfd107f72c7ce1d13a8f679f2bc5aefd68f0b2527d25410b28d0c","REFERENCE"
"Hyloscirtus_palmeri_056.jpg","Hylidae\Hyloscirtus\Hyloscirtus palmeri\Hyloscirtus_palmeri_056.jpg","Hyloscirtus palmeri","Hylidae","Hyloscirtus","761b60fd3bd2d50ea8ccef02af77ab3d821473e9872d7315813d44368aa4a946","REFERENCE"
"Hyloscirtus_palmeri_057.jpg","Hylidae\Hyloscirtus\Hyloscirtus palmeri\Hyloscirtus_palmeri_057.jpg","Hyloscirtus palmeri","Hylidae","Hyloscirtus","8c57c820ed3bdb30eee8d88beec4d7c6396a37a5874dbb2c64846069482d85de","REFERENCE"
"Hyloscirtus_palmeri_058.jpg","Hylidae\Hyloscirtus\Hyloscirtus palmeri\Hyloscirtus_palmeri_058.jpg","Hyloscirtus palmeri","Hylidae","Hyloscirtus","d187b98ec224c7498e39b24ca0ee0ccf79e1e79f4f21d3ce2e41b9731a325546","REFERENCE"
"Hyloscirtus_palmeri_059.jpg","Hylidae\Hyloscirtus\Hyloscirtus palmeri\Hyloscirtus_palmeri_059.jpg","Hyloscirtus palmeri","Hylidae","Hyloscirtus","503490a6a4abf6ea00aa0d251388ef3a2577e8ca8dc00248aaf9a082a12a6d00","REFERENCE"
"Hyloscirtus_palmeri_060.jpg","Hylidae\Hyloscirtus\Hyloscirtus palmeri\Hyloscirtus_palmeri_060.jpg","Hyloscirtus palmeri","Hylidae","Hyloscirtus","2d4fc3518178033ecfae354d584299ae0c787af75adbd397a8b4b9c5433bd56f","REFERENCE"
"Hyloscirtus_palmeri_061.jpg","Hylidae\Hyloscirtus\Hyloscirtus palmeri\Hyloscirtus_palmeri_061.jpg","Hyloscirtus palmeri","Hylidae","Hyloscirtus","24888f91e36a495ed796cc38559070bb80dda9398f44c29514d90a9dc9745529","REFERENCE"
"Hyloscirtus_palmeri_062.jpg","Hylidae\Hyloscirtus\Hyloscirtus palmeri\Hyloscirtus_palmeri_062.jpg","Hyloscirtus palmeri","Hylidae","Hyloscirtus","5113cc501aff2b48b35265b42a21ec86096191d52294b9506da7f4d211ff12ae","REFERENCE"
"Hyloscirtus_palmeri_063.jpg","Hylidae\Hyloscirtus\Hyloscirtus palmeri\Hyloscirtus_palmeri_063.jpg","Hyloscirtus palmeri","Hylidae","Hyloscirtus","77b271de80671774a1c4134e9da1c2f55f5be49c390cf05f8134d1d8bdce46fb","REFERENCE"
"Hyloscirtus_palmeri_064.jpg","Hylidae\Hyloscirtus\Hyloscirtus palmeri\Hyloscirtus_palmeri_064.jpg","Hyloscirtus palmeri","Hylidae","Hyloscirtus","7172b125752b06cb8a92c2cc1cc4a62db55e48049af3e00cb9e128400ac04003","REFERENCE"
"Hyloscirtus_palmeri_065.jpg","Hylidae\Hyloscirtus\Hyloscirtus palmeri\Hyloscirtus_palmeri_065.jpg","Hyloscirtus palmeri","Hylidae","Hyloscirtus","55585d16234b4baf6c3059e4e48a122cfc6ca690ddefb9f7cdab558781467a99","REFERENCE"
"Hyloscirtus_palmeri_066.jpg","Hylidae\Hyloscirtus\Hyloscirtus palmeri\Hyloscirtus_palmeri_066.jpg","Hyloscirtus palmeri","Hylidae","Hyloscirtus","fb8c84b70d7e5d987638b708b7bcfe9e4e8173b7ecb2d64ae2f1195016a27bd3","REFERENCE"
"Hyloscirtus_palmeri_067.jpg","Hylidae\Hyloscirtus\Hyloscirtus palmeri\Hyloscirtus_palmeri_067.jpg","Hyloscirtus palmeri","Hylidae","Hyloscirtus","9f91f135807643bba77b0bb3377e7c7b5e3f8e68ac6420d7a8918a7eef36080b","REFERENCE"
"Hyloscirtus_palmeri_068.jpg","Hylidae\Hyloscirtus\Hyloscirtus palmeri\Hyloscirtus_palmeri_068.jpg","Hyloscirtus palmeri","Hylidae","Hyloscirtus","79ebdc0351896b4f1ae3e1cbe83eadb0017788ab0ba7ac057207cc4f95e45c69","REFERENCE"
"Hyloscirtus_palmeri_069.jpg","Hylidae\Hyloscirtus\Hyloscirtus palmeri\Hyloscirtus_palmeri_069.jpg","Hyloscirtus palmeri","Hylidae","Hyloscirtus","dff98aef62123210f788c8aa97f9cb372a83c0fde182b742fcf353688a4fe51a","REFERENCE"
"Hyloscirtus_palmeri_070.jpg","Hylidae\Hyloscirtus\Hyloscirtus palmeri\Hyloscirtus_palmeri_070.jpg","Hyloscirtus palmeri","Hylidae","Hyloscirtus","e865d41e13734ff97bc5b1b4ace82dd8d1f7c86369c867a734be4332b58663e1","REFERENCE"
"Hyloscirtus_palmeri_071.jpg","Hylidae\Hyloscirtus\Hyloscirtus palmeri\Hyloscirtus_palmeri_071.jpg","Hyloscirtus palmeri","Hylidae","Hyloscirtus","65c4e6615100d0670f6833c10904d18816bfff12e61f198b56fa97ddec759759","REFERENCE"
"Hyloscirtus_palmeri_072.jpg","Hylidae\Hyloscirtus\Hyloscirtus palmeri\Hyloscirtus_palmeri_072.jpg","Hyloscirtus palmeri","Hylidae","Hyloscirtus","7a79c45d8c2a9a9f96b7ebe8988ea88f4f23266abc729553719a3301b74694c0","REFERENCE"
"Hyloscirtus_palmeri_073.jpg","Hylidae\Hyloscirtus\Hyloscirtus palmeri\Hyloscirtus_palmeri_073.jpg","Hyloscirtus palmeri","Hylidae","Hyloscirtus","2b5351ebb6df406feb623d06ca3d48606d667cd22d90af6708e30c0d0ade9c64","REFERENCE"
"Hyloscirtus_palmeri_074.jpg","Hylidae\Hyloscirtus\Hyloscirtus palmeri\Hyloscirtus_palmeri_074.jpg","Hyloscirtus palmeri","Hylidae","Hyloscirtus","2e71b65e44cfee436ea52ff41a85588513ef7a9d9f5c5893317198dca5c3ca88","REFERENCE"
"Hyloscirtus_palmeri_075.jpg","Hylidae\Hyloscirtus\Hyloscirtus palmeri\Hyloscirtus_palmeri_075.jpg","Hyloscirtus palmeri","Hylidae","Hyloscirtus","6f59b68a3a52dd9aa24df63ad9fef991c4187dd38e2efb523398504f95001dfc","REFERENCE"
"Hyloscirtus_palmeri_076.jpg","Hylidae\Hyloscirtus\Hyloscirtus palmeri\Hyloscirtus_palmeri_076.jpg","Hyloscirtus palmeri","Hylidae","Hyloscirtus","a508f11052983c81cff35bc6fbb17eec7bcb2d1a01765c3b862e3927203ba474","REFERENCE"
"Hyloscirtus_palmeri_077.jpg","Hylidae\Hyloscirtus\Hyloscirtus palmeri\Hyloscirtus_palmeri_077.jpg","Hyloscirtus palmeri","Hylidae","Hyloscirtus","b8b5508b42c3acb87c0133f60adf7bf859906ffe5b0b0a1b3f3c5a3beed87f91","REFERENCE"
"Hyloscirtus_palmeri_078.jpg","Hylidae\Hyloscirtus\Hyloscirtus palmeri\Hyloscirtus_palmeri_078.jpg","Hyloscirtus palmeri","Hylidae","Hyloscirtus","bf3755731e81392086f4b2a788f1407b1493796e1e53e32956f247c8670a8e0c","REFERENCE"
"Hyloscirtus_palmeri_079.jpg","Hylidae\Hyloscirtus\Hyloscirtus palmeri\Hyloscirtus_palmeri_079.jpg","Hyloscirtus palmeri","Hylidae","Hyloscirtus","7f8357fe5a386c642028432f675b30914d39fae42d58a9a284c9a821135b659b","REFERENCE"
"Hyloscirtus_palmeri_080.jpg","Hylidae\Hyloscirtus\Hyloscirtus palmeri\Hyloscirtus_palmeri_080.jpg","Hyloscirtus palmeri","Hylidae","Hyloscirtus","9166b3f8df1b46699324e038592b19bc07dd1b0d3be47a29591b682874ef24c1","REFERENCE"
"Hyloscirtus_palmeri_081.jpg","Hylidae\Hyloscirtus\Hyloscirtus palmeri\Hyloscirtus_palmeri_081.jpg","Hyloscirtus palmeri","Hylidae","Hyloscirtus","02a4545752f220d86ce40636a236d9535253d1beac7ebd110c362e3de6422e28","REFERENCE"
"Hyloscirtus_palmeri_082.jpg","Hylidae\Hyloscirtus\Hyloscirtus palmeri\Hyloscirtus_palmeri_082.jpg","Hyloscirtus palmeri","Hylidae","Hyloscirtus","2c3b621e8acd71288d95ac41c74f7e502832a52db5c790a2aca3f31dbc397820","REFERENCE"
"Hyloscirtus_palmeri_083.jpg","Hylidae\Hyloscirtus\Hyloscirtus palmeri\Hyloscirtus_palmeri_083.jpg","Hyloscirtus palmeri","Hylidae","Hyloscirtus","16c541ade3a441a23ba422411397ab09cc7d9bc8478f5c11dd49ec678392b6b0","REFERENCE"
"Hyloscirtus_palmeri_084.jpg","Hylidae\Hyloscirtus\Hyloscirtus palmeri\Hyloscirtus_palmeri_084.jpg","Hyloscirtus palmeri","Hylidae","Hyloscirtus","8b5ef573853ebc2540d61e315ff60b4bea04143d9ff391b42f83370d8cc51bf8","REFERENCE"
"Leucostethus_fraterdanieli_001.jpg","Dendrobatidae\Leucostethus\Leucostethus fraterdanieli\Leucostethus_fraterdanieli_001.jpg","Leucostethus fraterdanieli","Dendrobatidae","Leucostethus","9033f638a5b7546e03904c43963df4c64f733a44456758d3e8a335df937388c4","REFERENCE"
"Leucostethus_fraterdanieli_002.jpg","Dendrobatidae\Leucostethus\Leucostethus fraterdanieli\Leucostethus_fraterdanieli_002.jpg","Leucostethus fraterdanieli","Dendrobatidae","Leucostethus","5e22e9777c7cc158c1ab4ee65d87bf125cf8b39f9969d3051ed2669f1d17da76","REFERENCE"
"Leucostethus_fraterdanieli_003.jpg","Dendrobatidae\Leucostethus\Leucostethus fraterdanieli\Leucostethus_fraterdanieli_003.jpg","Leucostethus fraterdanieli","Dendrobatidae","Leucostethus","718a0b8038b431ef8108ec6a0a96b9c229bb1ac40e2aa47d0908c69925b00773","REFERENCE"
"Leucostethus_fraterdanieli_004.jpg","Dendrobatidae\Leucostethus\Leucostethus fraterdanieli\Leucostethus_fraterdanieli_004.jpg","Leucostethus fraterdanieli","Dendrobatidae","Leucostethus","34faef8eae06922a0d308e78d45377ca98da35dc1e15103cd434849c65537a22","REFERENCE"
"Leucostethus_fraterdanieli_005.jpg","Dendrobatidae\Leucostethus\Leucostethus fraterdanieli\Leucostethus_fraterdanieli_005.jpg","Leucostethus fraterdanieli","Dendrobatidae","Leucostethus","c89cb8274ecbca41247c476b9d96962357885d47a9a1fcdfa8bdfce736eec00b","REFERENCE"
"Leucostethus_fraterdanieli_006.jpg","Dendrobatidae\Leucostethus\Leucostethus fraterdanieli\Leucostethus_fraterdanieli_006.jpg","Leucostethus fraterdanieli","Dendrobatidae","Leucostethus","cea0257d3c0f9776ca7ed70081fcfcfc4fc934ee2ef832577ea6ced237e7f5da","REFERENCE"
"Leucostethus_fraterdanieli_007.jpg","Dendrobatidae\Leucostethus\Leucostethus fraterdanieli\Leucostethus_fraterdanieli_007.jpg","Leucostethus fraterdanieli","Dendrobatidae","Leucostethus","b12ecea7bf348be1ea774974c3093156fc7f7cf00d460a1b5dbfd6c9acfe9ff5","REFERENCE"
"Leucostethus_fraterdanieli_008.jpg","Dendrobatidae\Leucostethus\Leucostethus fraterdanieli\Leucostethus_fraterdanieli_008.jpg","Leucostethus fraterdanieli","Dendrobatidae","Leucostethus","6d2ce6f3d20c6e38db762e78debcacb3a5c155aa4d8bf18041652d39860ffe7b","REFERENCE"
"Leucostethus_fraterdanieli_009.jpg","Dendrobatidae\Leucostethus\Leucostethus fraterdanieli\Leucostethus_fraterdanieli_009.jpg","Leucostethus fraterdanieli","Dendrobatidae","Leucostethus","6fbb8d3804992a34eebb762b8f0ce5c57b1e4e32f3b9293310a439afad581572","REFERENCE"
"Leucostethus_fraterdanieli_010.jpg","Dendrobatidae\Leucostethus\Leucostethus fraterdanieli\Leucostethus_fraterdanieli_010.jpg","Leucostethus fraterdanieli","Dendrobatidae","Leucostethus","3d573adfed8e0ed79bf131297224ce6daaf177b406e23af838590f859f3dfa7e","REFERENCE"
"Leucostethus_fraterdanieli_011.jpg","Dendrobatidae\Leucostethus\Leucostethus fraterdanieli\Leucostethus_fraterdanieli_011.jpg","Leucostethus fraterdanieli","Dendrobatidae","Leucostethus","50a4448236573de9bdbacba93f974cb963c1a48bd5ab0e6c80ab5be4991ee082","REFERENCE"
"Leucostethus_fraterdanieli_012.jpg","Dendrobatidae\Leucostethus\Leucostethus fraterdanieli\Leucostethus_fraterdanieli_012.jpg","Leucostethus fraterdanieli","Dendrobatidae","Leucostethus","0d1ecafc7134a43444463ef0dbef4ffe1a49a8e1f495174ce82efa573f0758a0","REFERENCE"
"Leucostethus_fraterdanieli_013.jpg","Dendrobatidae\Leucostethus\Leucostethus fraterdanieli\Leucostethus_fraterdanieli_013.jpg","Leucostethus fraterdanieli","Dendrobatidae","Leucostethus","577e185422ca326c434b4a2d7756ebae501063667d1a010eb79530e1fa93fef7","REFERENCE"
"Leucostethus_fraterdanieli_014.jpg","Dendrobatidae\Leucostethus\Leucostethus fraterdanieli\Leucostethus_fraterdanieli_014.jpg","Leucostethus fraterdanieli","Dendrobatidae","Leucostethus","2afe953e843b08ca1b23450404c7f21c63d604d7158fd9d31a2bc50247aafdbf","REFERENCE"
"Leucostethus_fraterdanieli_015.jpg","Dendrobatidae\Leucostethus\Leucostethus fraterdanieli\Leucostethus_fraterdanieli_015.jpg","Leucostethus fraterdanieli","Dendrobatidae","Leucostethus","60cbd8d5fcee4d833367eb0d9ba87efbd8b20af0859bf9a43fb5c00608de3845","REFERENCE"
"Leucostethus_fraterdanieli_016.jpg","Dendrobatidae\Leucostethus\Leucostethus fraterdanieli\Leucostethus_fraterdanieli_016.jpg","Leucostethus fraterdanieli","Dendrobatidae","Leucostethus","6eef67df4e844b9ad073be923626c40ee7b7fb4655e1943b95ef1407e86a7173","REFERENCE"
"Leucostethus_fraterdanieli_017.jpg","Dendrobatidae\Leucostethus\Leucostethus fraterdanieli\Leucostethus_fraterdanieli_017.jpg","Leucostethus fraterdanieli","Dendrobatidae","Leucostethus","d9b3965a53c5cc66913fb72353fbc807e59eb58704a0511e5728678b31eb9e8f","REFERENCE"
"Leucostethus_fraterdanieli_018.jpg","Dendrobatidae\Leucostethus\Leucostethus fraterdanieli\Leucostethus_fraterdanieli_018.jpg","Leucostethus fraterdanieli","Dendrobatidae","Leucostethus","3d0603ac79e53bc5ebedab853d654da73d4bd25d192efcb7f1fd101fe0df6f9f","REFERENCE"
"Leucostethus_fraterdanieli_019.jpg","Dendrobatidae\Leucostethus\Leucostethus fraterdanieli\Leucostethus_fraterdanieli_019.jpg","Leucostethus fraterdanieli","Dendrobatidae","Leucostethus","148682389fd43faff1fc32b2738bf69a5c88ae60c2a6660c9aa756682b4f467a","REFERENCE"
"Leucostethus_fraterdanieli_020.jpg","Dendrobatidae\Leucostethus\Leucostethus fraterdanieli\Leucostethus_fraterdanieli_020.jpg","Leucostethus fraterdanieli","Dendrobatidae","Leucostethus","46ed26021d1383cce4cf39d8dd9197eddb531d9576a770c5b08fa01eb57cd446","REFERENCE"
"Leucostethus_fraterdanieli_021.jpg","Dendrobatidae\Leucostethus\Leucostethus fraterdanieli\Leucostethus_fraterdanieli_021.jpg","Leucostethus fraterdanieli","Dendrobatidae","Leucostethus","d01591251e4aff580e6590f91c6324a8cdb191c724b8850625c08912793447ff","REFERENCE"
"Leucostethus_fraterdanieli_022.jpg","Dendrobatidae\Leucostethus\Leucostethus fraterdanieli\Leucostethus_fraterdanieli_022.jpg","Leucostethus fraterdanieli","Dendrobatidae","Leucostethus","1a1e338e2704eb5becd8a520e84891adb51420db5e2f429821b9655b9e3e1900","REFERENCE"
"Leucostethus_fraterdanieli_023.jpg","Dendrobatidae\Leucostethus\Leucostethus fraterdanieli\Leucostethus_fraterdanieli_023.jpg","Leucostethus fraterdanieli","Dendrobatidae","Leucostethus","4255fc764f818460556605feadf51d2468ef3d141b4ba1b54ba899b9deee5635","REFERENCE"
"Leucostethus_fraterdanieli_024.jpg","Dendrobatidae\Leucostethus\Leucostethus fraterdanieli\Leucostethus_fraterdanieli_024.jpg","Leucostethus fraterdanieli","Dendrobatidae","Leucostethus","4a70bd10b5181365337806b544d44d71ec74462b8c564082aa3475f9993c12d3","REFERENCE"
"Leucostethus_fraterdanieli_025.jpg","Dendrobatidae\Leucostethus\Leucostethus fraterdanieli\Leucostethus_fraterdanieli_025.jpg","Leucostethus fraterdanieli","Dendrobatidae","Leucostethus","8d4c10a57c935e6f9e837313006c613ce990ba7ae71c58b6b5c021be41acce63","REFERENCE"
"Leucostethus_fraterdanieli_026.jpg","Dendrobatidae\Leucostethus\Leucostethus fraterdanieli\Leucostethus_fraterdanieli_026.jpg","Leucostethus fraterdanieli","Dendrobatidae","Leucostethus","772ddb9d385bf4ed141326f75a584dda0985f9dd28fd419d3599bf40eeb8336f","REFERENCE"
"Leucostethus_fraterdanieli_027.jpg","Dendrobatidae\Leucostethus\Leucostethus fraterdanieli\Leucostethus_fraterdanieli_027.jpg","Leucostethus fraterdanieli","Dendrobatidae","Leucostethus","f907f5114453a6c431adcc8451fb78297608eef39a71353fdd27797d66051a56","REFERENCE"
"Leucostethus_fraterdanieli_028.jpg","Dendrobatidae\Leucostethus\Leucostethus fraterdanieli\Leucostethus_fraterdanieli_028.jpg","Leucostethus fraterdanieli","Dendrobatidae","Leucostethus","5f77abee6627f749bbb81c93a6a2eac4b3d600925b3cbd33ed29c2368e470e85","REFERENCE"
"Leucostethus_fraterdanieli_029.jpg","Dendrobatidae\Leucostethus\Leucostethus fraterdanieli\Leucostethus_fraterdanieli_029.jpg","Leucostethus fraterdanieli","Dendrobatidae","Leucostethus","cbd1bcc7a4937ce2f27bf7eb8de0b480d40f5dc3edc2992d453721c1778ea3f7","REFERENCE"
"Leucostethus_fraterdanieli_030.jpg","Dendrobatidae\Leucostethus\Leucostethus fraterdanieli\Leucostethus_fraterdanieli_030.jpg","Leucostethus fraterdanieli","Dendrobatidae","Leucostethus","662d8ba84be0002454bdde393c6bb7362d2988ac1c66defbe8f2535f3c10730b","REFERENCE"
"Leucostethus_fraterdanieli_031.jpg","Dendrobatidae\Leucostethus\Leucostethus fraterdanieli\Leucostethus_fraterdanieli_031.jpg","Leucostethus fraterdanieli","Dendrobatidae","Leucostethus","39aba2c688aad9b26de6884a9a0baddd020b1ff3c6885df429192737df70b388","REFERENCE"
"Leucostethus_fraterdanieli_032.jpg","Dendrobatidae\Leucostethus\Leucostethus fraterdanieli\Leucostethus_fraterdanieli_032.jpg","Leucostethus fraterdanieli","Dendrobatidae","Leucostethus","8b328900f584d62e6aba732d5f64fcf0554706432887be87cdcd34f47d9a689a","REFERENCE"
"Leucostethus_fraterdanieli_033.jpg","Dendrobatidae\Leucostethus\Leucostethus fraterdanieli\Leucostethus_fraterdanieli_033.jpg","Leucostethus fraterdanieli","Dendrobatidae","Leucostethus","b62f7be7c2b2303e5bbe88b88f2259a338d48ace0ec5879832bf1ffd5ec455fd","REFERENCE"
"Leucostethus_fraterdanieli_034.jpg","Dendrobatidae\Leucostethus\Leucostethus fraterdanieli\Leucostethus_fraterdanieli_034.jpg","Leucostethus fraterdanieli","Dendrobatidae","Leucostethus","f658636be371eb18650667f62fadab6ed9a988fd0a9f83448dc50e5b256f4d0e","REFERENCE"
"Leucostethus_fraterdanieli_035.jpg","Dendrobatidae\Leucostethus\Leucostethus fraterdanieli\Leucostethus_fraterdanieli_035.jpg","Leucostethus fraterdanieli","Dendrobatidae","Leucostethus","799e4dfc2c722feb31c5c2618f3a3b9e8104248ab1b87d4c43ae383c188da368","REFERENCE"
"Leucostethus_fraterdanieli_036.jpg","Dendrobatidae\Leucostethus\Leucostethus fraterdanieli\Leucostethus_fraterdanieli_036.jpg","Leucostethus fraterdanieli","Dendrobatidae","Leucostethus","c7076e2b6f71b70411b9196fc552d98bae66ee4ff44dfcc9248696953abcb2ff","REFERENCE"
"Leucostethus_fraterdanieli_037.jpg","Dendrobatidae\Leucostethus\Leucostethus fraterdanieli\Leucostethus_fraterdanieli_037.jpg","Leucostethus fraterdanieli","Dendrobatidae","Leucostethus","f9dd4b98bd707167ede44f0fee4983d042c55690cb683c15c3303716d341ab85","REFERENCE"
"Leucostethus_fraterdanieli_038.jpg","Dendrobatidae\Leucostethus\Leucostethus fraterdanieli\Leucostethus_fraterdanieli_038.jpg","Leucostethus fraterdanieli","Dendrobatidae","Leucostethus","386e16b4170c547d8eb521bdb549007586f0e649602e2eed6d6af8002610f5ef","REFERENCE"
"Leucostethus_fraterdanieli_039.jpg","Dendrobatidae\Leucostethus\Leucostethus fraterdanieli\Leucostethus_fraterdanieli_039.jpg","Leucostethus fraterdanieli","Dendrobatidae","Leucostethus","46ba9a6157e88fc2eb6c7ce4866a710ef8a2a15b418dd14e9ebc86eb212ea661","REFERENCE"
"Leucostethus_fraterdanieli_040.jpg","Dendrobatidae\Leucostethus\Leucostethus fraterdanieli\Leucostethus_fraterdanieli_040.jpg","Leucostethus fraterdanieli","Dendrobatidae","Leucostethus","ba21ff1a0dbacdf521eb81e7869d2085f1b3bb71a641005407df533ec0a88d08","REFERENCE"
"Leucostethus_fraterdanieli_041.jpg","Dendrobatidae\Leucostethus\Leucostethus fraterdanieli\Leucostethus_fraterdanieli_041.jpg","Leucostethus fraterdanieli","Dendrobatidae","Leucostethus","4e98684e1cd1160b016b02494e14fc9532eec3293ab4d169f25e103735808d4e","REFERENCE"
"Leucostethus_fraterdanieli_042.jpg","Dendrobatidae\Leucostethus\Leucostethus fraterdanieli\Leucostethus_fraterdanieli_042.jpg","Leucostethus fraterdanieli","Dendrobatidae","Leucostethus","63b16d73758537aa8078cefa6b6675ac27645c102766ef0532421985a109b3b9","REFERENCE"
"Leucostethus_fraterdanieli_043.jpg","Dendrobatidae\Leucostethus\Leucostethus fraterdanieli\Leucostethus_fraterdanieli_043.jpg","Leucostethus fraterdanieli","Dendrobatidae","Leucostethus","66695d2fb905864cf037e9ccec619cdd88ea8b87808d7c45abaf530eed5d7256","REFERENCE"
"Leucostethus_fraterdanieli_044.jpg","Dendrobatidae\Leucostethus\Leucostethus fraterdanieli\Leucostethus_fraterdanieli_044.jpg","Leucostethus fraterdanieli","Dendrobatidae","Leucostethus","345c68bcd6327b5078ca78713254f573ee9d5988d2413b23d772096609773960","REFERENCE"
"Leucostethus_fraterdanieli_045.jpg","Dendrobatidae\Leucostethus\Leucostethus fraterdanieli\Leucostethus_fraterdanieli_045.jpg","Leucostethus fraterdanieli","Dendrobatidae","Leucostethus","521867a7e6abf0031c90e6be555661a7cf4d9829f1887985a0ffe5af9a0b1733","REFERENCE"
"Leucostethus_fraterdanieli_046.jpg","Dendrobatidae\Leucostethus\Leucostethus fraterdanieli\Leucostethus_fraterdanieli_046.jpg","Leucostethus fraterdanieli","Dendrobatidae","Leucostethus","3bc5ddaf07503defc1856c3b0ba0e66b8c33c543caf619c4b33d853d303d659f","REFERENCE"
"Leucostethus_fraterdanieli_047.jpg","Dendrobatidae\Leucostethus\Leucostethus fraterdanieli\Leucostethus_fraterdanieli_047.jpg","Leucostethus fraterdanieli","Dendrobatidae","Leucostethus","8582aafdfcf72d8c34007952179259e448358c1f34d2898a08995cda3cf478da","REFERENCE"
"Leucostethus_fraterdanieli_048.jpg","Dendrobatidae\Leucostethus\Leucostethus fraterdanieli\Leucostethus_fraterdanieli_048.jpg","Leucostethus fraterdanieli","Dendrobatidae","Leucostethus","56aee1e971fc391b4342c8943979bd4c726eb356f8fd9eb7420879111eb390d7","REFERENCE"
"Leucostethus_fraterdanieli_049.jpg","Dendrobatidae\Leucostethus\Leucostethus fraterdanieli\Leucostethus_fraterdanieli_049.jpg","Leucostethus fraterdanieli","Dendrobatidae","Leucostethus","4a695d90907bbbf6be002392a6a62855c2006f44df22ef93ecf0850dfe026452","REFERENCE"
"Leucostethus_fraterdanieli_050.jpg","Dendrobatidae\Leucostethus\Leucostethus fraterdanieli\Leucostethus_fraterdanieli_050.jpg","Leucostethus fraterdanieli","Dendrobatidae","Leucostethus","8f2621dac7a96e70a10b3b800b7b91f6113446ac694fcc61861c1dffe328a332","REFERENCE"
"Leucostethus_fraterdanieli_051.jpg","Dendrobatidae\Leucostethus\Leucostethus fraterdanieli\Leucostethus_fraterdanieli_051.jpg","Leucostethus fraterdanieli","Dendrobatidae","Leucostethus","4d0c927f523c2d5c9291e55f9ac78e89bef6214d76cd20c55ac88f805074e2bb","REFERENCE"
"Leucostethus_fraterdanieli_052.jpg","Dendrobatidae\Leucostethus\Leucostethus fraterdanieli\Leucostethus_fraterdanieli_052.jpg","Leucostethus fraterdanieli","Dendrobatidae","Leucostethus","1501c6dc06030f84f66fc564bb919a9956061d2683c8cef30534402aa668d980","REFERENCE"
"Leucostethus_fraterdanieli_053.jpg","Dendrobatidae\Leucostethus\Leucostethus fraterdanieli\Leucostethus_fraterdanieli_053.jpg","Leucostethus fraterdanieli","Dendrobatidae","Leucostethus","5101bedb3296ed39d3c63b76a0e91469acf1c5be8b45d257163670f3491450be","REFERENCE"
"Leucostethus_fraterdanieli_054.jpg","Dendrobatidae\Leucostethus\Leucostethus fraterdanieli\Leucostethus_fraterdanieli_054.jpg","Leucostethus fraterdanieli","Dendrobatidae","Leucostethus","5090413b59a2fedbd4bc39238d5b0bceee0313e974dff3192274ccdc6500dcd9","REFERENCE"
"Leucostethus_fraterdanieli_055.jpg","Dendrobatidae\Leucostethus\Leucostethus fraterdanieli\Leucostethus_fraterdanieli_055.jpg","Leucostethus fraterdanieli","Dendrobatidae","Leucostethus","289ec4d3284ab16cd89c55c88d31f4af7fdb70ff285318e9060a61f017bfe39d","REFERENCE"
"Leucostethus_fraterdanieli_056.jpg","Dendrobatidae\Leucostethus\Leucostethus fraterdanieli\Leucostethus_fraterdanieli_056.jpg","Leucostethus fraterdanieli","Dendrobatidae","Leucostethus","2387bc93b9831c1b9079a72533efa8ebb47bf23d788472f8838df9727719e6bc","REFERENCE"
"Leucostethus_fraterdanieli_057.jpg","Dendrobatidae\Leucostethus\Leucostethus fraterdanieli\Leucostethus_fraterdanieli_057.jpg","Leucostethus fraterdanieli","Dendrobatidae","Leucostethus","9e721d1ca6eb346c04c6dff45be338a527f6c199fa2758db593c0495da4aaa66","REFERENCE"
"Leucostethus_fraterdanieli_058.jpg","Dendrobatidae\Leucostethus\Leucostethus fraterdanieli\Leucostethus_fraterdanieli_058.jpg","Leucostethus fraterdanieli","Dendrobatidae","Leucostethus","82ad004e936bfb172706de9a4e7bf1d2b4e4e414be856a85b41b8a492f24b829","REFERENCE"
"Leucostethus_fraterdanieli_059.jpg","Dendrobatidae\Leucostethus\Leucostethus fraterdanieli\Leucostethus_fraterdanieli_059.jpg","Leucostethus fraterdanieli","Dendrobatidae","Leucostethus","c2d79903d47a0b403c36eeb9739d534cb684d407ad7292e8cdcbd6060b30e1ed","REFERENCE"
"Leucostethus_fraterdanieli_060.jpg","Dendrobatidae\Leucostethus\Leucostethus fraterdanieli\Leucostethus_fraterdanieli_060.jpg","Leucostethus fraterdanieli","Dendrobatidae","Leucostethus","53432c00be586529b4c66184d4ad34b7913e5c4979ce211b4e314398cbc347f1","REFERENCE"
"Leucostethus_fraterdanieli_061.jpg","Dendrobatidae\Leucostethus\Leucostethus fraterdanieli\Leucostethus_fraterdanieli_061.jpg","Leucostethus fraterdanieli","Dendrobatidae","Leucostethus","28b3be032b4379e97950e912d78de492d97d0ae33997a9242c54ec3621e2ea99","REFERENCE"
"Leucostethus_fraterdanieli_062.jpg","Dendrobatidae\Leucostethus\Leucostethus fraterdanieli\Leucostethus_fraterdanieli_062.jpg","Leucostethus fraterdanieli","Dendrobatidae","Leucostethus","23afd0ec832f1f2b65a396d30dad7cf16a2094743565486353c69a66375ae37d","REFERENCE"
"Leucostethus_fraterdanieli_063.jpg","Dendrobatidae\Leucostethus\Leucostethus fraterdanieli\Leucostethus_fraterdanieli_063.jpg","Leucostethus fraterdanieli","Dendrobatidae","Leucostethus","e4b17b98f963834a16489108cb79bd17ef42e9a82644e01d2122093477de7b76","REFERENCE"
"Leucostethus_fraterdanieli_064.jpg","Dendrobatidae\Leucostethus\Leucostethus fraterdanieli\Leucostethus_fraterdanieli_064.jpg","Leucostethus fraterdanieli","Dendrobatidae","Leucostethus","54a682134b5a97786da11f888fb6d8e3c2e77c629a3398fc46714f98a40951fb","REFERENCE"
"Leucostethus_fraterdanieli_065.jpg","Dendrobatidae\Leucostethus\Leucostethus fraterdanieli\Leucostethus_fraterdanieli_065.jpg","Leucostethus fraterdanieli","Dendrobatidae","Leucostethus","65e2fcd6f142753a6d5b2db040be082a86533c277f4b3e05145159e1aed71e23","REFERENCE"
"Leucostethus_fraterdanieli_066.jpg","Dendrobatidae\Leucostethus\Leucostethus fraterdanieli\Leucostethus_fraterdanieli_066.jpg","Leucostethus fraterdanieli","Dendrobatidae","Leucostethus","7a7931bcfeb15887ae1b052e26bb5ef252592c2a22bfc48ce792599a956cb31d","REFERENCE"
"Leucostethus_fraterdanieli_067.jpg","Dendrobatidae\Leucostethus\Leucostethus fraterdanieli\Leucostethus_fraterdanieli_067.jpg","Leucostethus fraterdanieli","Dendrobatidae","Leucostethus","c1dd77cd5893570c18fc31529594029bfaa4969f0f7b4a81b3d92092dd78752d","REFERENCE"
"Leucostethus_fraterdanieli_068.jpg","Dendrobatidae\Leucostethus\Leucostethus fraterdanieli\Leucostethus_fraterdanieli_068.jpg","Leucostethus fraterdanieli","Dendrobatidae","Leucostethus","462f576d100cacbc1d44876c548e38f826264f8e704f215e85a95c6ed64c5607","REFERENCE"
"Leucostethus_fraterdanieli_069.jpg","Dendrobatidae\Leucostethus\Leucostethus fraterdanieli\Leucostethus_fraterdanieli_069.jpg","Leucostethus fraterdanieli","Dendrobatidae","Leucostethus","aace2e6c96bfb9d27dfaf5005c070aa0372dd3f8fadeb4b5d6c86ec4b5fdbd27","REFERENCE"
"Leucostethus_fraterdanieli_070.jpg","Dendrobatidae\Leucostethus\Leucostethus fraterdanieli\Leucostethus_fraterdanieli_070.jpg","Leucostethus fraterdanieli","Dendrobatidae","Leucostethus","2857b145fcdd6b6deb623e49952dfbf0c97dff2b8f03f9a93517c31d877f0d6f","REFERENCE"
"Leucostethus_fraterdanieli_071.jpg","Dendrobatidae\Leucostethus\Leucostethus fraterdanieli\Leucostethus_fraterdanieli_071.jpg","Leucostethus fraterdanieli","Dendrobatidae","Leucostethus","d816be90acdd4de281105948080a3796a70fa3d44478c3d4eb59f0f27837453d","REFERENCE"
"Leucostethus_fraterdanieli_072.jpg","Dendrobatidae\Leucostethus\Leucostethus fraterdanieli\Leucostethus_fraterdanieli_072.jpg","Leucostethus fraterdanieli","Dendrobatidae","Leucostethus","6ef5b7e9826b2aeb2e0f455dc3933829d375d54249dbd72f84d4ad6b913f937d","REFERENCE"
"Leucostethus_fraterdanieli_073.jpg","Dendrobatidae\Leucostethus\Leucostethus fraterdanieli\Leucostethus_fraterdanieli_073.jpg","Leucostethus fraterdanieli","Dendrobatidae","Leucostethus","c1ce19454d355dc03fa382243bd025a524cfc721548410f1a72cb3c5498f3cde","REFERENCE"
"Leucostethus_fraterdanieli_074.jpg","Dendrobatidae\Leucostethus\Leucostethus fraterdanieli\Leucostethus_fraterdanieli_074.jpg","Leucostethus fraterdanieli","Dendrobatidae","Leucostethus","e639fc41d66d152ea03b7b0eb53f7873ec8ddcec1a4ca73e68272b2ca1f27560","REFERENCE"
"Leucostethus_fraterdanieli_075.jpg","Dendrobatidae\Leucostethus\Leucostethus fraterdanieli\Leucostethus_fraterdanieli_075.jpg","Leucostethus fraterdanieli","Dendrobatidae","Leucostethus","c387e8e3d3ad3a2c2e165256cd263c77eb1983b662186690717babe469ac616f","REFERENCE"
"Leucostethus_fraterdanieli_076.jpg","Dendrobatidae\Leucostethus\Leucostethus fraterdanieli\Leucostethus_fraterdanieli_076.jpg","Leucostethus fraterdanieli","Dendrobatidae","Leucostethus","d968f033c02ee92786eac84145871ed46eebf79ddb7c9cf4e96b27859457b3e1","REFERENCE"
"Leucostethus_fraterdanieli_077.jpg","Dendrobatidae\Leucostethus\Leucostethus fraterdanieli\Leucostethus_fraterdanieli_077.jpg","Leucostethus fraterdanieli","Dendrobatidae","Leucostethus","6914b4a24771118ebd8bf0c8d104f3745944366569a6007329bf5d6c58d55a09","REFERENCE"
"Leucostethus_fraterdanieli_078.jpg","Dendrobatidae\Leucostethus\Leucostethus fraterdanieli\Leucostethus_fraterdanieli_078.jpg","Leucostethus fraterdanieli","Dendrobatidae","Leucostethus","491370b9f2e2b3f41f0e0b3093b7b362a1740cdaded02af5aaff174d103a2f57","REFERENCE"
"Leucostethus_fraterdanieli_079.jpg","Dendrobatidae\Leucostethus\Leucostethus fraterdanieli\Leucostethus_fraterdanieli_079.jpg","Leucostethus fraterdanieli","Dendrobatidae","Leucostethus","57d0be5ebca53e897a2bfd69048f6806d98ac58e3b749d1bbd9ac312ebd95250","REFERENCE"
"Leucostethus_fraterdanieli_080.jpg","Dendrobatidae\Leucostethus\Leucostethus fraterdanieli\Leucostethus_fraterdanieli_080.jpg","Leucostethus fraterdanieli","Dendrobatidae","Leucostethus","ace6c2e242fc1d6d92631a7ccefecc14df0c2c455f765725eb269e375f292429","REFERENCE"
"Leucostethus_fraterdanieli_081.jpg","Dendrobatidae\Leucostethus\Leucostethus fraterdanieli\Leucostethus_fraterdanieli_081.jpg","Leucostethus fraterdanieli","Dendrobatidae","Leucostethus","3255e8ef48eafb7d3ec78cc1193d94b4eacc3fe7d775ce4e40991ebf3444e250","REFERENCE"
"Leucostethus_fraterdanieli_082.jpg","Dendrobatidae\Leucostethus\Leucostethus fraterdanieli\Leucostethus_fraterdanieli_082.jpg","Leucostethus fraterdanieli","Dendrobatidae","Leucostethus","1511c0dfc66e7796999ca0a7c9d949aa42d875bcf46db26de689432905d4cf3d","REFERENCE"
"Leucostethus_fraterdanieli_083.jpg","Dendrobatidae\Leucostethus\Leucostethus fraterdanieli\Leucostethus_fraterdanieli_083.jpg","Leucostethus fraterdanieli","Dendrobatidae","Leucostethus","715058ec7921cadc54fc6191a8bab4879c11e3df8b915205e02d1a6e4fadaabd","REFERENCE"
"Leucostethus_fraterdanieli_084.jpg","Dendrobatidae\Leucostethus\Leucostethus fraterdanieli\Leucostethus_fraterdanieli_084.jpg","Leucostethus fraterdanieli","Dendrobatidae","Leucostethus","5d955fdefab0d88b333d6ce2356e00595bcd65048458861bd3bf9b84e19ec950","REFERENCE"
"Pristimantis_acanthinus_001.jpg","Craugastoridae\Pristimantis\Pristimantis acanthinus\Pristimantis_acanthinus_001.jpg","Pristimantis acanthinus","Craugastoridae","Pristimantis","3ec313519f191262e64583c40f5af06f7e8268e191cf0d244277e28fe986e5be","REFERENCE"
"Pristimantis_acanthinus_002.jpg","Craugastoridae\Pristimantis\Pristimantis acanthinus\Pristimantis_acanthinus_002.jpg","Pristimantis acanthinus","Craugastoridae","Pristimantis","22b239e84ea01cadabaf5e4c2f449cd27b12a78c05a8171a9194574afaffdc12","REFERENCE"
"Pristimantis_acanthinus_003.jpg","Craugastoridae\Pristimantis\Pristimantis acanthinus\Pristimantis_acanthinus_003.jpg","Pristimantis acanthinus","Craugastoridae","Pristimantis","e3527749a5f34aab604bfce87c8e2259d7e989924757644c9ad2d2219538fdf1","REFERENCE"
"Pristimantis_acanthinus_004.jpg","Craugastoridae\Pristimantis\Pristimantis acanthinus\Pristimantis_acanthinus_004.jpg","Pristimantis acanthinus","Craugastoridae","Pristimantis","9e2aedc0ea75a156fde3fd151098d5035137fbaad1d0a914155da9e9b2eb8c49","REFERENCE"
"Pristimantis_acanthinus_005.jpg","Craugastoridae\Pristimantis\Pristimantis acanthinus\Pristimantis_acanthinus_005.jpg","Pristimantis acanthinus","Craugastoridae","Pristimantis","a999be6b8a3d6f818849393ee0f8a7c1e52aa0623505ece21e3d46972d59c526","REFERENCE"
"Pristimantis_acanthinus_006.jpg","Craugastoridae\Pristimantis\Pristimantis acanthinus\Pristimantis_acanthinus_006.jpg","Pristimantis acanthinus","Craugastoridae","Pristimantis","37c4c939134904bd80165261235cbeba44dcf150c5782ef8d76723c46e920ea8","REFERENCE"
"Pristimantis_acanthinus_007.jpg","Craugastoridae\Pristimantis\Pristimantis acanthinus\Pristimantis_acanthinus_007.jpg","Pristimantis acanthinus","Craugastoridae","Pristimantis","c01071c68c3609dacf60dbfe480f56558e0d412796f1383ac8770cecd101224e","REFERENCE"
"Pristimantis_acanthinus_008.jpg","Craugastoridae\Pristimantis\Pristimantis acanthinus\Pristimantis_acanthinus_008.jpg","Pristimantis acanthinus","Craugastoridae","Pristimantis","1debfe378991f331cfa27d87f25e1c226fab3b6dbe6eb2f4b87bed08b11cfb59","REFERENCE"
"Pristimantis_acanthinus_009.jpg","Craugastoridae\Pristimantis\Pristimantis acanthinus\Pristimantis_acanthinus_009.jpg","Pristimantis acanthinus","Craugastoridae","Pristimantis","86d2f993709f614fc14697c57efe9a168a8096a315ea1f26c17165682e442d75","REFERENCE"
"Pristimantis_acanthinus_010.jpg","Craugastoridae\Pristimantis\Pristimantis acanthinus\Pristimantis_acanthinus_010.jpg","Pristimantis acanthinus","Craugastoridae","Pristimantis","111b6280d3b08d861da6db352914d61e7ab84b8c5b7cf83552aac8fc35242830","REFERENCE"
"Pristimantis_acanthinus_011.jpg","Craugastoridae\Pristimantis\Pristimantis acanthinus\Pristimantis_acanthinus_011.jpg","Pristimantis acanthinus","Craugastoridae","Pristimantis","5080508948dfcef320624f8881b37c53a275c957bf8325b3ff7fdf529a8e3091","REFERENCE"
"Pristimantis_acanthinus_012.jpg","Craugastoridae\Pristimantis\Pristimantis acanthinus\Pristimantis_acanthinus_012.jpg","Pristimantis acanthinus","Craugastoridae","Pristimantis","17e9ae81acc94ae62a9ab5842a626974065888f31b79f9da4a00150c972ea233","REFERENCE"
"Pristimantis_acanthinus_013.jpg","Craugastoridae\Pristimantis\Pristimantis acanthinus\Pristimantis_acanthinus_013.jpg","Pristimantis acanthinus","Craugastoridae","Pristimantis","6d02c16594e324e59df6c7e84572fb888d2b49ddf48f92e1046a0b1a97b97bb7","REFERENCE"
"Pristimantis_acanthinus_014.jpg","Craugastoridae\Pristimantis\Pristimantis acanthinus\Pristimantis_acanthinus_014.jpg","Pristimantis acanthinus","Craugastoridae","Pristimantis","af3f42d5235dd485a546ed2cc2098b467b542064fcdc8bc7cfb48d1fcbbcc9a0","REFERENCE"
"Pristimantis_acanthinus_015.jpg","Craugastoridae\Pristimantis\Pristimantis acanthinus\Pristimantis_acanthinus_015.jpg","Pristimantis acanthinus","Craugastoridae","Pristimantis","0b3d35153578ae5b9135f91f5a52f2db3034403025df690f0cd55adce37c8483","REFERENCE"
"Pristimantis_acanthinus_016.jpg","Craugastoridae\Pristimantis\Pristimantis acanthinus\Pristimantis_acanthinus_016.jpg","Pristimantis acanthinus","Craugastoridae","Pristimantis","ae6ca2ad163bde56a3fb25a3587390734aa54a018734b299dc1bf97d5ccd2311","REFERENCE"
"Pristimantis_acanthinus_017.jpg","Craugastoridae\Pristimantis\Pristimantis acanthinus\Pristimantis_acanthinus_017.jpg","Pristimantis acanthinus","Craugastoridae","Pristimantis","836f5ada5e8c80a019dc5f57660390f01d62cd70319b93cbb62003aad7502475","REFERENCE"
"Pristimantis_acanthinus_018.jpg","Craugastoridae\Pristimantis\Pristimantis acanthinus\Pristimantis_acanthinus_018.jpg","Pristimantis acanthinus","Craugastoridae","Pristimantis","232e41134543df0cc9294713ed6de362edbbf394f15e2afac82510675e313529","REFERENCE"
"Pristimantis_acanthinus_019.jpg","Craugastoridae\Pristimantis\Pristimantis acanthinus\Pristimantis_acanthinus_019.jpg","Pristimantis acanthinus","Craugastoridae","Pristimantis","6024926148269c3d9c5a3e721a9f0b87967357aecc9f45e755b5be41be1af71f","REFERENCE"
"Pristimantis_acanthinus_020.jpg","Craugastoridae\Pristimantis\Pristimantis acanthinus\Pristimantis_acanthinus_020.jpg","Pristimantis acanthinus","Craugastoridae","Pristimantis","69d57f80d49f157fc7012e3b5b8806b9fc3016c0f06b031766eac5dc6039907f","REFERENCE"
"Pristimantis_acanthinus_021.jpg","Craugastoridae\Pristimantis\Pristimantis acanthinus\Pristimantis_acanthinus_021.jpg","Pristimantis acanthinus","Craugastoridae","Pristimantis","7607ffc01434af1f8447eb3364d65cdaf022bf349b82a5365ab517907680a68c","REFERENCE"
"Pristimantis_acanthinus_022.jpg","Craugastoridae\Pristimantis\Pristimantis acanthinus\Pristimantis_acanthinus_022.jpg","Pristimantis acanthinus","Craugastoridae","Pristimantis","25c02a2875311ab3a376d5b0b02fe71e9a8b007d3aeb1a775de472a3ec3365db","REFERENCE"
"Pristimantis_acanthinus_023.jpg","Craugastoridae\Pristimantis\Pristimantis acanthinus\Pristimantis_acanthinus_023.jpg","Pristimantis acanthinus","Craugastoridae","Pristimantis","b702d869711c52a0b55a8e3aab5fe85a8cf8bb1fc66dccff54be257ca63f5b1c","REFERENCE"
"Pristimantis_acanthinus_024.jpg","Craugastoridae\Pristimantis\Pristimantis acanthinus\Pristimantis_acanthinus_024.jpg","Pristimantis acanthinus","Craugastoridae","Pristimantis","424d456c594244791b87e5f4e80fba5547a1c0abf9f2eb3b46dd0441a4e6293b","REFERENCE"
"Pristimantis_acanthinus_025.jpg","Craugastoridae\Pristimantis\Pristimantis acanthinus\Pristimantis_acanthinus_025.jpg","Pristimantis acanthinus","Craugastoridae","Pristimantis","d3f2e47636d70c504bd552e04ed68989a134eefd9fe831521182fabd59be5284","REFERENCE"
"Pristimantis_acanthinus_026.jpg","Craugastoridae\Pristimantis\Pristimantis acanthinus\Pristimantis_acanthinus_026.jpg","Pristimantis acanthinus","Craugastoridae","Pristimantis","578a088bb43d5ceb9691bfca68e36d2465add10fb4d61906053d1cfe3cad78ab","REFERENCE"
"Pristimantis_acanthinus_027.jpg","Craugastoridae\Pristimantis\Pristimantis acanthinus\Pristimantis_acanthinus_027.jpg","Pristimantis acanthinus","Craugastoridae","Pristimantis","651d687de857a2ad6dfc983a30fa4448203aa9cc01d53b8c1ccaadd2ec262cbe","REFERENCE"
"Pristimantis_acanthinus_028.jpg","Craugastoridae\Pristimantis\Pristimantis acanthinus\Pristimantis_acanthinus_028.jpg","Pristimantis acanthinus","Craugastoridae","Pristimantis","44d21af6cf6e54fbda21b3a0932b2aba0469149865bfa57970b67f905ed2277a","REFERENCE"
"Pristimantis_acanthinus_029.jpg","Craugastoridae\Pristimantis\Pristimantis acanthinus\Pristimantis_acanthinus_029.jpg","Pristimantis acanthinus","Craugastoridae","Pristimantis","0fe3e5f8b6488edaf12e90eff50e0432a60b5f777edb52082fbd7e0aaaf0d7fe","REFERENCE"
"Pristimantis_acanthinus_030.jpg","Craugastoridae\Pristimantis\Pristimantis acanthinus\Pristimantis_acanthinus_030.jpg","Pristimantis acanthinus","Craugastoridae","Pristimantis","8e1415901dccf757d086cdd26aaf181101f4d8c9451e3bdea50102e786d7e079","REFERENCE"
"Pristimantis_acanthinus_031.jpg","Craugastoridae\Pristimantis\Pristimantis acanthinus\Pristimantis_acanthinus_031.jpg","Pristimantis acanthinus","Craugastoridae","Pristimantis","7042304076bdd48df88f078b51e98ac41549ca8a2e63b5f147707368bbfde68d","REFERENCE"
"Pristimantis_acanthinus_032.jpg","Craugastoridae\Pristimantis\Pristimantis acanthinus\Pristimantis_acanthinus_032.jpg","Pristimantis acanthinus","Craugastoridae","Pristimantis","b584b877ef3a343ec2330b1eb8e679c883322f7d87860c3ecbd79edfec31bae1","REFERENCE"
"Pristimantis_acanthinus_033.jpg","Craugastoridae\Pristimantis\Pristimantis acanthinus\Pristimantis_acanthinus_033.jpg","Pristimantis acanthinus","Craugastoridae","Pristimantis","0a5b041373f81801f61b46dd7284967bf36f854b5d896a88517e78cd3d849884","REFERENCE"
"Pristimantis_acanthinus_034.jpg","Craugastoridae\Pristimantis\Pristimantis acanthinus\Pristimantis_acanthinus_034.jpg","Pristimantis acanthinus","Craugastoridae","Pristimantis","e08523aaa2f4ef68c78b0422f16e4f2a4091808b135e4c8bd2743c2494a94aa5","REFERENCE"
"Pristimantis_acanthinus_035.jpg","Craugastoridae\Pristimantis\Pristimantis acanthinus\Pristimantis_acanthinus_035.jpg","Pristimantis acanthinus","Craugastoridae","Pristimantis","b2fc4540562bc3e82842923f70c03fee4cb34197d4776eaed8822cf6d97a9184","REFERENCE"
"Pristimantis_acanthinus_036.jpg","Craugastoridae\Pristimantis\Pristimantis acanthinus\Pristimantis_acanthinus_036.jpg","Pristimantis acanthinus","Craugastoridae","Pristimantis","31d3336576aee9a9b281c055afd38b91bc9f16d2b5a71cf8de26e8f62f1adcb9","REFERENCE"
"Pristimantis_acanthinus_037.jpg","Craugastoridae\Pristimantis\Pristimantis acanthinus\Pristimantis_acanthinus_037.jpg","Pristimantis acanthinus","Craugastoridae","Pristimantis","caf68360348d058c552af5ecb2e8246c83bbc1349f72b48ce5b29051823d9919","REFERENCE"
"Pristimantis_acanthinus_038.jpg","Craugastoridae\Pristimantis\Pristimantis acanthinus\Pristimantis_acanthinus_038.jpg","Pristimantis acanthinus","Craugastoridae","Pristimantis","63ebb8ace357b8d992f8ffe5ab6d7b1f712640e5a799bef00dba81ae7161d40e","REFERENCE"
"Pristimantis_acanthinus_039.jpg","Craugastoridae\Pristimantis\Pristimantis acanthinus\Pristimantis_acanthinus_039.jpg","Pristimantis acanthinus","Craugastoridae","Pristimantis","5008406fcaac28b08c8fd9eb18d33a22a6ceb31df997a26da21648787b2218a0","REFERENCE"
"Pristimantis_acanthinus_040.jpg","Craugastoridae\Pristimantis\Pristimantis acanthinus\Pristimantis_acanthinus_040.jpg","Pristimantis acanthinus","Craugastoridae","Pristimantis","fc6f60348f0b660b1292e7f2bfc3ba598285f138009de2f158fbb298a91c3816","REFERENCE"
"Pristimantis_acanthinus_041.jpg","Craugastoridae\Pristimantis\Pristimantis acanthinus\Pristimantis_acanthinus_041.jpg","Pristimantis acanthinus","Craugastoridae","Pristimantis","02b4cb197d934a10e5bdc76851ba1036c2facb99fb6ec7b4ea1f5b729cb861dd","REFERENCE"
"Pristimantis_acanthinus_042.jpg","Craugastoridae\Pristimantis\Pristimantis acanthinus\Pristimantis_acanthinus_042.jpg","Pristimantis acanthinus","Craugastoridae","Pristimantis","adf8feb1debdff6a3268f06a75ee947189c6543dcff5824a70482eb8a4747219","REFERENCE"
"Pristimantis_acanthinus_043.jpg","Craugastoridae\Pristimantis\Pristimantis acanthinus\Pristimantis_acanthinus_043.jpg","Pristimantis acanthinus","Craugastoridae","Pristimantis","b20da15221b6e8ed42bd30bf215b6a475a511fa83daf2246ede8c8ca42107feb","REFERENCE"
"Pristimantis_acanthinus_044.jpg","Craugastoridae\Pristimantis\Pristimantis acanthinus\Pristimantis_acanthinus_044.jpg","Pristimantis acanthinus","Craugastoridae","Pristimantis","3cd9893165ef69767b613db6b2285e711d394832759e5613dd7a92b1c006c40e","REFERENCE"
"Pristimantis_acanthinus_045.jpg","Craugastoridae\Pristimantis\Pristimantis acanthinus\Pristimantis_acanthinus_045.jpg","Pristimantis acanthinus","Craugastoridae","Pristimantis","80015627bda4fad4c67ef8f5663d58266337ce424872fd5f3c74d2138b9bfd68","REFERENCE"
"Pristimantis_acanthinus_046.jpg","Craugastoridae\Pristimantis\Pristimantis acanthinus\Pristimantis_acanthinus_046.jpg","Pristimantis acanthinus","Craugastoridae","Pristimantis","082ec279fd87abfd8f936d84f9bade76a568eb6eed72f06742d9f1e879178ea4","REFERENCE"
"Pristimantis_acanthinus_047.jpg","Craugastoridae\Pristimantis\Pristimantis acanthinus\Pristimantis_acanthinus_047.jpg","Pristimantis acanthinus","Craugastoridae","Pristimantis","8be1ff2eec537de31fb07f69193ece8ae2f521f60ef95240186376ea21e1f590","REFERENCE"
"Pristimantis_acanthinus_048.jpg","Craugastoridae\Pristimantis\Pristimantis acanthinus\Pristimantis_acanthinus_048.jpg","Pristimantis acanthinus","Craugastoridae","Pristimantis","a5e4a0c46f8f6c60aab7a5ca06327d3588c465d065a741d82044a382ed83e601","REFERENCE"
"Pristimantis_acanthinus_049.jpg","Craugastoridae\Pristimantis\Pristimantis acanthinus\Pristimantis_acanthinus_049.jpg","Pristimantis acanthinus","Craugastoridae","Pristimantis","935cb0475fb3672bcb13bd4af5f5228bbdf3a2cbdfeffd3c2b238d9ca6da4952","REFERENCE"
"Pristimantis_acanthinus_050.jpg","Craugastoridae\Pristimantis\Pristimantis acanthinus\Pristimantis_acanthinus_050.jpg","Pristimantis acanthinus","Craugastoridae","Pristimantis","0b51e455606198b0c7edc4aee2507b8b22c56acb3a58d767ba5dfd7167bbc6ba","REFERENCE"
"Pristimantis_acanthinus_051.jpg","Craugastoridae\Pristimantis\Pristimantis acanthinus\Pristimantis_acanthinus_051.jpg","Pristimantis acanthinus","Craugastoridae","Pristimantis","e95a8205ba6da7d6e4ed14a86ea81b8b6d11f0a89775422b34c11b4ef6bb624f","REFERENCE"
"Pristimantis_acanthinus_052.jpg","Craugastoridae\Pristimantis\Pristimantis acanthinus\Pristimantis_acanthinus_052.jpg","Pristimantis acanthinus","Craugastoridae","Pristimantis","6facae6b9fe587d14ff1dd9f675a53dd0c584e92df0a765707452a637413165b","REFERENCE"
"Pristimantis_acanthinus_053.jpg","Craugastoridae\Pristimantis\Pristimantis acanthinus\Pristimantis_acanthinus_053.jpg","Pristimantis acanthinus","Craugastoridae","Pristimantis","9c47a4211ed40bc3b79acff922e749cb2b38e46a65b2e03c4089ced7662c20f9","REFERENCE"
"Pristimantis_acanthinus_054.jpg","Craugastoridae\Pristimantis\Pristimantis acanthinus\Pristimantis_acanthinus_054.jpg","Pristimantis acanthinus","Craugastoridae","Pristimantis","a98260cb23ec49672ac0ff7659f942bc9ae6117c32591765899e8b08bb215e9c","REFERENCE"
"Pristimantis_acanthinus_055.jpg","Craugastoridae\Pristimantis\Pristimantis acanthinus\Pristimantis_acanthinus_055.jpg","Pristimantis acanthinus","Craugastoridae","Pristimantis","aebee2779eee476cf2c58cdbcb5471c6891b29e6f11aa4d45497f0ab0d92f506","REFERENCE"
"Pristimantis_acanthinus_056.jpg","Craugastoridae\Pristimantis\Pristimantis acanthinus\Pristimantis_acanthinus_056.jpg","Pristimantis acanthinus","Craugastoridae","Pristimantis","17ed14ee7df04aefa0bf1f78ea71acad43b9da386ba9e55e18a259ab990bc131","REFERENCE"
"Pristimantis_acanthinus_057.jpg","Craugastoridae\Pristimantis\Pristimantis acanthinus\Pristimantis_acanthinus_057.jpg","Pristimantis acanthinus","Craugastoridae","Pristimantis","ba1759774826caf21bfd4c2af71b292029ab17167f31fe12ed8d08082de0bf77","REFERENCE"
"Pristimantis_acanthinus_058.jpg","Craugastoridae\Pristimantis\Pristimantis acanthinus\Pristimantis_acanthinus_058.jpg","Pristimantis acanthinus","Craugastoridae","Pristimantis","fe6b9c776de050b37b96b452102830a607ddb8473559c375d4c43d7d351550bc","REFERENCE"
"Pristimantis_acanthinus_059.jpg","Craugastoridae\Pristimantis\Pristimantis acanthinus\Pristimantis_acanthinus_059.jpg","Pristimantis acanthinus","Craugastoridae","Pristimantis","1b98b915e1c7668f158902c535e8b332b828bef2e2dee732a89a5811da0667b9","REFERENCE"
"Pristimantis_acanthinus_060.jpg","Craugastoridae\Pristimantis\Pristimantis acanthinus\Pristimantis_acanthinus_060.jpg","Pristimantis acanthinus","Craugastoridae","Pristimantis","98ae52c2a4bb7ed3e4e9f13ddcecaf336d9b60cd4b31e4da672d9784a9a369a8","REFERENCE"
"Pristimantis_acanthinus_061.jpg","Craugastoridae\Pristimantis\Pristimantis acanthinus\Pristimantis_acanthinus_061.jpg","Pristimantis acanthinus","Craugastoridae","Pristimantis","c7de4a0b12926f5351364b20d0297744a092141a36102837d591e06f4963cfda","REFERENCE"
"Pristimantis_acanthinus_062.jpg","Craugastoridae\Pristimantis\Pristimantis acanthinus\Pristimantis_acanthinus_062.jpg","Pristimantis acanthinus","Craugastoridae","Pristimantis","8896358b8c25d76c6ffe5abc8676a3fa79404b5d088870c468b710850f95bb31","REFERENCE"
"Pristimantis_acanthinus_063.jpg","Craugastoridae\Pristimantis\Pristimantis acanthinus\Pristimantis_acanthinus_063.jpg","Pristimantis acanthinus","Craugastoridae","Pristimantis","3cc11a8664cf4274afe07c90a11d76cbc60894c25aa099160658bc85e6f10fa3","REFERENCE"
"Pristimantis_acanthinus_064.jpg","Craugastoridae\Pristimantis\Pristimantis acanthinus\Pristimantis_acanthinus_064.jpg","Pristimantis acanthinus","Craugastoridae","Pristimantis","81106b71d34f1777e166868f892873f97aa99646ac84a07e61de213e7dc9fd50","REFERENCE"
"Pristimantis_acanthinus_065.jpg","Craugastoridae\Pristimantis\Pristimantis acanthinus\Pristimantis_acanthinus_065.jpg","Pristimantis acanthinus","Craugastoridae","Pristimantis","fc829967cfffe710a87f6b8e6f966f86d7b372b2a1beeee67ba97e899dfc0df9","REFERENCE"
"Pristimantis_acanthinus_066.jpg","Craugastoridae\Pristimantis\Pristimantis acanthinus\Pristimantis_acanthinus_066.jpg","Pristimantis acanthinus","Craugastoridae","Pristimantis","d5345f60a6c63923a4eaf9ae0b423a23b95760bcdde84373c9950792efd841c6","REFERENCE"
"Pristimantis_acanthinus_067.jpg","Craugastoridae\Pristimantis\Pristimantis acanthinus\Pristimantis_acanthinus_067.jpg","Pristimantis acanthinus","Craugastoridae","Pristimantis","b2eb9b1f32f423cf58c6bf5f09105da1254add85f3677d8d0c2b8cbf34779acb","REFERENCE"
"Pristimantis_acanthinus_068.jpg","Craugastoridae\Pristimantis\Pristimantis acanthinus\Pristimantis_acanthinus_068.jpg","Pristimantis acanthinus","Craugastoridae","Pristimantis","86549b0dc84c15a2dfec6dca36e51a0cf20b8000086ad7c3f9d914116434b6bd","REFERENCE"
"Pristimantis_acanthinus_069.jpg","Craugastoridae\Pristimantis\Pristimantis acanthinus\Pristimantis_acanthinus_069.jpg","Pristimantis acanthinus","Craugastoridae","Pristimantis","f0730b5e40b75057326a13baea07c6536a0f3018f3b20c49689f3305df18a6db","REFERENCE"
"Pristimantis_acanthinus_070.jpg","Craugastoridae\Pristimantis\Pristimantis acanthinus\Pristimantis_acanthinus_070.jpg","Pristimantis acanthinus","Craugastoridae","Pristimantis","2dd9ea466dbf7dc4fcf7eb0e9c8204458d7ed2cb0f1d36a8c5b0287ad16dd727","REFERENCE"
"Pristimantis_acanthinus_071.jpg","Craugastoridae\Pristimantis\Pristimantis acanthinus\Pristimantis_acanthinus_071.jpg","Pristimantis acanthinus","Craugastoridae","Pristimantis","ce02a83fa9743b886c65d6c2fd83cb5ef50d702b72fed68b45ae9b1efe988e47","REFERENCE"
"Pristimantis_acanthinus_072.jpg","Craugastoridae\Pristimantis\Pristimantis acanthinus\Pristimantis_acanthinus_072.jpg","Pristimantis acanthinus","Craugastoridae","Pristimantis","f27dc7c0817872f2f816535b4e947802d59608d0e979e1877d56c9dd408d9dc1","REFERENCE"
"Pristimantis_acanthinus_073.jpg","Craugastoridae\Pristimantis\Pristimantis acanthinus\Pristimantis_acanthinus_073.jpg","Pristimantis acanthinus","Craugastoridae","Pristimantis","9c96924a8038f23defe8bebec0a150d5b21d94afaaaa046c11b1bdd8204b5415","REFERENCE"
"Pristimantis_acanthinus_074.jpg","Craugastoridae\Pristimantis\Pristimantis acanthinus\Pristimantis_acanthinus_074.jpg","Pristimantis acanthinus","Craugastoridae","Pristimantis","e08aa0e4fa19c51d2e3d6da04a2d8fb6377014662f8707eb1f1b31035fb60058","REFERENCE"
"Pristimantis_acanthinus_075.jpg","Craugastoridae\Pristimantis\Pristimantis acanthinus\Pristimantis_acanthinus_075.jpg","Pristimantis acanthinus","Craugastoridae","Pristimantis","e82ba3e4409546fc005984ce52abb6d6ead863f22206ee1a5452adb9b28c246d","REFERENCE"
"Pristimantis_acanthinus_076.jpg","Craugastoridae\Pristimantis\Pristimantis acanthinus\Pristimantis_acanthinus_076.jpg","Pristimantis acanthinus","Craugastoridae","Pristimantis","a73656b35103b18de23e1e9ebb619d5a4669820a275ae05d78fbf5360b73ad6e","REFERENCE"
"Pristimantis_acanthinus_077.jpg","Craugastoridae\Pristimantis\Pristimantis acanthinus\Pristimantis_acanthinus_077.jpg","Pristimantis acanthinus","Craugastoridae","Pristimantis","13af070481f2bfa02985d1875463e8c7ca9738e24cd29853f28e1b1bf45632f7","REFERENCE"
"Pristimantis_acanthinus_078.jpg","Craugastoridae\Pristimantis\Pristimantis acanthinus\Pristimantis_acanthinus_078.jpg","Pristimantis acanthinus","Craugastoridae","Pristimantis","c922ebece78d7babb405c268921024ae1218279a1c2033cf0681b94e1e1e9d2c","REFERENCE"
"Pristimantis_acanthinus_079.jpg","Craugastoridae\Pristimantis\Pristimantis acanthinus\Pristimantis_acanthinus_079.jpg","Pristimantis acanthinus","Craugastoridae","Pristimantis","6283ef29c90226249e885b69dbfa345d583ee9adee29012b33a8636fb3be32e1","REFERENCE"
"Pristimantis_acanthinus_080.jpg","Craugastoridae\Pristimantis\Pristimantis acanthinus\Pristimantis_acanthinus_080.jpg","Pristimantis acanthinus","Craugastoridae","Pristimantis","eb502b56a33c2ac27e28fcc3d561aab149c4c3df99b8e2526436186b9af16eff","REFERENCE"
"Pristimantis_paisa_001.jpg","Craugastoridae\Pristimantis\Pristimantis paisa\Pristimantis_paisa_001.jpg","Pristimantis paisa","Craugastoridae","Pristimantis","134a0e228997ae2a61cf41597def51c21fb107c9a9b5c07aeec2e77ec50400a0","REFERENCE"
"Pristimantis_paisa_002.jpg","Craugastoridae\Pristimantis\Pristimantis paisa\Pristimantis_paisa_002.jpg","Pristimantis paisa","Craugastoridae","Pristimantis","56370f2b4e982931a90664d7871573835708ff710f5630f8dd795b65220c9293","REFERENCE"
"Pristimantis_paisa_003.jpeg","Craugastoridae\Pristimantis\Pristimantis paisa\Pristimantis_paisa_003.jpeg","Pristimantis paisa","Craugastoridae","Pristimantis","62f373b35dc32ef93b1c8de2984fadc505df85ab2cc3bf155096f53f4f95ffe6","REFERENCE"
"Pristimantis_paisa_004.jpg","Craugastoridae\Pristimantis\Pristimantis paisa\Pristimantis_paisa_004.jpg","Pristimantis paisa","Craugastoridae","Pristimantis","0c1de74fa4b1207c759dc4cd9406c3c85ef0e667ce94bf7816cdf11137675909","REFERENCE"
"Pristimantis_paisa_005.jpeg","Craugastoridae\Pristimantis\Pristimantis paisa\Pristimantis_paisa_005.jpeg","Pristimantis paisa","Craugastoridae","Pristimantis","bafef60ca19ce671434b390d09de4c085c0f102b4269e59260c2bdb03454e1ca","REFERENCE"
"Pristimantis_paisa_006.jpg","Craugastoridae\Pristimantis\Pristimantis paisa\Pristimantis_paisa_006.jpg","Pristimantis paisa","Craugastoridae","Pristimantis","bbd3f4a5087f63b5354c67e961345984c4a35ba047321a878dfaf0664c7a404c","REFERENCE"
"Pristimantis_paisa_007.jpeg","Craugastoridae\Pristimantis\Pristimantis paisa\Pristimantis_paisa_007.jpeg","Pristimantis paisa","Craugastoridae","Pristimantis","cd60e268eabc52de22dc41e699f0398be2ee8f7d3ac9a16cafd3d9f9d6205c89","REFERENCE"
"Pristimantis_paisa_008.jpg","Craugastoridae\Pristimantis\Pristimantis paisa\Pristimantis_paisa_008.jpg","Pristimantis paisa","Craugastoridae","Pristimantis","4ba312e51c14ef40f31408d96f8cd1456d8c378e3331ec214c584617f89ffb7e","REFERENCE"
"Pristimantis_paisa_009.jpeg","Craugastoridae\Pristimantis\Pristimantis paisa\Pristimantis_paisa_009.jpeg","Pristimantis paisa","Craugastoridae","Pristimantis","79056f717d50197319a672b76b9a3a050c0b0276090bc0d34ae2a84cf3f01fe4","REFERENCE"
"Pristimantis_paisa_010.jpg","Craugastoridae\Pristimantis\Pristimantis paisa\Pristimantis_paisa_010.jpg","Pristimantis paisa","Craugastoridae","Pristimantis","fa615aa33fa42495d386bdbb34a5b8c3b6708e1c8e29fe46ff60fb121b062e29","REFERENCE"
"Pristimantis_paisa_011.jpeg","Craugastoridae\Pristimantis\Pristimantis paisa\Pristimantis_paisa_011.jpeg","Pristimantis paisa","Craugastoridae","Pristimantis","a40bece4c7f46b711fb720c01e83e611eef2623360641cd32482aed0ed3fd4f3","REFERENCE"
"Pristimantis_paisa_012.jpg","Craugastoridae\Pristimantis\Pristimantis paisa\Pristimantis_paisa_012.jpg","Pristimantis paisa","Craugastoridae","Pristimantis","d457a6cbd6c133c1c05fa1a8c0c648c0feabc40198e90028305dfadd3cf6cc57","REFERENCE"
"Pristimantis_paisa_013.jpg","Craugastoridae\Pristimantis\Pristimantis paisa\Pristimantis_paisa_013.jpg","Pristimantis paisa","Craugastoridae","Pristimantis","f3b2467741250ce088ed4d238bffc823c7c74c0c790c0f84ddd902c50f7014e4","REFERENCE"
"Pristimantis_paisa_014.jpg","Craugastoridae\Pristimantis\Pristimantis paisa\Pristimantis_paisa_014.jpg","Pristimantis paisa","Craugastoridae","Pristimantis","d61157f6b86265212d7725ad2ffb96111de8264b8aab24d2546aebd1b97ac4be","REFERENCE"
"Pristimantis_paisa_015.jpg","Craugastoridae\Pristimantis\Pristimantis paisa\Pristimantis_paisa_015.jpg","Pristimantis paisa","Craugastoridae","Pristimantis","79bee7479224c8ba500137d5ec657a31ba3acbec0cd6702366f65935c3e6cedb","REFERENCE"
"Pristimantis_paisa_016.jpg","Craugastoridae\Pristimantis\Pristimantis paisa\Pristimantis_paisa_016.jpg","Pristimantis paisa","Craugastoridae","Pristimantis","149a97b092076c68a47b6f93a460c731131339b7550395005c260d3f181da0c4","REFERENCE"
"Pristimantis_paisa_017.jpg","Craugastoridae\Pristimantis\Pristimantis paisa\Pristimantis_paisa_017.jpg","Pristimantis paisa","Craugastoridae","Pristimantis","c5800d9b1015aeba2e7d18f4e3104370e59bc6b9376a7ff7b8e2a828820a09f9","REFERENCE"
"Pristimantis_paisa_018.jpeg","Craugastoridae\Pristimantis\Pristimantis paisa\Pristimantis_paisa_018.jpeg","Pristimantis paisa","Craugastoridae","Pristimantis","f5fa4f044c96ef23f7520969e4eae07784c4dae2c09b162f6ec551e2336ba6ed","REFERENCE"
"Pristimantis_paisa_019.jpg","Craugastoridae\Pristimantis\Pristimantis paisa\Pristimantis_paisa_019.jpg","Pristimantis paisa","Craugastoridae","Pristimantis","24a11c54580bd26a87e9e727b386c29fba9f06375a1fd015b82fc380100dc328","REFERENCE"
"Pristimantis_paisa_020.jpg","Craugastoridae\Pristimantis\Pristimantis paisa\Pristimantis_paisa_020.jpg","Pristimantis paisa","Craugastoridae","Pristimantis","1dc3cb1e079ea93975f8d95debc9b4ddc38125144c22f6ab59d362c1c7e8aec0","REFERENCE"
"Pristimantis_paisa_021.jpg","Craugastoridae\Pristimantis\Pristimantis paisa\Pristimantis_paisa_021.jpg","Pristimantis paisa","Craugastoridae","Pristimantis","e88b2a5d4d39e757dc1165d1a9996168603683fe3f331ec220944c2bc95de159","REFERENCE"
"Pristimantis_paisa_022.jpg","Craugastoridae\Pristimantis\Pristimantis paisa\Pristimantis_paisa_022.jpg","Pristimantis paisa","Craugastoridae","Pristimantis","2aff1423823690e41f20f555a753f4ccd5b9f4d4eba6e358c08fea8015dd9a0b","REFERENCE"
"Pristimantis_paisa_023.jpg","Craugastoridae\Pristimantis\Pristimantis paisa\Pristimantis_paisa_023.jpg","Pristimantis paisa","Craugastoridae","Pristimantis","4c266026b4496e3cca99d04b2c7bc7e932b57e805d53647339111f11260ecfee","REFERENCE"
"Pristimantis_paisa_024.jpg","Craugastoridae\Pristimantis\Pristimantis paisa\Pristimantis_paisa_024.jpg","Pristimantis paisa","Craugastoridae","Pristimantis","e57a249cdce0bf527ab00d4dadeb1190a70ed97112f110c68934bb44dd9d3ac4","REFERENCE"
"Pristimantis_paisa_025.jpg","Craugastoridae\Pristimantis\Pristimantis paisa\Pristimantis_paisa_025.jpg","Pristimantis paisa","Craugastoridae","Pristimantis","f1585136e9cdff5f01078162a3f85cd570e83bb08230a0dae335dd3611ae200e","REFERENCE"
"Pristimantis_paisa_026.jpg","Craugastoridae\Pristimantis\Pristimantis paisa\Pristimantis_paisa_026.jpg","Pristimantis paisa","Craugastoridae","Pristimantis","b7fbef6991a8f5d6fb1e81385d84064f18a225e57e0e102822af08e561d2dcde","REFERENCE"
"Pristimantis_paisa_027.jpg","Craugastoridae\Pristimantis\Pristimantis paisa\Pristimantis_paisa_027.jpg","Pristimantis paisa","Craugastoridae","Pristimantis","3a34769bec1c568f7b3a9f50f7c38699ab620c578142682ea6929b313b33842b","REFERENCE"
"Pristimantis_paisa_028.jpg","Craugastoridae\Pristimantis\Pristimantis paisa\Pristimantis_paisa_028.jpg","Pristimantis paisa","Craugastoridae","Pristimantis","f7b200e223c50851c3e58b76d528448b2324217ab0d80dbd734016ca6fbce67e","REFERENCE"
"Pristimantis_paisa_029.jpg","Craugastoridae\Pristimantis\Pristimantis paisa\Pristimantis_paisa_029.jpg","Pristimantis paisa","Craugastoridae","Pristimantis","12834711a287ded9724e6be7775723b402c57b4a33b2fd82f4b60390eb354124","REFERENCE"
"Pristimantis_paisa_030.jpg","Craugastoridae\Pristimantis\Pristimantis paisa\Pristimantis_paisa_030.jpg","Pristimantis paisa","Craugastoridae","Pristimantis","8c00df39564be742cb2631a06c18be1ee205be2faf755bc3cd8a507625caa6b6","REFERENCE"
"Pristimantis_paisa_031.jpeg","Craugastoridae\Pristimantis\Pristimantis paisa\Pristimantis_paisa_031.jpeg","Pristimantis paisa","Craugastoridae","Pristimantis","faf2598c5b487c9140a274d8aba9d16a014e7307a8d219166ca9675d3d02dd8d","REFERENCE"
"Pristimantis_paisa_032.jpg","Craugastoridae\Pristimantis\Pristimantis paisa\Pristimantis_paisa_032.jpg","Pristimantis paisa","Craugastoridae","Pristimantis","86f3faba4f212c3e2e378cc4563d4a15b7fad9cbe4f2ee9989e72c3825d2a36b","REFERENCE"
"Pristimantis_paisa_033.jpg","Craugastoridae\Pristimantis\Pristimantis paisa\Pristimantis_paisa_033.jpg","Pristimantis paisa","Craugastoridae","Pristimantis","da2a02c75df7fee5c8efbd5c79aa322b01d9c3b1dfb4fb8eed80ba6df746cd32","REFERENCE"
"Pristimantis_paisa_034.jpg","Craugastoridae\Pristimantis\Pristimantis paisa\Pristimantis_paisa_034.jpg","Pristimantis paisa","Craugastoridae","Pristimantis","a23ffcfa22bbbb4f0702d62e714ee983a615f8c9fe201ff725774011280dcf58","REFERENCE"
"Pristimantis_paisa_035.jpg","Craugastoridae\Pristimantis\Pristimantis paisa\Pristimantis_paisa_035.jpg","Pristimantis paisa","Craugastoridae","Pristimantis","ffe5a6bc92a86cf3b7e53dab9395423f9c2305ca0b5bd36cf429a5025883178d","REFERENCE"
"Pristimantis_paisa_036.jpg","Craugastoridae\Pristimantis\Pristimantis paisa\Pristimantis_paisa_036.jpg","Pristimantis paisa","Craugastoridae","Pristimantis","c0aae98db788cc40720783d651e6bd38516930d4b371733d74eb7d13f8ae7519","REFERENCE"
"Pristimantis_paisa_037.jpg","Craugastoridae\Pristimantis\Pristimantis paisa\Pristimantis_paisa_037.jpg","Pristimantis paisa","Craugastoridae","Pristimantis","af83993e92a90cc24a0c05f3b9dd38a4f310d72e21f933fbef59da305811434a","REFERENCE"
"Pristimantis_paisa_038.jpg","Craugastoridae\Pristimantis\Pristimantis paisa\Pristimantis_paisa_038.jpg","Pristimantis paisa","Craugastoridae","Pristimantis","69894af9f4b52204cbb7e69618b552b74bd3a916d61c854b051945a2a2f9b107","REFERENCE"
"Pristimantis_paisa_039.jpg","Craugastoridae\Pristimantis\Pristimantis paisa\Pristimantis_paisa_039.jpg","Pristimantis paisa","Craugastoridae","Pristimantis","bafb33b36ebdf941b3e2a5b37230375bbab248b7c36bfaea1d0b65de10c494e2","REFERENCE"
"Pristimantis_paisa_040.jpg","Craugastoridae\Pristimantis\Pristimantis paisa\Pristimantis_paisa_040.jpg","Pristimantis paisa","Craugastoridae","Pristimantis","b228d756fcfd3fea34fb96625142ff29044ed894abe2e20ee5e63b0f023bc4c6","REFERENCE"
"Pristimantis_paisa_041.jpg","Craugastoridae\Pristimantis\Pristimantis paisa\Pristimantis_paisa_041.jpg","Pristimantis paisa","Craugastoridae","Pristimantis","8f6984b4776af824a35873b1b6aebbe9447e548b1a6d1dc165f020f0adfd5194","REFERENCE"
"Pristimantis_paisa_042.jpg","Craugastoridae\Pristimantis\Pristimantis paisa\Pristimantis_paisa_042.jpg","Pristimantis paisa","Craugastoridae","Pristimantis","e7ebe695f4754550d054993dd2aaee68d4497f230c88865d527e94262e137a19","REFERENCE"
"Pristimantis_paisa_043.jpg","Craugastoridae\Pristimantis\Pristimantis paisa\Pristimantis_paisa_043.jpg","Pristimantis paisa","Craugastoridae","Pristimantis","67a9633d80cbf20b5fc7ed6076892067918711d986039c6a61c1ed609b5a4fb6","REFERENCE"
"Pristimantis_paisa_044.jpeg","Craugastoridae\Pristimantis\Pristimantis paisa\Pristimantis_paisa_044.jpeg","Pristimantis paisa","Craugastoridae","Pristimantis","0616c1658eb15557a173c3d7750acd1790a9bfdbf0b73b2e71b7671c826b9871","REFERENCE"
"Pristimantis_paisa_045.jpg","Craugastoridae\Pristimantis\Pristimantis paisa\Pristimantis_paisa_045.jpg","Pristimantis paisa","Craugastoridae","Pristimantis","b1739f23dbd69fceb6a3c0b2c792cdd75a156f1c6e5ce4a55d76e9cbbd97012d","REFERENCE"
"Pristimantis_paisa_046.jpg","Craugastoridae\Pristimantis\Pristimantis paisa\Pristimantis_paisa_046.jpg","Pristimantis paisa","Craugastoridae","Pristimantis","6abf4ddc9af2bcd07f2cd19d9e388551a588b23e2a8ff36297e924b8ea37677e","REFERENCE"
"Pristimantis_paisa_047.jpg","Craugastoridae\Pristimantis\Pristimantis paisa\Pristimantis_paisa_047.jpg","Pristimantis paisa","Craugastoridae","Pristimantis","d9f6b208b9d7540f6ee584fd175dc2cc7060018be2fa8705f72129540c9fc07f","REFERENCE"
"Pristimantis_paisa_048.jpg","Craugastoridae\Pristimantis\Pristimantis paisa\Pristimantis_paisa_048.jpg","Pristimantis paisa","Craugastoridae","Pristimantis","08c9d5f21e48e9d378327111cc29cfac365817aa253a608301d3a1fb22d885b7","REFERENCE"
"Pristimantis_paisa_049.jpg","Craugastoridae\Pristimantis\Pristimantis paisa\Pristimantis_paisa_049.jpg","Pristimantis paisa","Craugastoridae","Pristimantis","e7bcd95e2d56b37549ac6662ff1904d84b29e33224cb9291269b0b30e0aa9c2d","REFERENCE"
"Pristimantis_paisa_050.jpg","Craugastoridae\Pristimantis\Pristimantis paisa\Pristimantis_paisa_050.jpg","Pristimantis paisa","Craugastoridae","Pristimantis","72fcefc85c7836af6f2d6942a5de61fda155222c206128a64ea5f12b1fdea8db","REFERENCE"
"Pristimantis_paisa_051.jpg","Craugastoridae\Pristimantis\Pristimantis paisa\Pristimantis_paisa_051.jpg","Pristimantis paisa","Craugastoridae","Pristimantis","f10d28dc41286cc32d670921e20df2134311df1e893ee70984390bac6ffeaf56","REFERENCE"
"Pristimantis_paisa_052.jpg","Craugastoridae\Pristimantis\Pristimantis paisa\Pristimantis_paisa_052.jpg","Pristimantis paisa","Craugastoridae","Pristimantis","735c15b3a929acccb6acaf54ffed1aff1e2e290f31922c4285aa26b4f652c2b9","REFERENCE"
"Pristimantis_paisa_053.jpg","Craugastoridae\Pristimantis\Pristimantis paisa\Pristimantis_paisa_053.jpg","Pristimantis paisa","Craugastoridae","Pristimantis","aaadfbdf1936344d42bbe309dbd0a5b28c708dd1d0ef85ac9eb33fa46a195202","REFERENCE"
"Pristimantis_paisa_054.jpg","Craugastoridae\Pristimantis\Pristimantis paisa\Pristimantis_paisa_054.jpg","Pristimantis paisa","Craugastoridae","Pristimantis","653f38967713135af26e040f733f20dbaa406fdc1c670e413c3e335d46611908","REFERENCE"
"Pristimantis_paisa_055.jpg","Craugastoridae\Pristimantis\Pristimantis paisa\Pristimantis_paisa_055.jpg","Pristimantis paisa","Craugastoridae","Pristimantis","35c75177fdb5e89e18bc580c5a609237f74fabd69bac1655ac02ed39b5a3a1c2","REFERENCE"
"Pristimantis_paisa_056.jpeg","Craugastoridae\Pristimantis\Pristimantis paisa\Pristimantis_paisa_056.jpeg","Pristimantis paisa","Craugastoridae","Pristimantis","82603a491729a3df2d0a034d91b1c93754418b3a4bfa9d4099116e578cc8c45a","REFERENCE"
"Pristimantis_paisa_057.jpg","Craugastoridae\Pristimantis\Pristimantis paisa\Pristimantis_paisa_057.jpg","Pristimantis paisa","Craugastoridae","Pristimantis","dcba57fb0281eb7fa810063d16a9eebafc1ba7e0e658401b41b7fe6663239c5d","REFERENCE"
"Pristimantis_paisa_058.jpg","Craugastoridae\Pristimantis\Pristimantis paisa\Pristimantis_paisa_058.jpg","Pristimantis paisa","Craugastoridae","Pristimantis","e2728b2a1f17dd8f09e0c000e9b22c196fefe823b470ca303b2025617e6c5e11","REFERENCE"
"Pristimantis_paisa_059.jpg","Craugastoridae\Pristimantis\Pristimantis paisa\Pristimantis_paisa_059.jpg","Pristimantis paisa","Craugastoridae","Pristimantis","fb2b11a6bbfad22e70fa8702540db451009451aecb7f313960134bd7ec6b18dc","REFERENCE"
"Pristimantis_paisa_060.jpg","Craugastoridae\Pristimantis\Pristimantis paisa\Pristimantis_paisa_060.jpg","Pristimantis paisa","Craugastoridae","Pristimantis","a5ffd467914acf6a9a33f54f82425e0c504955e505a6786a0838f5430c0ba710","REFERENCE"
"Pristimantis_paisa_061.jpg","Craugastoridae\Pristimantis\Pristimantis paisa\Pristimantis_paisa_061.jpg","Pristimantis paisa","Craugastoridae","Pristimantis","a81416080117a1edea13403345c3eceb47f8e768fc667663d62a3a1f66462cb9","REFERENCE"
"Pristimantis_paisa_062.jpg","Craugastoridae\Pristimantis\Pristimantis paisa\Pristimantis_paisa_062.jpg","Pristimantis paisa","Craugastoridae","Pristimantis","7217d8db0a8000bc1b99af081063d8d7eb668b9daf83a38e18a84c0dd4ae1387","REFERENCE"
"Pristimantis_paisa_063.jpg","Craugastoridae\Pristimantis\Pristimantis paisa\Pristimantis_paisa_063.jpg","Pristimantis paisa","Craugastoridae","Pristimantis","7dab339874ae7a0b21dc7b0e304b2499a2e44057fc84e83c1e7a1ad77406b5ef","REFERENCE"
"Pristimantis_paisa_064.jpg","Craugastoridae\Pristimantis\Pristimantis paisa\Pristimantis_paisa_064.jpg","Pristimantis paisa","Craugastoridae","Pristimantis","ec8385e0d465fcfa60cf8fd229c5a4fbc09797019d2cb239886e46b2bc080089","REFERENCE"
"Pristimantis_paisa_065.jpg","Craugastoridae\Pristimantis\Pristimantis paisa\Pristimantis_paisa_065.jpg","Pristimantis paisa","Craugastoridae","Pristimantis","79d81d87dff7ac0dcdab676fb0b50dd840855133e53eb1e4e4177baa5321193e","REFERENCE"
"Pristimantis_paisa_066.jpg","Craugastoridae\Pristimantis\Pristimantis paisa\Pristimantis_paisa_066.jpg","Pristimantis paisa","Craugastoridae","Pristimantis","dfe813a07149fd6727e89a21969708970cf579c3ee301b85ba00593bbae3f957","REFERENCE"
"Pristimantis_paisa_067.jpg","Craugastoridae\Pristimantis\Pristimantis paisa\Pristimantis_paisa_067.jpg","Pristimantis paisa","Craugastoridae","Pristimantis","0d0e1915dd52e24f963d468ec700fc604c1d26a5a6e4c704a5e84460a6c1556a","REFERENCE"
"Pristimantis_paisa_068.jpeg","Craugastoridae\Pristimantis\Pristimantis paisa\Pristimantis_paisa_068.jpeg","Pristimantis paisa","Craugastoridae","Pristimantis","d18492dd6f5300707b69405b8dacfffcfd2decd461b1f506b63fedc15e75d4a1","REFERENCE"
"Pristimantis_paisa_069.jpg","Craugastoridae\Pristimantis\Pristimantis paisa\Pristimantis_paisa_069.jpg","Pristimantis paisa","Craugastoridae","Pristimantis","b1b267fa1e3596dbd0dced34db2f3b38575c5aaf06c1af6f1e391c6b173bd08b","REFERENCE"
"Pristimantis_paisa_070.jpg","Craugastoridae\Pristimantis\Pristimantis paisa\Pristimantis_paisa_070.jpg","Pristimantis paisa","Craugastoridae","Pristimantis","08bd45a72a1bbaccab86b59b7b1d561aeb216a6eefa8b929ba8dc1c60b96a8e6","REFERENCE"
"Pristimantis_paisa_071.jpg","Craugastoridae\Pristimantis\Pristimantis paisa\Pristimantis_paisa_071.jpg","Pristimantis paisa","Craugastoridae","Pristimantis","f6e10d51e4c09ecbdfae39cf5f11e95c3c019462b2a2a09356430b25cb56e046","REFERENCE"
"Pristimantis_paisa_072.jpg","Craugastoridae\Pristimantis\Pristimantis paisa\Pristimantis_paisa_072.jpg","Pristimantis paisa","Craugastoridae","Pristimantis","c5ad33362a37cd4194eb2d8e3c118a9b4d491912d8352e6eed48fd2d37ba7fa4","REFERENCE"
"Pristimantis_paisa_073.jpg","Craugastoridae\Pristimantis\Pristimantis paisa\Pristimantis_paisa_073.jpg","Pristimantis paisa","Craugastoridae","Pristimantis","d0278eff92a88e45be143ecde925d932ae64130f6568462fc41794524fe80cb7","REFERENCE"
"Pristimantis_paisa_074.jpg","Craugastoridae\Pristimantis\Pristimantis paisa\Pristimantis_paisa_074.jpg","Pristimantis paisa","Craugastoridae","Pristimantis","69bc813443510d820aa6ca7f28f42fb73e7cbd4f479c483b5233293b8e866bfc","REFERENCE"
"Pristimantis_paisa_075.jpg","Craugastoridae\Pristimantis\Pristimantis paisa\Pristimantis_paisa_075.jpg","Pristimantis paisa","Craugastoridae","Pristimantis","d92bf3a823978da705fe0632463740133c9476b74b064e1fb89e7d4b7cfed797","REFERENCE"
"Pristimantis_paisa_076.jpg","Craugastoridae\Pristimantis\Pristimantis paisa\Pristimantis_paisa_076.jpg","Pristimantis paisa","Craugastoridae","Pristimantis","d638ae218533e83bf25005e5c9ed5d36c54f87afce13be65a2dcc231193455f9","REFERENCE"
"Pristimantis_paisa_077.jpg","Craugastoridae\Pristimantis\Pristimantis paisa\Pristimantis_paisa_077.jpg","Pristimantis paisa","Craugastoridae","Pristimantis","10a2c4d9d2af57ad5859e367de60d5aa1973f5218fffeff9df3c193d274ee79f","REFERENCE"
"Pristimantis_paisa_078.jpg","Craugastoridae\Pristimantis\Pristimantis paisa\Pristimantis_paisa_078.jpg","Pristimantis paisa","Craugastoridae","Pristimantis","a3ae1477449325cf236e6571b3e67d1e34fcfe9ede7b8077180245ab56b034f6","REFERENCE"
"Pristimantis_paisa_079.jpg","Craugastoridae\Pristimantis\Pristimantis paisa\Pristimantis_paisa_079.jpg","Pristimantis paisa","Craugastoridae","Pristimantis","71d09591f9125f6a1a397cd8cd417744722e3d66ad15ae4f8f4f7a38224d194b","REFERENCE"
"Pristimantis_paisa_080.jpg","Craugastoridae\Pristimantis\Pristimantis paisa\Pristimantis_paisa_080.jpg","Pristimantis paisa","Craugastoridae","Pristimantis","c02e8cf73b840125627ce53f2a708a7204a512a0e68100914cbb12c4b1f6244f","REFERENCE"
"Pristimantis_paisa_081.jpeg","Craugastoridae\Pristimantis\Pristimantis paisa\Pristimantis_paisa_081.jpeg","Pristimantis paisa","Craugastoridae","Pristimantis","710485837a2dbb507e199b816ab777b36b9714d1f61d6cb0a6fa4f75e5e2451c","REFERENCE"
"Pristimantis_paisa_082.jpg","Craugastoridae\Pristimantis\Pristimantis paisa\Pristimantis_paisa_082.jpg","Pristimantis paisa","Craugastoridae","Pristimantis","78138de623797ea8b9e0f5afb9fde30e7417f85f1b270ac23adb14b25abf6a15","REFERENCE"
"Pristimantis_paisa_083.jpg","Craugastoridae\Pristimantis\Pristimantis paisa\Pristimantis_paisa_083.jpg","Pristimantis paisa","Craugastoridae","Pristimantis","28d909a72e0419883fd8b38046b78b4c5eea7184e94df5ec520f5918def20ab6","REFERENCE"
"Pristimantis_penelopus_001.jpg","Craugastoridae\Pristimantis\Pristimantis penelopus\Pristimantis_penelopus_001.jpg","Pristimantis penelopus","Craugastoridae","Pristimantis","93a6bbf9fbb2c2f0f29987bb3b2e69ac4caf3f6dd2260898c0160a45f85319b3","REFERENCE"
"Pristimantis_penelopus_002.jpg","Craugastoridae\Pristimantis\Pristimantis penelopus\Pristimantis_penelopus_002.jpg","Pristimantis penelopus","Craugastoridae","Pristimantis","859088808eafc4d4c20cd9025a86f247b1a498299ffd5151a2d8fc7f9266fd8b","REFERENCE"
"Pristimantis_penelopus_003.jpg","Craugastoridae\Pristimantis\Pristimantis penelopus\Pristimantis_penelopus_003.jpg","Pristimantis penelopus","Craugastoridae","Pristimantis","7fb285879266d0f31565e93579012e61ad975c884eaf4e47abbc6f0ad5952489","REFERENCE"
"Pristimantis_penelopus_004.png","Craugastoridae\Pristimantis\Pristimantis penelopus\Pristimantis_penelopus_004.png","Pristimantis penelopus","Craugastoridae","Pristimantis","0dcc014debc0051dc0c2b769cd90c79d84a27956e5ed99a3055bbce93bdc7796","REFERENCE"
"Pristimantis_penelopus_005.png","Craugastoridae\Pristimantis\Pristimantis penelopus\Pristimantis_penelopus_005.png","Pristimantis penelopus","Craugastoridae","Pristimantis","23f6fa8bf0fb6bd822d7adf2c02c4883fe6e6b6049ca5147531bf984923e02b6","REFERENCE"
"Pristimantis_penelopus_006.png","Craugastoridae\Pristimantis\Pristimantis penelopus\Pristimantis_penelopus_006.png","Pristimantis penelopus","Craugastoridae","Pristimantis","d1c5bf94b80d7ff85346bdcadc74187784173d842ab9dd9d44a141ca2406cbd0","REFERENCE"
"Pristimantis_penelopus_007.png","Craugastoridae\Pristimantis\Pristimantis penelopus\Pristimantis_penelopus_007.png","Pristimantis penelopus","Craugastoridae","Pristimantis","47aed7ce4436b7b0bec5fdd112135e7ffde8fe0bc4dfdd69bfee98d9b60c6257","REFERENCE"
"Pristimantis_penelopus_008.png","Craugastoridae\Pristimantis\Pristimantis penelopus\Pristimantis_penelopus_008.png","Pristimantis penelopus","Craugastoridae","Pristimantis","7eb78236004c49b7c4c18918b812a129946acabd1950843dcf612cc915d034e0","REFERENCE"
"Pristimantis_penelopus_009.png","Craugastoridae\Pristimantis\Pristimantis penelopus\Pristimantis_penelopus_009.png","Pristimantis penelopus","Craugastoridae","Pristimantis","ec4b13d9cdac9f79fb022c53cbae2be1d603f2bcc9088949b66982b19e7532f5","REFERENCE"
"Pristimantis_penelopus_010.png","Craugastoridae\Pristimantis\Pristimantis penelopus\Pristimantis_penelopus_010.png","Pristimantis penelopus","Craugastoridae","Pristimantis","b3a05985a0087802758a3e75ba3f0cb21d6e516ac8ff04e3ca09985f519606e8","REFERENCE"
"Pristimantis_penelopus_011.png","Craugastoridae\Pristimantis\Pristimantis penelopus\Pristimantis_penelopus_011.png","Pristimantis penelopus","Craugastoridae","Pristimantis","5334a5de5ef575f564641765d46c33062f1525e5d2d880c8b312c420d6e16012","REFERENCE"
"Pristimantis_penelopus_012.png","Craugastoridae\Pristimantis\Pristimantis penelopus\Pristimantis_penelopus_012.png","Pristimantis penelopus","Craugastoridae","Pristimantis","338656cb730d62c6c141c877a7819116aab1962d6135e03979ead8597d79a022","REFERENCE"
"Pristimantis_penelopus_013.png","Craugastoridae\Pristimantis\Pristimantis penelopus\Pristimantis_penelopus_013.png","Pristimantis penelopus","Craugastoridae","Pristimantis","053b8e5b7e5359ee9165c4610afc7a3386179ff353af1ad3ce65af738199353d","REFERENCE"
"Pristimantis_penelopus_014.png","Craugastoridae\Pristimantis\Pristimantis penelopus\Pristimantis_penelopus_014.png","Pristimantis penelopus","Craugastoridae","Pristimantis","28e071176aae7dfb84482f86803dacf7eed0033f5116b3190fe612fdb3cde822","REFERENCE"
"Pristimantis_penelopus_015.jpg","Craugastoridae\Pristimantis\Pristimantis penelopus\Pristimantis_penelopus_015.jpg","Pristimantis penelopus","Craugastoridae","Pristimantis","54e640f6ba667b8ffc27d4f8392fc14c9420e72d77c9247cad151bad40125028","REFERENCE"
"Pristimantis_penelopus_016.jpg","Craugastoridae\Pristimantis\Pristimantis penelopus\Pristimantis_penelopus_016.jpg","Pristimantis penelopus","Craugastoridae","Pristimantis","de943d0edb688eabd9014e5b5c9efde19f687bce98ad58afd84a559b63717a0c","REFERENCE"
"Pristimantis_penelopus_017.jpg","Craugastoridae\Pristimantis\Pristimantis penelopus\Pristimantis_penelopus_017.jpg","Pristimantis penelopus","Craugastoridae","Pristimantis","522d44ab06a9f73ff5ca91cec303c5f888afb4d4e3e265d6513f65e8fde8613f","REFERENCE"
"Pristimantis_penelopus_018.jpg","Craugastoridae\Pristimantis\Pristimantis penelopus\Pristimantis_penelopus_018.jpg","Pristimantis penelopus","Craugastoridae","Pristimantis","fcf8f624fc67bf9be5178448a97292de8bf6ea05f21a48b891c47d7dd2535b12","REFERENCE"
"Pristimantis_penelopus_019.jpg","Craugastoridae\Pristimantis\Pristimantis penelopus\Pristimantis_penelopus_019.jpg","Pristimantis penelopus","Craugastoridae","Pristimantis","91349079b1972c3aaa2a99a674d48d5aa5a849778402181be0f9d71f3b152034","REFERENCE"
"Pristimantis_penelopus_020.jpg","Craugastoridae\Pristimantis\Pristimantis penelopus\Pristimantis_penelopus_020.jpg","Pristimantis penelopus","Craugastoridae","Pristimantis","f97958b0295a32d4296c1420a70572a704d5fc5ee8bfa69df5fc4325010d718c","REFERENCE"
"Pristimantis_penelopus_021.jpg","Craugastoridae\Pristimantis\Pristimantis penelopus\Pristimantis_penelopus_021.jpg","Pristimantis penelopus","Craugastoridae","Pristimantis","2f4affc5fcac129719d2eedda1eb45d3f95b30c81b4adbc730a1527cdd07e2ba","REFERENCE"
"Pristimantis_penelopus_022.jpg","Craugastoridae\Pristimantis\Pristimantis penelopus\Pristimantis_penelopus_022.jpg","Pristimantis penelopus","Craugastoridae","Pristimantis","21db914df5dc5e1dd097c94a26a2c3224d44f948c83847ecc8e20c2a8053ef7e","REFERENCE"
"Pristimantis_penelopus_023.jpg","Craugastoridae\Pristimantis\Pristimantis penelopus\Pristimantis_penelopus_023.jpg","Pristimantis penelopus","Craugastoridae","Pristimantis","c725f463eae014963fc02ce8105d0e85a74e9512fc22a78ef9c7d8a45e6c0bae","REFERENCE"
"Pristimantis_penelopus_024.jpg","Craugastoridae\Pristimantis\Pristimantis penelopus\Pristimantis_penelopus_024.jpg","Pristimantis penelopus","Craugastoridae","Pristimantis","ff2428af29962a8b600419c86eff827dae871849ef53234658df3c99f1bd2559","REFERENCE"
"Pristimantis_penelopus_025.jpeg","Craugastoridae\Pristimantis\Pristimantis penelopus\Pristimantis_penelopus_025.jpeg","Pristimantis penelopus","Craugastoridae","Pristimantis","7dc145cae6f6567cde3615194ff9f666316fc9d078196c91c32514701c0cbb03","REFERENCE"
"Pristimantis_penelopus_026.jpeg","Craugastoridae\Pristimantis\Pristimantis penelopus\Pristimantis_penelopus_026.jpeg","Pristimantis penelopus","Craugastoridae","Pristimantis","30a028ba4bd3ab51e7509bf69a19da1a537ecf78d5f2c0c52b4d2ae07ce9008a","REFERENCE"
"Pristimantis_penelopus_027.jpeg","Craugastoridae\Pristimantis\Pristimantis penelopus\Pristimantis_penelopus_027.jpeg","Pristimantis penelopus","Craugastoridae","Pristimantis","601bae798aa8cdb6e1c3bf852b914134c45cc2434083431889ef198d3e726bd5","REFERENCE"
"Pristimantis_penelopus_028.jpeg","Craugastoridae\Pristimantis\Pristimantis penelopus\Pristimantis_penelopus_028.jpeg","Pristimantis penelopus","Craugastoridae","Pristimantis","49a8107f3303e669709b0a0d90d13d7d25a9a9f103f7be4ae2b0beab94240c32","REFERENCE"
"Pristimantis_penelopus_029.jpg","Craugastoridae\Pristimantis\Pristimantis penelopus\Pristimantis_penelopus_029.jpg","Pristimantis penelopus","Craugastoridae","Pristimantis","9d91223846bbf3daae6a9366f0369e24e45f1ad9f22fdf49bcd1c5aa305fd27a","REFERENCE"
"Pristimantis_penelopus_030.jpg","Craugastoridae\Pristimantis\Pristimantis penelopus\Pristimantis_penelopus_030.jpg","Pristimantis penelopus","Craugastoridae","Pristimantis","0bffa53b8208ce86aa524e6da717f503f587f721da218d48f7c663eecac67fd5","REFERENCE"
"Pristimantis_penelopus_031.jpeg","Craugastoridae\Pristimantis\Pristimantis penelopus\Pristimantis_penelopus_031.jpeg","Pristimantis penelopus","Craugastoridae","Pristimantis","b324be97effb6a4adb1e237452bf4fb821c70e1ef5f49e6a942d933ff308c3a3","REFERENCE"
"Pristimantis_penelopus_032.jpeg","Craugastoridae\Pristimantis\Pristimantis penelopus\Pristimantis_penelopus_032.jpeg","Pristimantis penelopus","Craugastoridae","Pristimantis","c287b660e5ac1c39f33b764a8d127fed49a0d11b23772414bd1b648ff4e6049b","REFERENCE"
"Pristimantis_penelopus_033.jpeg","Craugastoridae\Pristimantis\Pristimantis penelopus\Pristimantis_penelopus_033.jpeg","Pristimantis penelopus","Craugastoridae","Pristimantis","7022616c22997f675fe6cd5f0e1182603e2724c341d7152e1eadb1e0c983ad49","REFERENCE"
"Pristimantis_penelopus_034.jpeg","Craugastoridae\Pristimantis\Pristimantis penelopus\Pristimantis_penelopus_034.jpeg","Pristimantis penelopus","Craugastoridae","Pristimantis","040c5acd8c424f7b1b6792787751571df3caad0f3ad68e69d918cdd9314361de","REFERENCE"
"Pristimantis_penelopus_035.jpeg","Craugastoridae\Pristimantis\Pristimantis penelopus\Pristimantis_penelopus_035.jpeg","Pristimantis penelopus","Craugastoridae","Pristimantis","7dec53b91cac72d26013e838cb81e03c3824d80cedd30be9a6b34e528200b956","REFERENCE"
"Pristimantis_penelopus_036.jpeg","Craugastoridae\Pristimantis\Pristimantis penelopus\Pristimantis_penelopus_036.jpeg","Pristimantis penelopus","Craugastoridae","Pristimantis","489e53379697fb5ee3200a9632d7579e6e0b972646b58a00b13d15810a542737","REFERENCE"
"Pristimantis_penelopus_037.jpeg","Craugastoridae\Pristimantis\Pristimantis penelopus\Pristimantis_penelopus_037.jpeg","Pristimantis penelopus","Craugastoridae","Pristimantis","3b33516cfb0c411b61c98a02ea56664ca3ad35cf2341ccaaadbc58f1b5f366c4","REFERENCE"
"Pristimantis_penelopus_038.jpeg","Craugastoridae\Pristimantis\Pristimantis penelopus\Pristimantis_penelopus_038.jpeg","Pristimantis penelopus","Craugastoridae","Pristimantis","e79a24f0a2f5fec577dec752abf94a10e1038923d8b1ac29f40fa6aa1448ee5e","REFERENCE"
"Pristimantis_penelopus_039.jpeg","Craugastoridae\Pristimantis\Pristimantis penelopus\Pristimantis_penelopus_039.jpeg","Pristimantis penelopus","Craugastoridae","Pristimantis","dc9d52a3dee6d8f26f0b652724a56c7a650d2b0cb536e1b4185895653b7b131e","REFERENCE"
"Pristimantis_penelopus_040.jpeg","Craugastoridae\Pristimantis\Pristimantis penelopus\Pristimantis_penelopus_040.jpeg","Pristimantis penelopus","Craugastoridae","Pristimantis","f46f18d636797b2ff1ecfadea37131ee55b13ac69c969a12dffbe35ce4bf7636","REFERENCE"
"Pristimantis_penelopus_041.jpeg","Craugastoridae\Pristimantis\Pristimantis penelopus\Pristimantis_penelopus_041.jpeg","Pristimantis penelopus","Craugastoridae","Pristimantis","d8e128eca7dc4f5049ad78dd131659f7041eabeca1c94d049234ed4a297ecc6f","REFERENCE"
"Pristimantis_penelopus_042.jpg","Craugastoridae\Pristimantis\Pristimantis penelopus\Pristimantis_penelopus_042.jpg","Pristimantis penelopus","Craugastoridae","Pristimantis","931a871c7cbd048c239049fba67f3226ff3081f116e367e27e4b8b6b74ad8226","REFERENCE"
"Pristimantis_penelopus_043.jpeg","Craugastoridae\Pristimantis\Pristimantis penelopus\Pristimantis_penelopus_043.jpeg","Pristimantis penelopus","Craugastoridae","Pristimantis","38dee864609ecf7ed8909854c2dd9526fb61cc50ffbd239a0ac83d124f88f20e","REFERENCE"
"Pristimantis_penelopus_044.jpeg","Craugastoridae\Pristimantis\Pristimantis penelopus\Pristimantis_penelopus_044.jpeg","Pristimantis penelopus","Craugastoridae","Pristimantis","e87c581042911c74ff70040db3ba59f5b7b274cb8ff5bccacb11e1056beb6da2","REFERENCE"
"Pristimantis_penelopus_045.jpeg","Craugastoridae\Pristimantis\Pristimantis penelopus\Pristimantis_penelopus_045.jpeg","Pristimantis penelopus","Craugastoridae","Pristimantis","5a82e2301965987b554fbfac91c18b405daac77d24489b5d25cf054557fd6d41","REFERENCE"
"Pristimantis_penelopus_046.jpeg","Craugastoridae\Pristimantis\Pristimantis penelopus\Pristimantis_penelopus_046.jpeg","Pristimantis penelopus","Craugastoridae","Pristimantis","5eddb1875a9f14b9936de881d475d600a51fcda16dff5ad84b6480bc59585aea","REFERENCE"
"Pristimantis_penelopus_047.jpeg","Craugastoridae\Pristimantis\Pristimantis penelopus\Pristimantis_penelopus_047.jpeg","Pristimantis penelopus","Craugastoridae","Pristimantis","11e6cd2e57bf73b0c8fc9f0777a4576c2be60c467bb4168293f126a1c6eaea87","REFERENCE"
"Pristimantis_penelopus_048.jpeg","Craugastoridae\Pristimantis\Pristimantis penelopus\Pristimantis_penelopus_048.jpeg","Pristimantis penelopus","Craugastoridae","Pristimantis","567954a2cfd92ade6e43f20a5f1c65ad574485ecf19e48112943d8ec5bde9d4d","REFERENCE"
"Pristimantis_penelopus_049.jpeg","Craugastoridae\Pristimantis\Pristimantis penelopus\Pristimantis_penelopus_049.jpeg","Pristimantis penelopus","Craugastoridae","Pristimantis","bc0c76e3bb73b3f100b71e4532639b9789c4ad9f0a302d3dad3a9278e01b3f08","REFERENCE"
"Pristimantis_penelopus_050.jpeg","Craugastoridae\Pristimantis\Pristimantis penelopus\Pristimantis_penelopus_050.jpeg","Pristimantis penelopus","Craugastoridae","Pristimantis","c60943cda4921faff1ed3752f996066ca7b175672db7bb2b15124b74c8e0b7d6","REFERENCE"
"Pristimantis_penelopus_051.jpeg","Craugastoridae\Pristimantis\Pristimantis penelopus\Pristimantis_penelopus_051.jpeg","Pristimantis penelopus","Craugastoridae","Pristimantis","0300726d2f4a6de24102a8e2f8b17e431e1c763656c66ef28a3c260eedcd04f2","REFERENCE"
"Pristimantis_penelopus_052.jpeg","Craugastoridae\Pristimantis\Pristimantis penelopus\Pristimantis_penelopus_052.jpeg","Pristimantis penelopus","Craugastoridae","Pristimantis","868b76313cc6958fef85061839ca911f2e1e99412e6a42a23bdb1f5ab3b8260a","REFERENCE"
"Pristimantis_penelopus_053.jpeg","Craugastoridae\Pristimantis\Pristimantis penelopus\Pristimantis_penelopus_053.jpeg","Pristimantis penelopus","Craugastoridae","Pristimantis","dd9cf70b0650eb80314c768be986a7dc5832093e7610aaa273b75e6f0ba34a81","REFERENCE"
"Pristimantis_penelopus_054.jpeg","Craugastoridae\Pristimantis\Pristimantis penelopus\Pristimantis_penelopus_054.jpeg","Pristimantis penelopus","Craugastoridae","Pristimantis","583306b30b75602011e19cdf7145b5b31c497658583ac78e4bcb3e11c2ddcaab","REFERENCE"
"Pristimantis_penelopus_055.jpg","Craugastoridae\Pristimantis\Pristimantis penelopus\Pristimantis_penelopus_055.jpg","Pristimantis penelopus","Craugastoridae","Pristimantis","8231390c216b65364b73fb71b2ea91744eeb5256f4f2a1b377e293e92a12437d","REFERENCE"
"Pristimantis_penelopus_056.jpeg","Craugastoridae\Pristimantis\Pristimantis penelopus\Pristimantis_penelopus_056.jpeg","Pristimantis penelopus","Craugastoridae","Pristimantis","7455c243ae2d6bdd13842b39e4da95b3bbf2ddcd0a415e759f642a77eead9898","REFERENCE"
"Pristimantis_penelopus_057.jpeg","Craugastoridae\Pristimantis\Pristimantis penelopus\Pristimantis_penelopus_057.jpeg","Pristimantis penelopus","Craugastoridae","Pristimantis","4bcf04b93d5a0c0990294d44ca3296691d4d54b2b75306d163b3a931cf5873b9","REFERENCE"
"Pristimantis_penelopus_058.jpeg","Craugastoridae\Pristimantis\Pristimantis penelopus\Pristimantis_penelopus_058.jpeg","Pristimantis penelopus","Craugastoridae","Pristimantis","038d5220c0229ee78fbfee190ea75b145be25a48a5b1eea9a0ef942bda7d85f3","REFERENCE"
"Pristimantis_penelopus_059.jpg","Craugastoridae\Pristimantis\Pristimantis penelopus\Pristimantis_penelopus_059.jpg","Pristimantis penelopus","Craugastoridae","Pristimantis","a5ef25889aa6fa60019f98a46be4637340bf717791aee2afb095db612958c49c","REFERENCE"
"Pristimantis_penelopus_060.jpeg","Craugastoridae\Pristimantis\Pristimantis penelopus\Pristimantis_penelopus_060.jpeg","Pristimantis penelopus","Craugastoridae","Pristimantis","f470b259dd22ec0f6119cf2d3ce36ffc05f4fc9f340281a02d8652b851c4c5fe","REFERENCE"
"Pristimantis_penelopus_061.jpg","Craugastoridae\Pristimantis\Pristimantis penelopus\Pristimantis_penelopus_061.jpg","Pristimantis penelopus","Craugastoridae","Pristimantis","a7c0967734825ef77aec66a856cfba8008fe491712c20657c7e03ef0b6937ec1","REFERENCE"
"Pristimantis_penelopus_062.jpeg","Craugastoridae\Pristimantis\Pristimantis penelopus\Pristimantis_penelopus_062.jpeg","Pristimantis penelopus","Craugastoridae","Pristimantis","689f13d21ca52cb027cb1c76694603552c408e540d51952ae770b14d72961ea6","REFERENCE"
"Pristimantis_penelopus_063.jpg","Craugastoridae\Pristimantis\Pristimantis penelopus\Pristimantis_penelopus_063.jpg","Pristimantis penelopus","Craugastoridae","Pristimantis","2a54bdb5065ff0632cae5576e568da1e7f1cf28ee3e29b51d975dc20ae795de3","REFERENCE"
"Pristimantis_penelopus_064.jpeg","Craugastoridae\Pristimantis\Pristimantis penelopus\Pristimantis_penelopus_064.jpeg","Pristimantis penelopus","Craugastoridae","Pristimantis","1d51995f61a7efec127b7ff0f45a7d18013a7b23f56d6563b6150c7ab283e842","REFERENCE"
"Pristimantis_penelopus_065.jpg","Craugastoridae\Pristimantis\Pristimantis penelopus\Pristimantis_penelopus_065.jpg","Pristimantis penelopus","Craugastoridae","Pristimantis","cf37d70b9a63eda30cd171c29ae683a8e608c18cae1ec011ae124f519de6ec90","REFERENCE"
"Pristimantis_penelopus_066.jpeg","Craugastoridae\Pristimantis\Pristimantis penelopus\Pristimantis_penelopus_066.jpeg","Pristimantis penelopus","Craugastoridae","Pristimantis","5fdbc6189f71eef035b35735d2fdb06e7ad3fd9a0cf9e67b98004dc324465ebc","REFERENCE"
"Pristimantis_penelopus_067.jpg","Craugastoridae\Pristimantis\Pristimantis penelopus\Pristimantis_penelopus_067.jpg","Pristimantis penelopus","Craugastoridae","Pristimantis","b03a3226772c4ac0b62586be2d0e5265e07e32c5f41971ea65d2d7ea169a0631","REFERENCE"
"Pristimantis_penelopus_068.jpg","Craugastoridae\Pristimantis\Pristimantis penelopus\Pristimantis_penelopus_068.jpg","Pristimantis penelopus","Craugastoridae","Pristimantis","469564b6b018a860971bf61cd1c86e7dee82d2a7c32365144e9fdf22a56089ac","REFERENCE"
"Pristimantis_penelopus_069.jpg","Craugastoridae\Pristimantis\Pristimantis penelopus\Pristimantis_penelopus_069.jpg","Pristimantis penelopus","Craugastoridae","Pristimantis","dbc8f56aad19ff23faa8782d72d2c0f4391083aa31224558ee44c1c1c084835a","REFERENCE"
"Pristimantis_penelopus_070.jpg","Craugastoridae\Pristimantis\Pristimantis penelopus\Pristimantis_penelopus_070.jpg","Pristimantis penelopus","Craugastoridae","Pristimantis","8c57acd2aee6772347574c99abfdb4e8dfbda01abadd1aaaaeafc311a3968d7e","REFERENCE"
"Pristimantis_penelopus_071.jpg","Craugastoridae\Pristimantis\Pristimantis penelopus\Pristimantis_penelopus_071.jpg","Pristimantis penelopus","Craugastoridae","Pristimantis","7173e08084fa889944e8cec1559529f1a8640072c686a19842c7e060ee5df9df","REFERENCE"
"Pristimantis_penelopus_072.jpg","Craugastoridae\Pristimantis\Pristimantis penelopus\Pristimantis_penelopus_072.jpg","Pristimantis penelopus","Craugastoridae","Pristimantis","83c6a1cd0cda2b6a7749a1999e121d40a13a7a83e910a1c09c0648ad343e030e","REFERENCE"
"Pristimantis_penelopus_073.jpg","Craugastoridae\Pristimantis\Pristimantis penelopus\Pristimantis_penelopus_073.jpg","Pristimantis penelopus","Craugastoridae","Pristimantis","3622f94bb77a2d47f03640946bace7bc879a0794183d4a4db517e22d4d9650ae","REFERENCE"
"Pristimantis_penelopus_074.jpg","Craugastoridae\Pristimantis\Pristimantis penelopus\Pristimantis_penelopus_074.jpg","Pristimantis penelopus","Craugastoridae","Pristimantis","2054dac2f4ac63af91bdb7cf2645daef9c2ddcc3d97ac7c675d5321ad73fc137","REFERENCE"
"Pristimantis_penelopus_075.jpg","Craugastoridae\Pristimantis\Pristimantis penelopus\Pristimantis_penelopus_075.jpg","Pristimantis penelopus","Craugastoridae","Pristimantis","00f670c4a21d783cabf42b857c2eea871b180980877743d71a4dfafcf57fe608","REFERENCE"
"Pristimantis_penelopus_076.jpg","Craugastoridae\Pristimantis\Pristimantis penelopus\Pristimantis_penelopus_076.jpg","Pristimantis penelopus","Craugastoridae","Pristimantis","f7a8ed86daf051e8e17c5ea7f2d3c1ae0d5f3dabd243395514a5d74864782697","REFERENCE"
"Pristimantis_penelopus_077.jpg","Craugastoridae\Pristimantis\Pristimantis penelopus\Pristimantis_penelopus_077.jpg","Pristimantis penelopus","Craugastoridae","Pristimantis","22ff1637384629da438ddf6acce35c3f74c7ed9ec80c4a120b4e9d08cd6a2dfc","REFERENCE"
"Pristimantis_penelopus_078.jpg","Craugastoridae\Pristimantis\Pristimantis penelopus\Pristimantis_penelopus_078.jpg","Pristimantis penelopus","Craugastoridae","Pristimantis","9e3c74480d4ac877140d40eaa4d707e63c6348bd1bd606ecb1949e9fcee4ffd7","REFERENCE"
"Pristimantis_penelopus_079.jpg","Craugastoridae\Pristimantis\Pristimantis penelopus\Pristimantis_penelopus_079.jpg","Pristimantis penelopus","Craugastoridae","Pristimantis","a7af5b573956e92dba0bcb53ddde36066f053633df1dea45c623eb0164cd7811","REFERENCE"
"Pristimantis_penelopus_080.jpg","Craugastoridae\Pristimantis\Pristimantis penelopus\Pristimantis_penelopus_080.jpg","Pristimantis penelopus","Craugastoridae","Pristimantis","6e389ff485b5dea4b3f9209cc5b45bdb5fc1435a02794f662cbf165a6c9a45a8","REFERENCE"
"Rhinella_alata_001.jpg","Bufonidae\Rhinella\Rhinella alata\Rhinella_alata_001.jpg","Rhinella alata","Bufonidae","Rhinella","55b6f58a5f390a39587daacea3c4008ec280d018304fd4252bfe8a9dad968013","REFERENCE"
"Rhinella_alata_002.jpg","Bufonidae\Rhinella\Rhinella alata\Rhinella_alata_002.jpg","Rhinella alata","Bufonidae","Rhinella","be053db86b6f4decb2de4500f6c2338eac44ac80c702a69db41a0e8d3de7b875","REFERENCE"
"Rhinella_alata_003.jpg","Bufonidae\Rhinella\Rhinella alata\Rhinella_alata_003.jpg","Rhinella alata","Bufonidae","Rhinella","e7c89bb839793eccdb28644375210c0abf580aff152a70cf69df4a0f0f0e6279","REFERENCE"
"Rhinella_alata_004.jpg","Bufonidae\Rhinella\Rhinella alata\Rhinella_alata_004.jpg","Rhinella alata","Bufonidae","Rhinella","2db813f798d8fbf1f43d7234b4788fbd47b2c7220b27fee60674799ec984cceb","REFERENCE"
"Rhinella_alata_005.jpg","Bufonidae\Rhinella\Rhinella alata\Rhinella_alata_005.jpg","Rhinella alata","Bufonidae","Rhinella","0295a8370482e3871edac9d821a334e02dff1fe1b46f6e8ed33c2437e960be0f","REFERENCE"
"Rhinella_alata_006.jpg","Bufonidae\Rhinella\Rhinella alata\Rhinella_alata_006.jpg","Rhinella alata","Bufonidae","Rhinella","5915a6cbd2e11ea2d71be402d2cf378b5f6c2a8b270abf3b2e106b76b1483467","REFERENCE"
"Rhinella_alata_007.jpg","Bufonidae\Rhinella\Rhinella alata\Rhinella_alata_007.jpg","Rhinella alata","Bufonidae","Rhinella","7ca82877f2d309db63abbca2498774c816c8e27053c15ae6a53ecadf7c8f88c6","REFERENCE"
"Rhinella_alata_008.jpg","Bufonidae\Rhinella\Rhinella alata\Rhinella_alata_008.jpg","Rhinella alata","Bufonidae","Rhinella","ca4b97013715942fd898a05034b0f88f1b51693b076498abf1d6012cd046d760","REFERENCE"
"Rhinella_alata_009.jpg","Bufonidae\Rhinella\Rhinella alata\Rhinella_alata_009.jpg","Rhinella alata","Bufonidae","Rhinella","b599bea72e1d568c214ad22ee6b4d810aafdc9a19edca4ba96670c381f9621fc","REFERENCE"
"Rhinella_alata_010.jpg","Bufonidae\Rhinella\Rhinella alata\Rhinella_alata_010.jpg","Rhinella alata","Bufonidae","Rhinella","43eb3e56e990789f86e02652d0eab10c82d380aa07c8c27e8ec1c9acc8147514","REFERENCE"
"Rhinella_alata_011.jpg","Bufonidae\Rhinella\Rhinella alata\Rhinella_alata_011.jpg","Rhinella alata","Bufonidae","Rhinella","9ea61288cc9f99e7bbf0d0a7791b0d5c355f39d8f811288a333519f0336dc5eb","REFERENCE"
"Rhinella_alata_012.jpg","Bufonidae\Rhinella\Rhinella alata\Rhinella_alata_012.jpg","Rhinella alata","Bufonidae","Rhinella","fdca4fcac1bf064326fad129fb2ad0410b0d7bd5e83d03ab52fb0aa20f68da22","REFERENCE"
"Rhinella_alata_013.jpg","Bufonidae\Rhinella\Rhinella alata\Rhinella_alata_013.jpg","Rhinella alata","Bufonidae","Rhinella","9308dcbb212142c0617e800153a9f297595e09a064fb03c051dccc269b1ca48e","REFERENCE"
"Rhinella_alata_014.jpg","Bufonidae\Rhinella\Rhinella alata\Rhinella_alata_014.jpg","Rhinella alata","Bufonidae","Rhinella","17b49853d78c5e1d8f8a6872bbfe04d69726de50bf7db693f02c3c7989510b26","REFERENCE"
"Rhinella_alata_015.jpg","Bufonidae\Rhinella\Rhinella alata\Rhinella_alata_015.jpg","Rhinella alata","Bufonidae","Rhinella","bdec1f06bb4a857ed400a139c93b9ac03ca6775c2003e12e9f4ffa7f5234d481","REFERENCE"
"Rhinella_alata_016.jpg","Bufonidae\Rhinella\Rhinella alata\Rhinella_alata_016.jpg","Rhinella alata","Bufonidae","Rhinella","47d10e7412ff79e76e657ae4fce69655854003aec5b9518416e1ab768061596a","REFERENCE"
"Rhinella_alata_017.jpg","Bufonidae\Rhinella\Rhinella alata\Rhinella_alata_017.jpg","Rhinella alata","Bufonidae","Rhinella","807baade6eff8d1827c71f5072f8891e8624e6e41945f4bcacd5c3ea29313920","REFERENCE"
"Rhinella_alata_018.jpg","Bufonidae\Rhinella\Rhinella alata\Rhinella_alata_018.jpg","Rhinella alata","Bufonidae","Rhinella","461a4f171d5a1c59e1b14a02038e70f472320d71eed2fb821b11e8f9661637ee","REFERENCE"
"Rhinella_alata_019.jpg","Bufonidae\Rhinella\Rhinella alata\Rhinella_alata_019.jpg","Rhinella alata","Bufonidae","Rhinella","0113adb9258361c33d0a3c6e324a49b9f45f1398d4a035d080cc5af001147913","REFERENCE"
"Rhinella_alata_020.jpg","Bufonidae\Rhinella\Rhinella alata\Rhinella_alata_020.jpg","Rhinella alata","Bufonidae","Rhinella","31eeac2f7a779a1100bfb82445f996d07798c23ce59f9f23195ad91a91673d08","REFERENCE"
"Rhinella_alata_021.jpg","Bufonidae\Rhinella\Rhinella alata\Rhinella_alata_021.jpg","Rhinella alata","Bufonidae","Rhinella","7dc930764c61573fa81c1f07c794fa6630b9a8a85f2500a5d11bc9081b2131ec","REFERENCE"
"Rhinella_alata_022.jpg","Bufonidae\Rhinella\Rhinella alata\Rhinella_alata_022.jpg","Rhinella alata","Bufonidae","Rhinella","3af4ac2555bc338d149c7746803b3dcba0f52226c5fc42cfd2b3706ed37371ab","REFERENCE"
"Rhinella_alata_023.jpg","Bufonidae\Rhinella\Rhinella alata\Rhinella_alata_023.jpg","Rhinella alata","Bufonidae","Rhinella","3cc079fecbabff7002d1d2c6e2b0fbb22366dbccb01d49c3794d16c0ac84f6b0","REFERENCE"
"Rhinella_alata_024.jpg","Bufonidae\Rhinella\Rhinella alata\Rhinella_alata_024.jpg","Rhinella alata","Bufonidae","Rhinella","ebd5b94d9e2370c11a74ae99866246ba01fc22da01b874e76d5451ff108ae558","REFERENCE"
"Rhinella_alata_025.jpg","Bufonidae\Rhinella\Rhinella alata\Rhinella_alata_025.jpg","Rhinella alata","Bufonidae","Rhinella","0cb1cf6e7d96483d235fc1134a73e1c092b61f7fe9c25af89c7a1d1869932d33","REFERENCE"
"Rhinella_alata_026.jpg","Bufonidae\Rhinella\Rhinella alata\Rhinella_alata_026.jpg","Rhinella alata","Bufonidae","Rhinella","ab3915ad3c3d9928d3e47c6f4bb5362955e2a030abc9d0b8ef7e2873f4b3b63c","REFERENCE"
"Rhinella_alata_027.jpg","Bufonidae\Rhinella\Rhinella alata\Rhinella_alata_027.jpg","Rhinella alata","Bufonidae","Rhinella","02b429348761d5e24f683d40476b0862554a31e9cbba62e2d55db5223c8ff733","REFERENCE"
"Rhinella_alata_028.jpg","Bufonidae\Rhinella\Rhinella alata\Rhinella_alata_028.jpg","Rhinella alata","Bufonidae","Rhinella","9d09c0865f522cc97714fd3e5a41f6b65459cec09fb32e5b21c6305db0d9f7b9","REFERENCE"
"Rhinella_alata_029.jpg","Bufonidae\Rhinella\Rhinella alata\Rhinella_alata_029.jpg","Rhinella alata","Bufonidae","Rhinella","50085a1675605129085f76d87d7bac3978221d6520c09c5c361bd0eb5a04e05e","REFERENCE"
"Rhinella_alata_030.jpg","Bufonidae\Rhinella\Rhinella alata\Rhinella_alata_030.jpg","Rhinella alata","Bufonidae","Rhinella","5ab7c51341f2a27541fbecd36d8bbe6c31ec53c8656d2b73141d55d9653d797b","REFERENCE"
"Rhinella_alata_031.jpg","Bufonidae\Rhinella\Rhinella alata\Rhinella_alata_031.jpg","Rhinella alata","Bufonidae","Rhinella","9b21d351c594052e02e57b06e50907c319c5594cf41b354b2f04b8e9332a8de7","REFERENCE"
"Rhinella_alata_032.jpg","Bufonidae\Rhinella\Rhinella alata\Rhinella_alata_032.jpg","Rhinella alata","Bufonidae","Rhinella","81d5c02622059f9e5b990dd2d6626ef255c8b5f164e68091d282910b27bb0ce8","REFERENCE"
"Rhinella_alata_033.jpg","Bufonidae\Rhinella\Rhinella alata\Rhinella_alata_033.jpg","Rhinella alata","Bufonidae","Rhinella","f4ca9cd4f66821123fa12b2288b7c864e4b255586fbc28923ff19a065542dd7d","REFERENCE"
"Rhinella_alata_034.jpg","Bufonidae\Rhinella\Rhinella alata\Rhinella_alata_034.jpg","Rhinella alata","Bufonidae","Rhinella","33e2bb4dfda267789aa9c2c1127250da2353d550181f79cfcda8af8c6c910abc","REFERENCE"
"Rhinella_alata_035.jpg","Bufonidae\Rhinella\Rhinella alata\Rhinella_alata_035.jpg","Rhinella alata","Bufonidae","Rhinella","2624c418972129936cde43416e91ec2a03526261b780dd9fe9f63257377922d4","REFERENCE"
"Rhinella_alata_036.jpg","Bufonidae\Rhinella\Rhinella alata\Rhinella_alata_036.jpg","Rhinella alata","Bufonidae","Rhinella","29407b5f7f6e5793d4e9bb782b68a2e6c3eda0ab2e52da559a44a2eb4c4c2a14","REFERENCE"
"Rhinella_alata_037.jpg","Bufonidae\Rhinella\Rhinella alata\Rhinella_alata_037.jpg","Rhinella alata","Bufonidae","Rhinella","1eb005fa44969296ade9cd07c26e75dabc81cd3dc0d0ae78caf147d8f9c66eec","REFERENCE"
"Rhinella_alata_038.jpg","Bufonidae\Rhinella\Rhinella alata\Rhinella_alata_038.jpg","Rhinella alata","Bufonidae","Rhinella","249444109826bb1d7a30280c91676b49002791a5288b9017de837fd882c67fd5","REFERENCE"
"Rhinella_alata_039.jpg","Bufonidae\Rhinella\Rhinella alata\Rhinella_alata_039.jpg","Rhinella alata","Bufonidae","Rhinella","5b5fe7d48ecc938f20905d786e0800d514efadecf6dabe6dae3e89eed5bc3fd8","REFERENCE"
"Rhinella_alata_040.jpg","Bufonidae\Rhinella\Rhinella alata\Rhinella_alata_040.jpg","Rhinella alata","Bufonidae","Rhinella","b1d28b00477a9a88899b11548b01e6ea391a2a9b88624b103dfc03815fae77c4","REFERENCE"
"Rhinella_alata_041.jpg","Bufonidae\Rhinella\Rhinella alata\Rhinella_alata_041.jpg","Rhinella alata","Bufonidae","Rhinella","ce04afd75998be97abe3acfde75410f5861c41a7e8fce590eeaf423b9e321702","REFERENCE"
"Rhinella_alata_042.jpg","Bufonidae\Rhinella\Rhinella alata\Rhinella_alata_042.jpg","Rhinella alata","Bufonidae","Rhinella","5172cf62c316757779915b66729250b5328d0f456b5514ad91d5d5a862c94749","REFERENCE"
"Rhinella_alata_043.jpg","Bufonidae\Rhinella\Rhinella alata\Rhinella_alata_043.jpg","Rhinella alata","Bufonidae","Rhinella","3921529a03c5a6918ff64d7082464cc3f9374c09dec60cae004eb47a7f0c78d2","REFERENCE"
"Rhinella_alata_044.jpg","Bufonidae\Rhinella\Rhinella alata\Rhinella_alata_044.jpg","Rhinella alata","Bufonidae","Rhinella","649a8456f7c0fdb9dbb2ef43d7c28658153cd804ec9b5f6e97a637f4b4cc374e","REFERENCE"
"Rhinella_alata_045.jpg","Bufonidae\Rhinella\Rhinella alata\Rhinella_alata_045.jpg","Rhinella alata","Bufonidae","Rhinella","a08c536a11703b859c2e3a823bed35bea7d142aff798b4fade72709522746d20","REFERENCE"
"Rhinella_alata_046.jpg","Bufonidae\Rhinella\Rhinella alata\Rhinella_alata_046.jpg","Rhinella alata","Bufonidae","Rhinella","994ff3b65ab2ecd1d12a8a157cb9be5c641775c98fbb34ab34ef1e08253e93d2","REFERENCE"
"Rhinella_alata_047.jpg","Bufonidae\Rhinella\Rhinella alata\Rhinella_alata_047.jpg","Rhinella alata","Bufonidae","Rhinella","4f8c378b3ddbf6f08d10ede9d2b0dbe83eab69d70cd92b263798a173ff8e9aac","REFERENCE"
"Rhinella_alata_048.jpg","Bufonidae\Rhinella\Rhinella alata\Rhinella_alata_048.jpg","Rhinella alata","Bufonidae","Rhinella","580ac317dd6d054cffccb0bfad26e5f27ff8cff21c0ffbb32abd144a9a7e6ab0","REFERENCE"
"Rhinella_alata_049.jpg","Bufonidae\Rhinella\Rhinella alata\Rhinella_alata_049.jpg","Rhinella alata","Bufonidae","Rhinella","f1a82f857c33a895d79b161cf72e41248d7bd3b28b79b3b91e55149ba5e0299f","REFERENCE"
"Rhinella_alata_050.jpg","Bufonidae\Rhinella\Rhinella alata\Rhinella_alata_050.jpg","Rhinella alata","Bufonidae","Rhinella","80d2090a90d8aa74c9fa0b46ec98581b3199fac603d80cac82ca2da76c875d38","REFERENCE"
"Rhinella_alata_051.jpg","Bufonidae\Rhinella\Rhinella alata\Rhinella_alata_051.jpg","Rhinella alata","Bufonidae","Rhinella","dd7d98489112037262d0c9105fb4a118b5240ea323de52842392994e1bb4446d","REFERENCE"
"Rhinella_alata_052.jpg","Bufonidae\Rhinella\Rhinella alata\Rhinella_alata_052.jpg","Rhinella alata","Bufonidae","Rhinella","2d312fbabbc5c852296564dd38fb7f4448f06dcfdc6d58279a3301e7df979881","REFERENCE"
"Rhinella_alata_053.jpg","Bufonidae\Rhinella\Rhinella alata\Rhinella_alata_053.jpg","Rhinella alata","Bufonidae","Rhinella","c8b04d9b686b5c23234dbf0c8916ea33b41c4c4e4aa3ae6892133e93626b1b05","REFERENCE"
"Rhinella_alata_054.jpg","Bufonidae\Rhinella\Rhinella alata\Rhinella_alata_054.jpg","Rhinella alata","Bufonidae","Rhinella","93c2301c8d5e1d2bd4bb698dd669e3bc4191943f3f8f6169109b5bd0a711e885","REFERENCE"
"Rhinella_alata_055.jpg","Bufonidae\Rhinella\Rhinella alata\Rhinella_alata_055.jpg","Rhinella alata","Bufonidae","Rhinella","53128020dbbf1a79c19b8724d5898071892b9c93aa0af471ff2fadd57c79d3ec","REFERENCE"
"Rhinella_alata_056.jpg","Bufonidae\Rhinella\Rhinella alata\Rhinella_alata_056.jpg","Rhinella alata","Bufonidae","Rhinella","66a6f92139fae9325d5db27f6d13bec8e006c6302229df9bb337d907dbeed959","REFERENCE"
"Rhinella_alata_057.jpg","Bufonidae\Rhinella\Rhinella alata\Rhinella_alata_057.jpg","Rhinella alata","Bufonidae","Rhinella","580bfc9574b506134ada8c921a8201613409619f292fd7234050437f8469a7fe","REFERENCE"
"Rhinella_alata_058.jpg","Bufonidae\Rhinella\Rhinella alata\Rhinella_alata_058.jpg","Rhinella alata","Bufonidae","Rhinella","fc7869b00f869a49585e3109167d3db0c28ce18d117e8c549f17857021d75838","REFERENCE"
"Rhinella_alata_059.jpg","Bufonidae\Rhinella\Rhinella alata\Rhinella_alata_059.jpg","Rhinella alata","Bufonidae","Rhinella","75b34438e414144ce3ed0b0550728a4bb0fa3e449269806012fbed1c87e12e95","REFERENCE"
"Rhinella_alata_060.jpg","Bufonidae\Rhinella\Rhinella alata\Rhinella_alata_060.jpg","Rhinella alata","Bufonidae","Rhinella","47a026755098e4ea356b7911ee56bfb733a17564ebec53269a1157c81c8957bf","REFERENCE"
"Rhinella_alata_061.jpg","Bufonidae\Rhinella\Rhinella alata\Rhinella_alata_061.jpg","Rhinella alata","Bufonidae","Rhinella","76a3d9e042f4b96941cdfc62d69c0ee882fd0c521c5f9dcfde87b1d318cecb3f","REFERENCE"
"Rhinella_alata_062.jpg","Bufonidae\Rhinella\Rhinella alata\Rhinella_alata_062.jpg","Rhinella alata","Bufonidae","Rhinella","10b35ce455ed01474c65037e6ed113b5ab78bc7d3b864662bd401517a021a384","REFERENCE"
"Rhinella_alata_063.jpg","Bufonidae\Rhinella\Rhinella alata\Rhinella_alata_063.jpg","Rhinella alata","Bufonidae","Rhinella","a6b9bd42a6c1de471d710ee73b1724d09615ed3e875aeb19696bf2b286563000","REFERENCE"
"Rhinella_alata_064.jpg","Bufonidae\Rhinella\Rhinella alata\Rhinella_alata_064.jpg","Rhinella alata","Bufonidae","Rhinella","5af8482f5f9ef07e138c21ecf5fcc1083ef74832f7dbae17a4c7934ed1d7facf","REFERENCE"
"Rhinella_alata_065.jpg","Bufonidae\Rhinella\Rhinella alata\Rhinella_alata_065.jpg","Rhinella alata","Bufonidae","Rhinella","5c09c5adf18a064dfe0f170d10c702c5843080060451335d3730ce7b5e28506b","REFERENCE"
"Rhinella_alata_066.jpg","Bufonidae\Rhinella\Rhinella alata\Rhinella_alata_066.jpg","Rhinella alata","Bufonidae","Rhinella","3ea79c056f0dd7b65260f0975befd10fe3b691c9839401cb8052c29acfaea06e","REFERENCE"
"Rhinella_alata_067.jpg","Bufonidae\Rhinella\Rhinella alata\Rhinella_alata_067.jpg","Rhinella alata","Bufonidae","Rhinella","06b4a99307211750f71542b57696df1e407701660cef37ba39cd8df543cca027","REFERENCE"
"Rhinella_alata_068.jpg","Bufonidae\Rhinella\Rhinella alata\Rhinella_alata_068.jpg","Rhinella alata","Bufonidae","Rhinella","40680b44aa8425bb4bd4caa2e199697bce5b889a21accfe7798082ca6a98f8ac","REFERENCE"
"Rhinella_alata_069.jpg","Bufonidae\Rhinella\Rhinella alata\Rhinella_alata_069.jpg","Rhinella alata","Bufonidae","Rhinella","dad6899d40d2eb59a2bf4a7375e9cef5ebfe8724209dde1fd4ee79f28fcdff6c","REFERENCE"
"Rhinella_alata_070.jpg","Bufonidae\Rhinella\Rhinella alata\Rhinella_alata_070.jpg","Rhinella alata","Bufonidae","Rhinella","5dd35973bc56098d4e76be2041239f22b0374dc48a33bd5676093234f0a5a817","REFERENCE"
"Rhinella_alata_071.jpg","Bufonidae\Rhinella\Rhinella alata\Rhinella_alata_071.jpg","Rhinella alata","Bufonidae","Rhinella","bd0f449e79725a0b3d5439a97be949fa270715649a8ef485b5a87d311f472240","REFERENCE"
"Rhinella_alata_072.jpg","Bufonidae\Rhinella\Rhinella alata\Rhinella_alata_072.jpg","Rhinella alata","Bufonidae","Rhinella","e2adb9fdd88ed991c08810f398e4fce0ac5577fe18e5cc3f94ae0aeef03c83f2","REFERENCE"
"Rhinella_alata_073.jpg","Bufonidae\Rhinella\Rhinella alata\Rhinella_alata_073.jpg","Rhinella alata","Bufonidae","Rhinella","26019b808e3ac7cb95dfd6d7c282ef3e392d7edf7a200e9ed8ea2489d005a768","REFERENCE"
"Rhinella_alata_074.jpg","Bufonidae\Rhinella\Rhinella alata\Rhinella_alata_074.jpg","Rhinella alata","Bufonidae","Rhinella","4a2b323767b779a6a60ea2878c594e882dc43e124f130aac5f82bcf0692af550","REFERENCE"
"Rhinella_alata_075.jpg","Bufonidae\Rhinella\Rhinella alata\Rhinella_alata_075.jpg","Rhinella alata","Bufonidae","Rhinella","87ae5ba32848035869eae43d3b9c3b89ca482e83a2d038078b76bbc746e7499b","REFERENCE"
"Rhinella_alata_076.jpg","Bufonidae\Rhinella\Rhinella alata\Rhinella_alata_076.jpg","Rhinella alata","Bufonidae","Rhinella","87732dbb52cc816cf557693449c30b507bb48a2c70ae6c61dff583b94b54b21d","REFERENCE"
"Rhinella_alata_077.jpg","Bufonidae\Rhinella\Rhinella alata\Rhinella_alata_077.jpg","Rhinella alata","Bufonidae","Rhinella","f9a1889b16d51039dedd00694fcab471d7902fead3731907b52fd233d2114dea","REFERENCE"
"Rhinella_alata_078.jpg","Bufonidae\Rhinella\Rhinella alata\Rhinella_alata_078.jpg","Rhinella alata","Bufonidae","Rhinella","01700e13bcddb54b6f02a5752fe24f14ebeaf3d930b75dd968124dfc48141100","REFERENCE"
"Rhinella_alata_079.jpg","Bufonidae\Rhinella\Rhinella alata\Rhinella_alata_079.jpg","Rhinella alata","Bufonidae","Rhinella","852d78c6af8fa9d206cac4d40f5cdfc0f838c2ba28b3145b19b56a73d9013b10","REFERENCE"
"Rhinella_alata_080.jpg","Bufonidae\Rhinella\Rhinella alata\Rhinella_alata_080.jpg","Rhinella alata","Bufonidae","Rhinella","b4e094158c88e89b98f1cfb44a577dcd72c6e4851c7fcd278a953751ddd18f64","REFERENCE"
"Rhinella_alata_081.jpg","Bufonidae\Rhinella\Rhinella alata\Rhinella_alata_081.jpg","Rhinella alata","Bufonidae","Rhinella","60f95deb2937e5d9bee534ca91d126b2b14eec5054876909aa243178579f202a","REFERENCE"
"Rhinella_alata_082.jpg","Bufonidae\Rhinella\Rhinella alata\Rhinella_alata_082.jpg","Rhinella alata","Bufonidae","Rhinella","17a3af18ebcbc7cc924b9ec527a6d64a3b5734f38fffa744deb8f2e5296124cb","REFERENCE"
"Rhinella_alata_083.jpg","Bufonidae\Rhinella\Rhinella alata\Rhinella_alata_083.jpg","Rhinella alata","Bufonidae","Rhinella","7b5ece9b48cc89355fba6aa26c6d2b763e12bfc4f7442a4c75cba7717b6bef90","REFERENCE"
"Rhinella_alata_084.jpg","Bufonidae\Rhinella\Rhinella alata\Rhinella_alata_084.jpg","Rhinella alata","Bufonidae","Rhinella","69db9a0934b4d19b378eb36b4ee6ccf3c13ff59a954ccc56a23657be8bda013b","REFERENCE"
"Rhinella_alata_085.jpg","Bufonidae\Rhinella\Rhinella alata\Rhinella_alata_085.jpg","Rhinella alata","Bufonidae","Rhinella","02a1bd7aac25a82f75892e2588a89decad6b124f69f4466ab05eb4f4e55f8cf4","REFERENCE"
"Rhinella_horribilis_001.jpg","Bufonidae\Rhinella\Rhinella horribilis\Rhinella_horribilis_001.jpg","Rhinella horribilis","Bufonidae","Rhinella","cd49af0d5cc195457e2ef253ab9dcaf772e574abd41cabd33b62b5ff3d1a7124","REFERENCE"
"Rhinella_horribilis_002.jpg","Bufonidae\Rhinella\Rhinella horribilis\Rhinella_horribilis_002.jpg","Rhinella horribilis","Bufonidae","Rhinella","e5d152fa08478942d734cba8bfcb9dd29a01824ea229d19d67877185d38b1f57","REFERENCE"
"Rhinella_horribilis_003.jpg","Bufonidae\Rhinella\Rhinella horribilis\Rhinella_horribilis_003.jpg","Rhinella horribilis","Bufonidae","Rhinella","f775bb3b95ef0951cb82b0912c9fa59b21f568aec796d351c5fd4266273b6af5","REFERENCE"
"Rhinella_horribilis_004.jpg","Bufonidae\Rhinella\Rhinella horribilis\Rhinella_horribilis_004.jpg","Rhinella horribilis","Bufonidae","Rhinella","ff3d7df073a791684bc07099e7020b6f3f849a37b8b19db6dec38f42a809b33c","REFERENCE"
"Rhinella_horribilis_005.jpg","Bufonidae\Rhinella\Rhinella horribilis\Rhinella_horribilis_005.jpg","Rhinella horribilis","Bufonidae","Rhinella","78291a2debdae1a4312a26fa56723b5673ac74a931371609d86df9d80c4dd3e2","REFERENCE"
"Rhinella_horribilis_006.jpg","Bufonidae\Rhinella\Rhinella horribilis\Rhinella_horribilis_006.jpg","Rhinella horribilis","Bufonidae","Rhinella","0f0335c18a7df9fa6e7a66f3dc644e23714c60b231a8b6a79bbe286807f5c41c","REFERENCE"
"Rhinella_horribilis_007.jpg","Bufonidae\Rhinella\Rhinella horribilis\Rhinella_horribilis_007.jpg","Rhinella horribilis","Bufonidae","Rhinella","2e26f35b666673e627eeb27a87a99495152a95f90bd6ffd5de3e93c1c6b0baa5","REFERENCE"
"Rhinella_horribilis_008.jpg","Bufonidae\Rhinella\Rhinella horribilis\Rhinella_horribilis_008.jpg","Rhinella horribilis","Bufonidae","Rhinella","2116647d711ec540392773b60e90f66fadf694b4c7d3b6b7cfa2ff4ab15274a7","REFERENCE"
"Rhinella_horribilis_009.jpg","Bufonidae\Rhinella\Rhinella horribilis\Rhinella_horribilis_009.jpg","Rhinella horribilis","Bufonidae","Rhinella","12bdacbd58ef2187cc71128405d4f70ddf43a314719d9bf67d1750c503ce05b3","REFERENCE"
"Rhinella_horribilis_010.jpg","Bufonidae\Rhinella\Rhinella horribilis\Rhinella_horribilis_010.jpg","Rhinella horribilis","Bufonidae","Rhinella","92e383780ff75c740f532962886a4022e44b74e50f5836540a694fcb80340914","REFERENCE"
"Rhinella_horribilis_011.jpg","Bufonidae\Rhinella\Rhinella horribilis\Rhinella_horribilis_011.jpg","Rhinella horribilis","Bufonidae","Rhinella","cdb69bff85209ae243b559e7261808b066ce278ac62821001979df7a61b25ce2","REFERENCE"
"Rhinella_horribilis_012.jpg","Bufonidae\Rhinella\Rhinella horribilis\Rhinella_horribilis_012.jpg","Rhinella horribilis","Bufonidae","Rhinella","a8a7986a623c245dbc314f08f50d025e5d1834d04d341c2493386397b087de60","REFERENCE"
"Rhinella_horribilis_013.jpg","Bufonidae\Rhinella\Rhinella horribilis\Rhinella_horribilis_013.jpg","Rhinella horribilis","Bufonidae","Rhinella","1c952e6e2b5849ddee7fbf4925cba0872e530488311c83b070209709ca9f20c1","REFERENCE"
"Rhinella_horribilis_014.jpg","Bufonidae\Rhinella\Rhinella horribilis\Rhinella_horribilis_014.jpg","Rhinella horribilis","Bufonidae","Rhinella","f966da74305fd864cb478cf23ede5e2ebd04b834f5448b3b0da1eb94bc6823fe","REFERENCE"
"Rhinella_horribilis_015.jpg","Bufonidae\Rhinella\Rhinella horribilis\Rhinella_horribilis_015.jpg","Rhinella horribilis","Bufonidae","Rhinella","c6c0e91aa26da619c65e7b3dddf72ceee446fcea68286c0074bf522444f977a8","REFERENCE"
"Rhinella_horribilis_016.jpg","Bufonidae\Rhinella\Rhinella horribilis\Rhinella_horribilis_016.jpg","Rhinella horribilis","Bufonidae","Rhinella","26bde5d11ce6f551fe9c5edcf7c33193a9e76317532ae210bb84548962c55c2d","REFERENCE"
"Rhinella_horribilis_017.jpg","Bufonidae\Rhinella\Rhinella horribilis\Rhinella_horribilis_017.jpg","Rhinella horribilis","Bufonidae","Rhinella","f3d972673aade238e4244fbe78efcc3afcd09be117c279f5bec676ab506b587c","REFERENCE"
"Rhinella_horribilis_018.jpg","Bufonidae\Rhinella\Rhinella horribilis\Rhinella_horribilis_018.jpg","Rhinella horribilis","Bufonidae","Rhinella","cdb69bff85209ae243b559e7261808b066ce278ac62821001979df7a61b25ce2","REFERENCE"
"Rhinella_horribilis_019.jpg","Bufonidae\Rhinella\Rhinella horribilis\Rhinella_horribilis_019.jpg","Rhinella horribilis","Bufonidae","Rhinella","a8a7986a623c245dbc314f08f50d025e5d1834d04d341c2493386397b087de60","REFERENCE"
"Rhinella_horribilis_020.jpg","Bufonidae\Rhinella\Rhinella horribilis\Rhinella_horribilis_020.jpg","Rhinella horribilis","Bufonidae","Rhinella","1c952e6e2b5849ddee7fbf4925cba0872e530488311c83b070209709ca9f20c1","REFERENCE"
"Rhinella_horribilis_021.jpg","Bufonidae\Rhinella\Rhinella horribilis\Rhinella_horribilis_021.jpg","Rhinella horribilis","Bufonidae","Rhinella","26bde5d11ce6f551fe9c5edcf7c33193a9e76317532ae210bb84548962c55c2d","REFERENCE"
"Rhinella_horribilis_022.jpg","Bufonidae\Rhinella\Rhinella horribilis\Rhinella_horribilis_022.jpg","Rhinella horribilis","Bufonidae","Rhinella","0f150ebd37f656697b068a0ea774c653712e58f1656b10c33136c182f474f26f","REFERENCE"
"Rhinella_horribilis_023.jpg","Bufonidae\Rhinella\Rhinella horribilis\Rhinella_horribilis_023.jpg","Rhinella horribilis","Bufonidae","Rhinella","9159036cdea94853e3dc7634d18b807d4562ecaa2f8fa8b4a8759ef951990e4d","REFERENCE"
"Rhinella_horribilis_024.jpg","Bufonidae\Rhinella\Rhinella horribilis\Rhinella_horribilis_024.jpg","Rhinella horribilis","Bufonidae","Rhinella","f16df80265147f876123d8d796fa4cddad7fbaf7790f993b0f0ac00aed442524","REFERENCE"
"Rhinella_horribilis_025.jpg","Bufonidae\Rhinella\Rhinella horribilis\Rhinella_horribilis_025.jpg","Rhinella horribilis","Bufonidae","Rhinella","c78cb66d9c9d78ce8aeab4da71dad11b1839cf5b66942c0baa7f8e89f9297051","REFERENCE"
"Rhinella_horribilis_026.jpg","Bufonidae\Rhinella\Rhinella horribilis\Rhinella_horribilis_026.jpg","Rhinella horribilis","Bufonidae","Rhinella","2806eaf67915d52a03b9946fb3199968d5c001b4c2e093c163220186c5e21fde","REFERENCE"
"Rhinella_horribilis_027.jpg","Bufonidae\Rhinella\Rhinella horribilis\Rhinella_horribilis_027.jpg","Rhinella horribilis","Bufonidae","Rhinella","458146d1a7b61ff9726617ac4bd042b470030ed37a88fb83cd227109b44a36df","REFERENCE"
"Rhinella_horribilis_028.jpg","Bufonidae\Rhinella\Rhinella horribilis\Rhinella_horribilis_028.jpg","Rhinella horribilis","Bufonidae","Rhinella","9cea1672a40e27e9afbc2e205a9a96b6f96fca744761f0139228e2a8c3eb4042","REFERENCE"
"Rhinella_horribilis_029.jpg","Bufonidae\Rhinella\Rhinella horribilis\Rhinella_horribilis_029.jpg","Rhinella horribilis","Bufonidae","Rhinella","20281ca52fef932c5c834ce4371d2d1ebaccdb9a8eb04c6725fbbbabf17e4510","REFERENCE"
"Rhinella_horribilis_030.jpg","Bufonidae\Rhinella\Rhinella horribilis\Rhinella_horribilis_030.jpg","Rhinella horribilis","Bufonidae","Rhinella","2f0c80087c7b4e1dd30e4c692d22f3112d10faf267a296eb894685a174eabd2e","REFERENCE"
"Rhinella_horribilis_031.jpg","Bufonidae\Rhinella\Rhinella horribilis\Rhinella_horribilis_031.jpg","Rhinella horribilis","Bufonidae","Rhinella","27dfd7dc02f0d46c84e6dd68e17bb6276a4c49e2492cde732a0ae60a53dba9a0","REFERENCE"
"Rhinella_horribilis_032.jpg","Bufonidae\Rhinella\Rhinella horribilis\Rhinella_horribilis_032.jpg","Rhinella horribilis","Bufonidae","Rhinella","74cf61a91139d0da1c7dd0a074cc802d30edbc673672ea8309ad20d2437b17bf","REFERENCE"
"Rhinella_horribilis_033.jpg","Bufonidae\Rhinella\Rhinella horribilis\Rhinella_horribilis_033.jpg","Rhinella horribilis","Bufonidae","Rhinella","b0142830c9ce10f13bb2aae68031948fdaf5a4ff7f84c948855d375ccfa50f11","REFERENCE"
"Rhinella_horribilis_034.jpg","Bufonidae\Rhinella\Rhinella horribilis\Rhinella_horribilis_034.jpg","Rhinella horribilis","Bufonidae","Rhinella","2432ad0e2a024a452e84bab4b6dcf67fe9e5b875ef485958780280ff59ba9f52","REFERENCE"
"Rhinella_horribilis_035.jpg","Bufonidae\Rhinella\Rhinella horribilis\Rhinella_horribilis_035.jpg","Rhinella horribilis","Bufonidae","Rhinella","3877f143d759747b9d52c6e698ee1f55674a97358baff8226b6511efee7eed94","REFERENCE"
"Rhinella_horribilis_036.jpg","Bufonidae\Rhinella\Rhinella horribilis\Rhinella_horribilis_036.jpg","Rhinella horribilis","Bufonidae","Rhinella","bfa4fdc22786ecd6c5616958284bae5b3a727b423d464b80ebd4ce86c87f66fe","REFERENCE"
"Rhinella_horribilis_037.jpg","Bufonidae\Rhinella\Rhinella horribilis\Rhinella_horribilis_037.jpg","Rhinella horribilis","Bufonidae","Rhinella","a61fbba9875d3523b37c6c6bcb258e1be0a5b03cb31d6b96c847e6d5290257cf","REFERENCE"
"Rhinella_horribilis_038.jpg","Bufonidae\Rhinella\Rhinella horribilis\Rhinella_horribilis_038.jpg","Rhinella horribilis","Bufonidae","Rhinella","f469d2710c758a06c50a9ef5c2efd714a486f8210df8d97d0f4e7c5311e6c766","REFERENCE"
"Rhinella_horribilis_039.jpg","Bufonidae\Rhinella\Rhinella horribilis\Rhinella_horribilis_039.jpg","Rhinella horribilis","Bufonidae","Rhinella","02cc47aa6286998727557a695d4c0ecbafa0ead50dd426c1ef53c49d8e2bb4a6","REFERENCE"
"Rhinella_horribilis_040.jpg","Bufonidae\Rhinella\Rhinella horribilis\Rhinella_horribilis_040.jpg","Rhinella horribilis","Bufonidae","Rhinella","62bd3ea9a0c3e26320a0bab0c619a57deee4ddaec26cd0021867814c97975cec","REFERENCE"
"Rhinella_horribilis_041.jpg","Bufonidae\Rhinella\Rhinella horribilis\Rhinella_horribilis_041.jpg","Rhinella horribilis","Bufonidae","Rhinella","5fd6559af31dc460b0081e49671eac0631de1f1214917459a1cec17ad2c4958a","REFERENCE"
"Rhinella_horribilis_042.jpg","Bufonidae\Rhinella\Rhinella horribilis\Rhinella_horribilis_042.jpg","Rhinella horribilis","Bufonidae","Rhinella","7449e789fc48cf1740527ead983a89901c95e923fd3b70f33135cca65be6d4b0","REFERENCE"
"Rhinella_horribilis_043.jpg","Bufonidae\Rhinella\Rhinella horribilis\Rhinella_horribilis_043.jpg","Rhinella horribilis","Bufonidae","Rhinella","7c19d5715c21630a0d2db757805b8db008973b06859bfec3c4fd7103c26e262e","REFERENCE"
"Rhinella_horribilis_044.jpg","Bufonidae\Rhinella\Rhinella horribilis\Rhinella_horribilis_044.jpg","Rhinella horribilis","Bufonidae","Rhinella","aef66331fc2ba0c4d6334d683cbd2b1cd2e0a9d2310b05bf1cdbd7e99c5613d5","REFERENCE"
"Rhinella_horribilis_045.jpg","Bufonidae\Rhinella\Rhinella horribilis\Rhinella_horribilis_045.jpg","Rhinella horribilis","Bufonidae","Rhinella","332d40500a176e4e860c2f4dcd8f80fbc0608d644117a3f96984bfb94af30c07","REFERENCE"
"Rhinella_horribilis_046.jpg","Bufonidae\Rhinella\Rhinella horribilis\Rhinella_horribilis_046.jpg","Rhinella horribilis","Bufonidae","Rhinella","cf9c2b046f72d545e492aac7a552695dd62aaad2b5b26b54daeb4ea9af84775b","REFERENCE"
"Rhinella_horribilis_047.jpg","Bufonidae\Rhinella\Rhinella horribilis\Rhinella_horribilis_047.jpg","Rhinella horribilis","Bufonidae","Rhinella","1795c7a5d75672167b4d7de6f0db824cdbaba58ad0772250329609bb77c1b71c","REFERENCE"
"Rhinella_horribilis_048.jpg","Bufonidae\Rhinella\Rhinella horribilis\Rhinella_horribilis_048.jpg","Rhinella horribilis","Bufonidae","Rhinella","fee23707d82b4070825ce97388022e349b294ba09ff4b983805a1603ff5a5c93","REFERENCE"
"Rhinella_horribilis_049.jpg","Bufonidae\Rhinella\Rhinella horribilis\Rhinella_horribilis_049.jpg","Rhinella horribilis","Bufonidae","Rhinella","fc3073ea27f8ebfa550a4ade19998b030ae2a501963a1a6040558c3dca4eebe6","REFERENCE"
"Rhinella_horribilis_050.jpg","Bufonidae\Rhinella\Rhinella horribilis\Rhinella_horribilis_050.jpg","Rhinella horribilis","Bufonidae","Rhinella","1619ab63ce2d3b7197ecb515b7765ed474784c7a9086fcd5472bc9afc56b5dc0","REFERENCE"
"Rhinella_horribilis_051.jpg","Bufonidae\Rhinella\Rhinella horribilis\Rhinella_horribilis_051.jpg","Rhinella horribilis","Bufonidae","Rhinella","698676975135f1c4e94474bf7f60b0ca91224297223ac7addc795be7e25d62be","REFERENCE"
"Rhinella_horribilis_052.jpg","Bufonidae\Rhinella\Rhinella horribilis\Rhinella_horribilis_052.jpg","Rhinella horribilis","Bufonidae","Rhinella","3401c96fba18734c787da255f1063a83a4368986d93426d2a094c9c5877c1056","REFERENCE"
"Rhinella_horribilis_053.jpg","Bufonidae\Rhinella\Rhinella horribilis\Rhinella_horribilis_053.jpg","Rhinella horribilis","Bufonidae","Rhinella","579b17703337eb1ea60a1549a0457d61f9fda851b55d0711b2d0974fd780d236","REFERENCE"
"Rhinella_horribilis_054.jpg","Bufonidae\Rhinella\Rhinella horribilis\Rhinella_horribilis_054.jpg","Rhinella horribilis","Bufonidae","Rhinella","c8899438476b7e678447e309abb5be10c579ef3a6e4e07124a87ca1a102d2e56","REFERENCE"
"Rhinella_horribilis_055.jpg","Bufonidae\Rhinella\Rhinella horribilis\Rhinella_horribilis_055.jpg","Rhinella horribilis","Bufonidae","Rhinella","62b550d35f366f095e81e974954eb0cd526d3418132fbef6e7cba8d9d013d693","REFERENCE"
"Rhinella_horribilis_056.jpg","Bufonidae\Rhinella\Rhinella horribilis\Rhinella_horribilis_056.jpg","Rhinella horribilis","Bufonidae","Rhinella","cd8115fdffaa261e849aa6efb8090546892abed96b018e0d32ced38497e5b0d1","REFERENCE"
"Rhinella_horribilis_057.jpg","Bufonidae\Rhinella\Rhinella horribilis\Rhinella_horribilis_057.jpg","Rhinella horribilis","Bufonidae","Rhinella","ad86f3d9a10e68e2d4934f1439da288b36d0aeafe4c7c7198d572d251b1ef16f","REFERENCE"
"Rhinella_horribilis_058.jpg","Bufonidae\Rhinella\Rhinella horribilis\Rhinella_horribilis_058.jpg","Rhinella horribilis","Bufonidae","Rhinella","e55e00f09d4c2eb63c2900f587198e3b8dab1da8f220cb195a89c28f7c1aa538","REFERENCE"
"Rhinella_horribilis_059.jpg","Bufonidae\Rhinella\Rhinella horribilis\Rhinella_horribilis_059.jpg","Rhinella horribilis","Bufonidae","Rhinella","b8463918b3c4b5dc6cf1917a5d638bb48293f2c0bbe03de35ac18d56246babcb","REFERENCE"
"Rhinella_horribilis_060.jpg","Bufonidae\Rhinella\Rhinella horribilis\Rhinella_horribilis_060.jpg","Rhinella horribilis","Bufonidae","Rhinella","b1c97ccee0a68050cd6f19c6820b498c46ed61f90ee262df9238308ce8c3d964","REFERENCE"
"Rhinella_horribilis_061.jpg","Bufonidae\Rhinella\Rhinella horribilis\Rhinella_horribilis_061.jpg","Rhinella horribilis","Bufonidae","Rhinella","61979809c16a8e3f4363f8308c49a71cf7ef8a4b8c078c0bf883c7ca70d32ecf","REFERENCE"
"Rhinella_horribilis_062.jpg","Bufonidae\Rhinella\Rhinella horribilis\Rhinella_horribilis_062.jpg","Rhinella horribilis","Bufonidae","Rhinella","73477a6308111372e1a7c74bde01314da92b516f6c492d94e4bf80b9fcbc8c94","REFERENCE"
"Rhinella_horribilis_063.jpg","Bufonidae\Rhinella\Rhinella horribilis\Rhinella_horribilis_063.jpg","Rhinella horribilis","Bufonidae","Rhinella","6056816684be8c1520992deab4c121944f4503de373757d0a98357991a874919","REFERENCE"
"Rhinella_horribilis_064.jpg","Bufonidae\Rhinella\Rhinella horribilis\Rhinella_horribilis_064.jpg","Rhinella horribilis","Bufonidae","Rhinella","6ba6b52c504e2cc7a022eb28358aedd8e4c63403a584a2d9b1c39438b45f23a9","REFERENCE"
"Rhinella_horribilis_065.jpg","Bufonidae\Rhinella\Rhinella horribilis\Rhinella_horribilis_065.jpg","Rhinella horribilis","Bufonidae","Rhinella","edec671c5e173e6a3063fb948dc719d5bfdb2e4b7a11852128f960b46cd878fa","REFERENCE"
"Rhinella_horribilis_066.jpg","Bufonidae\Rhinella\Rhinella horribilis\Rhinella_horribilis_066.jpg","Rhinella horribilis","Bufonidae","Rhinella","48a5bf643db17609e7031c7a0a38c4d060a8a86c07f230747d12f696c0c64698","REFERENCE"
"Rhinella_horribilis_067.jpg","Bufonidae\Rhinella\Rhinella horribilis\Rhinella_horribilis_067.jpg","Rhinella horribilis","Bufonidae","Rhinella","2d68d5ec839b8984524cfb321b575ee57686871fffd2798c151c93403508ef15","REFERENCE"
"Rhinella_horribilis_068.jpg","Bufonidae\Rhinella\Rhinella horribilis\Rhinella_horribilis_068.jpg","Rhinella horribilis","Bufonidae","Rhinella","4c97b71c750eecc30eb057f5734da2809545165b7d19d469fb69c13374e01d1b","REFERENCE"
