taxon_id,scientific_name,observation_id,latitude,longitude,positional_accuracy,observed_on,observer,assignment_method,url
COL_ANURA_0003,Rhinella horribilis,396986870,5.809866343,-74.8412389308,357,,fincaelprado,interior,https://www.inaturalist.org/observations/396986870
COL_ANURA_0003,Rhinella horribilis,396819744,7.8720573,-76.6955593,,2026-08-17,alex_antojo,interior,https://www.inaturalist.org/observations/396819744
COL_ANURA_0003,Rhinella horribilis,395705946,7.5177866667,-76.5647133333,2,2026-08-24,brand2330,interior,https://www.inaturalist.org/observations/395705946
COL_ANURA_0003,Rhinella horribilis,394230304,6.985334263,-75.1138693839,122,2026-08-24,fundacion_proaves,interior,https://www.inaturalist.org/observations/394230304
COL_ANURA_0003,Rhinella horribilis,393650540,5.9919883414,-75.1633445,20,2026-08-20,jacarandacopaia,interior,https://www.inaturalist.org/observations/393650540
COL_ANURA_0003,Rhinella horribilis,393103723,5.59818,-75.83255,14,2026-08-14,chrysoptera,interior,https://www.inaturalist.org/observations/393103723
COL_ANURA_0003,Rhinella horribilis,388545516,7.785455,-76.7763966667,21,2026-08-05,natorom,interior,https://www.inaturalist.org/observations/388545516
COL_ANURA_0003,Rhinella horribilis,385050594,5.602877,-75.846091,55,2026-07-24,erikpalacio_92,interior,https://www.inaturalist.org/observations/385050594
COL_ANURA_0003,Rhinella horribilis,384243032,6.5475716591,-74.7242355347,,2026-07-23,manuelasuarez,interior,https://www.inaturalist.org/observations/384243032
COL_ANURA_0003,Rhinella horribilis,383676712,6.2184825383,-74.9196137094,28,2026-07-20,laingjoe,interior,https://www.inaturalist.org/observations/383676712
COL_ANURA_0003,Rhinella horribilis,383378199,5.8991043021,-74.8568388739,80,2026-03-10,jmhill,interior,https://www.inaturalist.org/observations/383378199
COL_ANURA_0003,Rhinella horribilis,382455025,6.7639829722,-76.0688889722,,2026-07-17,danilo69543,interior,https://www.inaturalist.org/observations/382455025
COL_ANURA_0003,Rhinella horribilis,380879196,6.2541416667,-75.0366666667,4,2026-07-12,seanpclark,interior,https://www.inaturalist.org/observations/380879196
COL_ANURA_0003,Rhinella horribilis,376637753,5.999959348,-75.0814206018,57,2026-02-26,bowserjk,interior,https://www.inaturalist.org/observations/376637753
COL_ANURA_0003,Rhinella horribilis,376609427,6.561155,-75.1569138333,10,2026-04-03,jeroab,interior,https://www.inaturalist.org/observations/376609427
COL_ANURA_0003,Rhinella horribilis,374933678,6.1757333333,-75.004775,4,2026-06-23,heunahs,interior,https://www.inaturalist.org/observations/374933678
COL_ANURA_0003,Rhinella horribilis,374496353,5.6953216667,-75.63233,9,2026-06-22,bealeiderman,interior,https://www.inaturalist.org/observations/374496353
COL_ANURA_0003,Rhinella horribilis,372626186,6.2995237881,-75.0302002953,230,2026-06-17,mateohenaomarin,interior,https://www.inaturalist.org/observations/372626186
COL_ANURA_0003,Rhinella horribilis,371588164,6.0352717252,-75.2018434927,7,2026-06-13,denis240,interior,https://www.inaturalist.org/observations/371588164
COL_ANURA_0003,Rhinella horribilis,370973289,6.2710366667,-75.1032778333,4,2026-06-12,marcus_loane,interior,https://www.inaturalist.org/observations/370973289
COL_ANURA_0003,Rhinella horribilis,370130853,6.1477278333,-75.4464633333,16,2026-06-08,juan_esteban71418,interior,https://www.inaturalist.org/observations/370130853
COL_ANURA_0003,Rhinella horribilis,368182161,6.7431893891,-76.1022748053,527,2026-06-03,kevin81996,interior,https://www.inaturalist.org/observations/368182161
COL_ANURA_0003,Rhinella horribilis,368154236,7.8647089689,-76.5841162205,224,2026-06-03,karina70111,interior,https://www.inaturalist.org/observations/368154236
COL_ANURA_0003,Rhinella horribilis,368050871,5.8900566667,-74.855315,,2026-03-01,bernis-bilderwelt_de,interior,https://www.inaturalist.org/observations/368050871
COL_ANURA_0003,Rhinella horribilis,367961249,7.0777945,-76.2441466667,14,2026-05-31,jimenezmarly,interior,https://www.inaturalist.org/observations/367961249
COL_ANURA_0003,Rhinella horribilis,367928024,7.8647089689,-76.5841162205,224,2026-06-02,luisa45518,interior,https://www.inaturalist.org/observations/367928024
COL_ANURA_0003,Rhinella horribilis,367615162,7.8647089689,-76.5841162205,224,2026-06-01,luisa45518,interior,https://www.inaturalist.org/observations/367615162
COL_ANURA_0003,Rhinella horribilis,367615153,7.88356025,-76.56129445,6,2026-06-01,antonio15235,interior,https://www.inaturalist.org/observations/367615153
COL_ANURA_0003,Rhinella horribilis,367601926,7.8647089689,-76.5841162205,224,2026-05-30,antonio15235,interior,https://www.inaturalist.org/observations/367601926
COL_ANURA_0003,Rhinella horribilis,367425040,6.6009308329,-74.6594756842,565,2026-05-29,saray19463,interior,https://www.inaturalist.org/observations/367425040
COL_ANURA_0003,Rhinella horribilis,367293833,6.985334263,-75.1138693839,122,2026-05-06,fundacion_proaves,interior,https://www.inaturalist.org/observations/367293833
COL_ANURA_0003,Rhinella horribilis,367282880,6.3298466667,-75.0345611667,9,2026-05-31,laura83757,interior,https://www.inaturalist.org/observations/367282880
COL_ANURA_0003,Rhinella horribilis,367257392,8.5006418056,-76.5541305278,,2026-04-07,dayanis22,interior,https://www.inaturalist.org/observations/367257392
COL_ANURA_0003,Rhinella horribilis,366921754,6.2729815,-74.9134295,685,2026-05-30,yamith1,interior,https://www.inaturalist.org/observations/366921754
COL_ANURA_0003,Rhinella horribilis,366917532,6.248675,-74.966543,1801,2026-05-15,yamith1,interior,https://www.inaturalist.org/observations/366917532
COL_ANURA_0003,Rhinella horribilis,366913681,6.6679190075,-75.9096325189,5,2026-05-24,manuela78121,interior,https://www.inaturalist.org/observations/366913681
COL_ANURA_0003,Rhinella horribilis,366888043,8.0008759,-76.6259086,,2026-05-30,wendy1125,interior,https://www.inaturalist.org/observations/366888043
COL_ANURA_0003,Rhinella horribilis,366886227,6.3880773548,-75.0631052256,600,2026-05-30,mayerly54044,interior,https://www.inaturalist.org/observations/366886227
COL_ANURA_0003,Rhinella horribilis,366885857,8.0010239,-76.6257342,,2026-05-30,wendy1125,interior,https://www.inaturalist.org/observations/366885857
COL_ANURA_0003,Rhinella horribilis,366861440,8.3283897746,-76.7517073452,58,2026-05-30,jhicellopez2628,interior,https://www.inaturalist.org/observations/366861440
COL_ANURA_0003,Rhinella horribilis,366859434,6.3884928481,-75.0627437979,600,2026-05-30,mayerly54044,interior,https://www.inaturalist.org/observations/366859434
COL_ANURA_0003,Rhinella horribilis,366858049,6.3881203369,-75.0645888224,600,2026-05-30,mayerly54044,interior,https://www.inaturalist.org/observations/366858049
COL_ANURA_0003,Rhinella horribilis,366857450,8.57699,-76.6364330556,,2026-05-30,yoiner2,interior,https://www.inaturalist.org/observations/366857450
COL_ANURA_0003,Rhinella horribilis,366856406,6.080117228,-75.1095983014,402,2026-05-15,olmedo7,interior,https://www.inaturalist.org/observations/366856406
COL_ANURA_0003,Rhinella horribilis,366854885,6.0808513525,-75.0995202363,287,2026-05-11,olmedo7,interior,https://www.inaturalist.org/observations/366854885
COL_ANURA_0003,Rhinella horribilis,366854392,6.0852467439,-75.1055471599,287,2026-04-30,olmedo7,interior,https://www.inaturalist.org/observations/366854392
COL_ANURA_0003,Rhinella horribilis,366847636,6.0809813745,-75.0998605415,159,2026-04-15,olmedo7,interior,https://www.inaturalist.org/observations/366847636
COL_ANURA_0003,Rhinella horribilis,366831559,6.0799251952,-75.1114322618,287,2026-04-20,karen92785,interior,https://www.inaturalist.org/observations/366831559
COL_ANURA_0003,Rhinella horribilis,366637191,8.4811898849,-76.5485702455,211,2026-05-29,eduardo38060,interior,https://www.inaturalist.org/observations/366637191
COL_ANURA_0003,Rhinella horribilis,366530200,6.7396800114,-75.9928001091,211,2026-05-29,valeria79895,interior,https://www.inaturalist.org/observations/366530200
COL_ANURA_0003,Rhinella horribilis,366514398,8.5240898172,-76.5327975154,170,2026-05-29,osman47895,interior,https://www.inaturalist.org/observations/366514398
COL_ANURA_0003,Rhinella horribilis,366503364,6.1276652572,-75.6374669491,395,2026-05-29,jose58586,interior,https://www.inaturalist.org/observations/366503364
COL_ANURA_0003,Rhinella horribilis,366482880,6.32163,-75.0346528333,7,2026-05-29,juan_ma_torres,interior,https://www.inaturalist.org/observations/366482880
COL_ANURA_0003,Rhinella horribilis,366449754,6.2734747057,-75.0972933322,196,2026-05-28,jhojaner,interior,https://www.inaturalist.org/observations/366449754
COL_ANURA_0003,Rhinella horribilis,366215714,6.0731209909,-75.1013250276,287,2026-05-28,mateo28186,interior,https://www.inaturalist.org/observations/366215714
COL_ANURA_0003,Rhinella horribilis,366031613,5.8620458,-74.8703845,224,2026-05-07,emilioecheverri,interior,https://www.inaturalist.org/observations/366031613
COL_ANURA_0003,Rhinella horribilis,365913309,6.2636341975,-75.0930524245,221,2026-05-27,alejo_,interior,https://www.inaturalist.org/observations/365913309
COL_ANURA_0003,Rhinella horribilis,365870518,6.2474764587,-75.0740684196,211,2026-05-27,alejo_,interior,https://www.inaturalist.org/observations/365870518
COL_ANURA_0003,Rhinella horribilis,365828339,8.139879,-76.721361,,2026-05-27,ingrid22711,interior,https://www.inaturalist.org/observations/365828339
COL_ANURA_0003,Rhinella horribilis,365826844,6.274792114,-75.0650015473,929,2026-05-26,jhojaner,interior,https://www.inaturalist.org/observations/365826844
COL_ANURA_0003,Rhinella horribilis,365790875,6.2474764587,-75.0740684196,211,2026-05-27,jhojaner,interior,https://www.inaturalist.org/observations/365790875
COL_ANURA_0003,Rhinella horribilis,365560889,6.0728861667,-75.1000278333,24,2026-05-23,feralvarez,interior,https://www.inaturalist.org/observations/365560889
COL_ANURA_0003,Rhinella horribilis,365410896,6.1886340337,-74.9976445735,100,2026-05-25,valentina44778,interior,https://www.inaturalist.org/observations/365410896
COL_ANURA_0003,Rhinella horribilis,365410408,6.1886340337,-74.9976445735,100,2026-05-25,valentina44778,interior,https://www.inaturalist.org/observations/365410408
COL_ANURA_0003,Rhinella horribilis,365268489,8.5240281447,-76.5298390388,157,2026-05-25,anamilethhoyoslozano,interior,https://www.inaturalist.org/observations/365268489
COL_ANURA_0003,Rhinella horribilis,365267645,6.3344682361,-75.0485984981,542,2026-05-18,brayan61078,interior,https://www.inaturalist.org/observations/365267645
COL_ANURA_0003,Rhinella horribilis,365264319,6.332928715,-75.0504498929,682,2026-05-24,brayan61078,interior,https://www.inaturalist.org/observations/365264319
COL_ANURA_0003,Rhinella horribilis,365179805,6.7601755743,-76.0407613108,24,2026-05-21,juan_pablo_cardona,interior,https://www.inaturalist.org/observations/365179805
COL_ANURA_0003,Rhinella horribilis,365179256,6.4073729464,-75.2955749631,1478,2026-04-26,estebanprezvilla,interior,https://www.inaturalist.org/observations/365179256
COL_ANURA_0003,Rhinella horribilis,365154631,8.5371084597,-76.5615115687,14,2026-05-24,anamilethhoyoslozano,interior,https://www.inaturalist.org/observations/365154631
COL_ANURA_0003,Rhinella horribilis,365139384,6.2536876846,-74.8965224907,1233,2026-05-25,jamilton_arboleda,interior,https://www.inaturalist.org/observations/365139384
COL_ANURA_0003,Rhinella horribilis,365074792,6.0801732375,-75.1095604151,293,2026-04-25,karen92785,interior,https://www.inaturalist.org/observations/365074792
COL_ANURA_0003,Rhinella horribilis,364906656,7.8647089689,-76.5841162205,224,2026-05-24,cindy39091,interior,https://www.inaturalist.org/observations/364906656
COL_ANURA_0003,Rhinella horribilis,364780137,6.0144361167,-75.75387,6,2026-05-24,mariaalegp,interior,https://www.inaturalist.org/observations/364780137
COL_ANURA_0003,Rhinella horribilis,364525069,7.2435277778,-76.4469222222,6,2026-05-23,diegolautero,interior,https://www.inaturalist.org/observations/364525069
COL_ANURA_0003,Rhinella horribilis,364516805,6.3362903301,-75.0483869389,6,2026-05-18,brayan61078,interior,https://www.inaturalist.org/observations/364516805
COL_ANURA_0003,Rhinella horribilis,364280799,6.4407915997,-74.9825306997,,2026-05-22,manuela6371,interior,https://www.inaturalist.org/observations/364280799
COL_ANURA_0003,Rhinella horribilis,364165706,8.4882875,-76.7478895,1397,2026-05-22,yuranis2,interior,https://www.inaturalist.org/observations/364165706
COL_ANURA_0003,Rhinella horribilis,364155555,6.3758293143,-75.1417372003,600,2026-05-22,jeseli2026,interior,https://www.inaturalist.org/observations/364155555
COL_ANURA_0003,Rhinella horribilis,364153893,6.3758293143,-75.1417372003,600,2026-05-22,jeseli2026,interior,https://www.inaturalist.org/observations/364153893
COL_ANURA_0003,Rhinella horribilis,364141248,8.5235377485,-76.5320766717,211,2026-05-22,ingri97515,interior,https://www.inaturalist.org/observations/364141248
COL_ANURA_0003,Rhinella horribilis,364133024,5.88642,-74.8527916667,70,2023-09-08,hoppockets,interior,https://www.inaturalist.org/observations/364133024
COL_ANURA_0003,Rhinella horribilis,364127752,7.9383824525,-76.7157144472,45,2026-05-22,briyith8,interior,https://www.inaturalist.org/observations/364127752
COL_ANURA_0003,Rhinella horribilis,364087724,6.1851330404,-74.9961260378,232,2026-05-22,jamilton_arboleda,interior,https://www.inaturalist.org/observations/364087724
COL_ANURA_0003,Rhinella horribilis,363956082,5.9721023857,-75.1086662337,12,2026-04-26,juan_david40517,interior,https://www.inaturalist.org/observations/363956082
COL_ANURA_0003,Rhinella horribilis,363725856,7.8836222222,-76.5608875,,2026-02-19,yasneiri,interior,https://www.inaturalist.org/observations/363725856
COL_ANURA_0003,Rhinella horribilis,363709872,7.7448325,-76.5829475,,2026-04-14,yasneiri,interior,https://www.inaturalist.org/observations/363709872
COL_ANURA_0003,Rhinella horribilis,363559178,6.760135602,-76.0408112044,20,2026-05-20,juan_pablo_cardona,interior,https://www.inaturalist.org/observations/363559178
COL_ANURA_0003,Rhinella horribilis,363559103,6.7601494647,-76.0407998653,27,2026-05-20,juan_pablo_cardona,interior,https://www.inaturalist.org/observations/363559103
COL_ANURA_0003,Rhinella horribilis,363226755,6.0384484,-74.8823543,,2026-05-19,pao55543,interior,https://www.inaturalist.org/observations/363226755
COL_ANURA_0003,Rhinella horribilis,363222689,6.0384697,-74.8823511,,2026-05-19,pao55543,interior,https://www.inaturalist.org/observations/363222689
COL_ANURA_0003,Rhinella horribilis,363186683,5.833309691,-74.9333902448,1631,2026-05-18,luisarendon31,interior,https://www.inaturalist.org/observations/363186683
COL_ANURA_0003,Rhinella horribilis,363105900,7.07495,-76.245025,17,2026-05-19,jimenezmarly,interior,https://www.inaturalist.org/observations/363105900
COL_ANURA_0003,Rhinella horribilis,362482382,8.1294669389,-76.6999474168,9,2026-05-10,kiarayu2020,interior,https://www.inaturalist.org/observations/362482382
COL_ANURA_0003,Rhinella horribilis,361786373,6.0416328,-74.9908692,,2026-05-13,mariana61638,interior,https://www.inaturalist.org/observations/361786373
COL_ANURA_0003,Rhinella horribilis,361786333,6.0416159,-74.9908728,,2026-05-13,mariana61638,interior,https://www.inaturalist.org/observations/361786333
COL_ANURA_0003,Rhinella horribilis,361786235,6.0415802,-74.9909887,,2026-05-11,mariana61638,interior,https://www.inaturalist.org/observations/361786235
COL_ANURA_0003,Rhinella horribilis,361576621,6.7525396235,-76.0436758073,38,2026-05-14,juan_pablo_cardona,interior,https://www.inaturalist.org/observations/361576621
COL_ANURA_0003,Rhinella horribilis,361389515,7.99632,-76.651825,9,2026-05-14,natorom,interior,https://www.inaturalist.org/observations/361389515
COL_ANURA_0003,Rhinella horribilis,361315145,6.2636286111,-74.9133883333,,2026-05-13,darwin34925,interior,https://www.inaturalist.org/observations/361315145
COL_ANURA_0003,Rhinella horribilis,361230243,6.2513385507,-74.9614937603,27,2026-05-06,paulina68639,interior,https://www.inaturalist.org/observations/361230243
COL_ANURA_0003,Rhinella horribilis,361147016,8.1274278333,-76.6975116667,194,2026-05-12,stefania41328,interior,https://www.inaturalist.org/observations/361147016
COL_ANURA_0003,Rhinella horribilis,361124782,6.4881744,-75.0068966,,2026-05-06,manuela6371,interior,https://www.inaturalist.org/observations/361124782
COL_ANURA_0003,Rhinella horribilis,361052049,5.862045759,-74.8703844845,224,2026-05-07,julssvilla,interior,https://www.inaturalist.org/observations/361052049
COL_ANURA_0003,Rhinella horribilis,360741317,6.4881744,-75.0068966,,2026-05-06,manuela6371,interior,https://www.inaturalist.org/observations/360741317
COL_ANURA_0003,Rhinella horribilis,360625686,7.084735,-75.1505266667,,2026-05-09,orlandopr,interior,https://www.inaturalist.org/observations/360625686
COL_ANURA_0003,Rhinella horribilis,360591602,8.5242174726,-76.5317903459,5,2026-05-11,anamilethhoyoslozano,interior,https://www.inaturalist.org/observations/360591602
COL_ANURA_0003,Rhinella horribilis,360037069,7.99448445,-76.6376075,756,2026-05-09,paula_ramires,interior,https://www.inaturalist.org/observations/360037069
COL_ANURA_0003,Rhinella horribilis,359933230,6.2141650371,-74.6334227685,8,2026-04-04,alexcamano12,interior,https://www.inaturalist.org/observations/359933230
COL_ANURA_0003,Rhinella horribilis,359910950,6.0420525,-74.9907417,,2026-05-07,mariana61638,interior,https://www.inaturalist.org/observations/359910950
COL_ANURA_0003,Rhinella horribilis,359057788,6.0412262846,-74.9904848356,13,2026-05-06,daiana_mongui,interior,https://www.inaturalist.org/observations/359057788
COL_ANURA_0003,Rhinella horribilis,359036367,7.9357163082,-76.7176587135,971,2026-04-21,litzy7115,interior,https://www.inaturalist.org/observations/359036367
COL_ANURA_0003,Rhinella horribilis,358897551,6.780821704,-76.089694852,372,2026-05-02,sebastflor19,interior,https://www.inaturalist.org/observations/358897551
COL_ANURA_0003,Rhinella horribilis,358759491,7.2799455848,-76.557581089,99,2026-05-05,juberlys_renteria,interior,https://www.inaturalist.org/observations/358759491
COL_ANURA_0003,Rhinella horribilis,358653213,6.8031388749,-76.2483170629,582,2026-05-05,thalivalencia,interior,https://www.inaturalist.org/observations/358653213
COL_ANURA_0003,Rhinella horribilis,358469135,8.5234866862,-76.5320857242,104,2026-04-29,osman47895,interior,https://www.inaturalist.org/observations/358469135
COL_ANURA_0003,Rhinella horribilis,358465280,6.1894280068,-75.0007747114,114,2026-04-10,juan_pablo144,interior,https://www.inaturalist.org/observations/358465280
COL_ANURA_0003,Rhinella horribilis,358327026,7.2764310781,-76.5609147772,542,2026-04-30,mileydigranada,interior,https://www.inaturalist.org/observations/358327026
COL_ANURA_0003,Rhinella horribilis,358326491,7.7958083333,-76.6480866667,4,2026-04-19,juanes0812,interior,https://www.inaturalist.org/observations/358326491
COL_ANURA_0003,Rhinella horribilis,358303003,7.7020352488,-76.5558568016,211,2026-04-29,yeri45413,interior,https://www.inaturalist.org/observations/358303003
COL_ANURA_0003,Rhinella horribilis,357769968,6.393454085,-75.4159974307,21,2026-05-02,sebastian092007,interior,https://www.inaturalist.org/observations/357769968
COL_ANURA_0003,Rhinella horribilis,357463678,6.9687583333,-74.519705,3,2026-04-30,brand2330,interior,https://www.inaturalist.org/observations/357463678
COL_ANURA_0003,Rhinella horribilis,357333540,7.2339116667,-76.5026783333,5,2026-05-01,sofia_ballesteros,interior,https://www.inaturalist.org/observations/357333540
COL_ANURA_0003,Rhinella horribilis,357333332,7.2339866667,-76.50235,2,2026-05-01,sofia_ballesteros,interior,https://www.inaturalist.org/observations/357333332
COL_ANURA_0003,Rhinella horribilis,357313886,7.7739972222,-76.6533638889,,2026-03-24,jhoncarupia82,interior,https://www.inaturalist.org/observations/357313886
COL_ANURA_0003,Rhinella horribilis,357081570,6.2572886986,-74.9114232738,685,2026-04-29,yamith1,interior,https://www.inaturalist.org/observations/357081570
COL_ANURA_0003,Rhinella horribilis,357064310,6.0465004538,-74.9935324118,7,2026-04-30,fabian_steven,interior,https://www.inaturalist.org/observations/357064310
COL_ANURA_0003,Rhinella horribilis,357040269,7.2489097222,-76.4050825,,2026-04-24,leidy95355,interior,https://www.inaturalist.org/observations/357040269
COL_ANURA_0003,Rhinella horribilis,356923968,5.8104400554,-75.192730017,211,2026-04-30,duban95509,interior,https://www.inaturalist.org/observations/356923968
COL_ANURA_0003,Rhinella horribilis,356727064,6.745205,-76.0004972217,4,2026-04-29,viky3907,interior,https://www.inaturalist.org/observations/356727064
COL_ANURA_0003,Rhinella horribilis,356693590,6.3884295412,-75.065552406,600,2026-04-29,mayerly54044,interior,https://www.inaturalist.org/observations/356693590
COL_ANURA_0003,Rhinella horribilis,356688269,6.387954406,-75.0643638521,600,2026-04-29,mayerly54044,interior,https://www.inaturalist.org/observations/356688269
COL_ANURA_0003,Rhinella horribilis,356688128,6.3886431186,-75.0640798733,600,2026-04-29,mayerly54044,interior,https://www.inaturalist.org/observations/356688128
COL_ANURA_0003,Rhinella horribilis,356683277,6.354974,-75.021633,1334,2026-04-29,carolina18751,interior,https://www.inaturalist.org/observations/356683277
COL_ANURA_0003,Rhinella horribilis,356602434,6.7600412403,-76.0408870017,30,2026-02-10,juan_pablo_cardona,interior,https://www.inaturalist.org/observations/356602434
COL_ANURA_0003,Rhinella horribilis,356568276,6.3509155,-75.053508617,9,2026-04-29,moi61,interior,https://www.inaturalist.org/observations/356568276
COL_ANURA_0003,Rhinella horribilis,356566425,6.2072116667,-75.0029361167,8,2026-04-29,jhoanc,interior,https://www.inaturalist.org/observations/356566425
COL_ANURA_0003,Rhinella horribilis,356564166,7.4590536611,-76.6894485801,9,2026-04-29,ivan_dario7,interior,https://www.inaturalist.org/observations/356564166
COL_ANURA_0003,Rhinella horribilis,356270660,8.528195,-76.3329097222,,2026-04-26,ceilacastillo,interior,https://www.inaturalist.org/observations/356270660
COL_ANURA_0003,Rhinella horribilis,356190798,6.7105898232,-75.9900300577,848,2026-04-02,estefania79397,interior,https://www.inaturalist.org/observations/356190798
COL_ANURA_0003,Rhinella horribilis,356070282,6.2538478286,-75.0154970214,121,2026-04-27,tiago_roman,interior,https://www.inaturalist.org/observations/356070282
COL_ANURA_0003,Rhinella horribilis,355659679,7.9384855556,-76.7159136111,,2026-04-27,briyith8,interior,https://www.inaturalist.org/observations/355659679
COL_ANURA_0003,Rhinella horribilis,355369561,7.2771012,-76.5602947,,2026-04-27,antoniopuche,interior,https://www.inaturalist.org/observations/355369561
COL_ANURA_0003,Rhinella horribilis,354869637,7.0585756695,-76.2447764658,28,2026-04-26,jimenezmarly,interior,https://www.inaturalist.org/observations/354869637
COL_ANURA_0003,Rhinella horribilis,354867188,5.9794534,-75.3582783,,2026-04-26,lula_pao1,interior,https://www.inaturalist.org/observations/354867188
COL_ANURA_0003,Rhinella horribilis,353972388,6.3454116,-75.4598708997,,2026-04-25,sara_eilyn,interior,https://www.inaturalist.org/observations/353972388
COL_ANURA_0003,Rhinella horribilis,353830316,7.6342316128,-76.5957583487,9,,carlos_andres99728,interior,https://www.inaturalist.org/observations/353830316
COL_ANURA_0003,Rhinella horribilis,353780640,6.2322744443,-75.6469748542,163,2026-04-24,eduardo708,interior,https://www.inaturalist.org/observations/353780640
COL_ANURA_0003,Rhinella horribilis,353237576,6.2322744443,-75.6469748542,163,2026-04-24,eduardo708,interior,https://www.inaturalist.org/observations/353237576
COL_ANURA_0003,Rhinella horribilis,353234345,8.0009436,-76.624352,,2026-04-24,wendy1125,interior,https://www.inaturalist.org/observations/353234345
COL_ANURA_0003,Rhinella horribilis,353134574,6.5743780939,-74.7160555422,1027,2026-04-20,linaramirez-07,interior,https://www.inaturalist.org/observations/353134574
COL_ANURA_0003,Rhinella horribilis,353124421,6.3779311507,-75.1411206275,100,2026-02-17,lohana6,interior,https://www.inaturalist.org/observations/353124421
COL_ANURA_0003,Rhinella horribilis,353120418,6.3779311507,-75.1411206275,100,2026-02-12,lohana6,interior,https://www.inaturalist.org/observations/353120418
COL_ANURA_0003,Rhinella horribilis,353109859,7.7553539182,-76.655431129,1289,2026-04-16,juan_jose51701,interior,https://www.inaturalist.org/observations/353109859
COL_ANURA_0003,Rhinella horribilis,352854754,8.1275388333,-76.6969616667,19,2026-04-22,stefania41328,interior,https://www.inaturalist.org/observations/352854754
COL_ANURA_0003,Rhinella horribilis,352829731,6.2073783333,-75.0028611167,14,2026-04-24,jhoanc,interior,https://www.inaturalist.org/observations/352829731
COL_ANURA_0003,Rhinella horribilis,352452894,7.8729348,-76.5807902,,2026-04-23,diego_luis4,interior,https://www.inaturalist.org/observations/352452894
COL_ANURA_0003,Rhinella horribilis,352448944,6.6884695149,-75.9607061371,35,2026-04-23,cesarsilva,interior,https://www.inaturalist.org/observations/352448944
COL_ANURA_0003,Rhinella horribilis,352448069,6.6817889,-75.2197365,1426,2026-01-31,mauriciomere,interior,https://www.inaturalist.org/observations/352448069
COL_ANURA_0003,Rhinella horribilis,352406760,7.6518739513,-76.6091046855,48,2026-04-23,enny_susana,interior,https://www.inaturalist.org/observations/352406760
COL_ANURA_0003,Rhinella horribilis,352306982,6.7441083137,-76.0231448573,23,2026-04-23,viky3907,interior,https://www.inaturalist.org/observations/352306982
COL_ANURA_0003,Rhinella horribilis,352292703,6.16436795,-74.9294735491,5,2026-04-22,dayana83412,interior,https://www.inaturalist.org/observations/352292703
COL_ANURA_0003,Rhinella horribilis,352144709,7.831375,-76.7542883333,49,2026-04-22,luz_danis,interior,https://www.inaturalist.org/observations/352144709
COL_ANURA_0003,Rhinella horribilis,352141513,6.0728861667,-75.1002278333,15,2026-04-22,tatianagg,interior,https://www.inaturalist.org/observations/352141513
COL_ANURA_0003,Rhinella horribilis,352130920,8.5236047262,-76.5330097452,93,2026-04-22,leilacastillo,interior,https://www.inaturalist.org/observations/352130920
COL_ANURA_0003,Rhinella horribilis,352129054,8.5236607621,-76.5318168327,5,2026-04-09,anamilethhoyoslozano,interior,https://www.inaturalist.org/observations/352129054
COL_ANURA_0003,Rhinella horribilis,352113034,7.3360732828,-76.4876482263,6,2026-04-22,dina93954,interior,https://www.inaturalist.org/observations/352113034
COL_ANURA_0003,Rhinella horribilis,352095222,8.0101499444,-76.6124725278,,2026-04-18,luis_paternina,interior,https://www.inaturalist.org/observations/352095222
COL_ANURA_0003,Rhinella horribilis,351847398,7.84673,-76.73832,4,2026-04-18,sirly06,interior,https://www.inaturalist.org/observations/351847398
COL_ANURA_0003,Rhinella horribilis,351745807,7.2960908787,-76.5249443427,302,2026-04-21,maritza21328,interior,https://www.inaturalist.org/observations/351745807
COL_ANURA_0003,Rhinella horribilis,351736601,6.1207866143,-75.1341616362,5,2026-04-20,isa54118,interior,https://www.inaturalist.org/observations/351736601
COL_ANURA_0003,Rhinella horribilis,351736000,6.1207916148,-75.1341183856,5,2026-04-18,isa54118,interior,https://www.inaturalist.org/observations/351736000
COL_ANURA_0003,Rhinella horribilis,351720935,6.1852055076,-74.9974046405,23,2026-04-20,yennipaola,interior,https://www.inaturalist.org/observations/351720935
COL_ANURA_0003,Rhinella horribilis,351695371,8.5233483333,-76.5295783333,,2026-04-15,arnidis,interior,https://www.inaturalist.org/observations/351695371
COL_ANURA_0003,Rhinella horribilis,351621207,7.6518732867,-76.6093745828,79,2026-04-20,enny_susana,interior,https://www.inaturalist.org/observations/351621207
COL_ANURA_0003,Rhinella horribilis,351229274,7.3392941726,-76.494247131,656,2026-04-19,dahianna_lucia,interior,https://www.inaturalist.org/observations/351229274
COL_ANURA_0003,Rhinella horribilis,350990395,6.3409718291,-75.0719866902,24,2026-04-14,dguarin,interior,https://www.inaturalist.org/observations/350990395
COL_ANURA_0003,Rhinella horribilis,350989862,8.5239313255,-76.5318406373,211,2026-04-18,leilacastillo,interior,https://www.inaturalist.org/observations/350989862
COL_ANURA_0003,Rhinella horribilis,350926028,6.3539774362,-75.0571054593,43,2026-04-04,moi61,interior,https://www.inaturalist.org/observations/350926028
COL_ANURA_0003,Rhinella horribilis,350824213,7.2764252283,-76.5625138901,372,2026-04-18,estefania98693,interior,https://www.inaturalist.org/observations/350824213
COL_ANURA_0003,Rhinella horribilis,350655138,7.8376805,-76.77471145,3042,2026-04-17,sirly06,interior,https://www.inaturalist.org/observations/350655138
COL_ANURA_0003,Rhinella horribilis,350637897,7.5715936469,-76.7072762176,309,,nelson_enrrique,interior,https://www.inaturalist.org/observations/350637897
COL_ANURA_0003,Rhinella horribilis,350637873,6.5833769,-74.7033696,,2026-04-15,juanp37717,interior,https://www.inaturalist.org/observations/350637873
COL_ANURA_0003,Rhinella horribilis,350577723,8.546679518,-76.6705380008,4038,2026-04-15,farsuri,interior,https://www.inaturalist.org/observations/350577723
COL_ANURA_0003,Rhinella horribilis,350524260,7.9347255,-76.71641645,363,2026-04-16,jhoan_murillo,interior,https://www.inaturalist.org/observations/350524260
COL_ANURA_0003,Rhinella horribilis,350419646,6.296082,-75.0265839722,,2026-04-15,maria_valentina,interior,https://www.inaturalist.org/observations/350419646
COL_ANURA_0003,Rhinella horribilis,350396497,7.8859294444,-76.5607252778,,2026-04-16,yenifer84258,interior,https://www.inaturalist.org/observations/350396497
COL_ANURA_0003,Rhinella horribilis,350395264,6.3538858016,-75.0571547449,25,2026-04-01,moi61,interior,https://www.inaturalist.org/observations/350395264
COL_ANURA_0003,Rhinella horribilis,350354400,6.3408468698,-75.0720161945,26,2026-04-16,valentina60917,interior,https://www.inaturalist.org/observations/350354400
COL_ANURA_0003,Rhinella horribilis,350353074,7.2800291857,-76.5576078961,174,2026-03-11,juberlys_renteria,interior,https://www.inaturalist.org/observations/350353074
COL_ANURA_0003,Rhinella horribilis,350157180,6.7303283333,-76.0113527833,4,2026-04-15,viky3907,interior,https://www.inaturalist.org/observations/350157180
COL_ANURA_0003,Rhinella horribilis,350156705,6.2577258709,-75.0609725341,14,2026-04-09,isabela64667,interior,https://www.inaturalist.org/observations/350156705
COL_ANURA_0003,Rhinella horribilis,350069363,6.2729815,-74.9134295,685,2026-04-15,johan33437,interior,https://www.inaturalist.org/observations/350069363
COL_ANURA_0003,Rhinella horribilis,350063821,6.307975,-74.9418716667,4,2026-03-18,yamith1,interior,https://www.inaturalist.org/observations/350063821
COL_ANURA_0003,Rhinella horribilis,349899588,7.8845877778,-76.5641172222,,2026-04-14,cindy39091,interior,https://www.inaturalist.org/observations/349899588
COL_ANURA_0003,Rhinella horribilis,349694822,7.8856451102,-76.5598043427,7,2026-04-13,isaias46353,interior,https://www.inaturalist.org/observations/349694822
COL_ANURA_0003,Rhinella horribilis,349676090,6.5815329167,-75.195549,,2026-04-13,p_sanchez-aguirre,interior,https://www.inaturalist.org/observations/349676090
COL_ANURA_0003,Rhinella horribilis,349671180,5.8104400554,-75.192730017,211,2026-04-12,norelis2,interior,https://www.inaturalist.org/observations/349671180
COL_ANURA_0003,Rhinella horribilis,349560596,7.650486968,-76.699545756,2032,2026-04-10,nandry13,interior,https://www.inaturalist.org/observations/349560596
COL_ANURA_0003,Rhinella horribilis,349550662,6.3758293143,-75.1417372003,600,2026-04-13,jeseli2026,interior,https://www.inaturalist.org/observations/349550662
COL_ANURA_0003,Rhinella horribilis,349519661,8.5247733333,-76.5364666667,,2026-04-11,maria_eugenia10334,interior,https://www.inaturalist.org/observations/349519661
COL_ANURA_0003,Rhinella horribilis,349280635,6.1890280205,-75.0007435307,104,2026-03-24,sofxtp,interior,https://www.inaturalist.org/observations/349280635
COL_ANURA_0003,Rhinella horribilis,349230901,8.6361822,-76.720231,,2026-04-11,esteban76083,interior,https://www.inaturalist.org/observations/349230901
COL_ANURA_0003,Rhinella horribilis,349220474,7.2764636949,-76.5625258987,372,2026-04-10,estefania98693,interior,https://www.inaturalist.org/observations/349220474
COL_ANURA_0003,Rhinella horribilis,349167042,7.7739972222,-76.6533638889,,2026-03-24,franyer_bladimi,interior,https://www.inaturalist.org/observations/349167042
COL_ANURA_0003,Rhinella horribilis,349052755,7.2764310781,-76.5609147772,542,2026-04-11,yorla,interior,https://www.inaturalist.org/observations/349052755
COL_ANURA_0003,Rhinella horribilis,348995175,5.8279563485,-75.1963858679,100,2026-04-08,leilany29760,interior,https://www.inaturalist.org/observations/348995175
COL_ANURA_0003,Rhinella horribilis,348834564,6.6327460381,-75.9566253174,32,2026-04-10,juliana2307,interior,https://www.inaturalist.org/observations/348834564
COL_ANURA_0003,Rhinella horribilis,348769110,6.2248633333,-74.8216083333,3,2026-04-07,lizeth69962,interior,https://www.inaturalist.org/observations/348769110
COL_ANURA_0003,Rhinella horribilis,348763866,6.3710170996,-75.4673013697,15,2026-04-02,dwkfoster,interior,https://www.inaturalist.org/observations/348763866
COL_ANURA_0003,Rhinella horribilis,348763670,6.1336623421,-75.1951711625,7,2026-03-05,vale_0712,interior,https://www.inaturalist.org/observations/348763670
COL_ANURA_0003,Rhinella horribilis,348753479,7.8859325,-76.5606394444,,2026-04-08,yenifer84258,interior,https://www.inaturalist.org/observations/348753479
COL_ANURA_0003,Rhinella horribilis,348637125,6.343961515,-75.0872119144,5,2026-04-09,derly_morales,interior,https://www.inaturalist.org/observations/348637125
COL_ANURA_0003,Rhinella horribilis,348605529,5.924314445,-74.839565555,,2026-03-07,camerondeckert,interior,https://www.inaturalist.org/observations/348605529
COL_ANURA_0003,Rhinella horribilis,348598764,5.9273072217,-74.8388558333,,2026-03-07,camerondeckert,interior,https://www.inaturalist.org/observations/348598764
COL_ANURA_0003,Rhinella horribilis,348556826,6.139620728,-75.1835860312,1203,2026-04-09,anlly4,interior,https://www.inaturalist.org/observations/348556826
COL_ANURA_0003,Rhinella horribilis,348500011,6.3256959033,-75.0317092985,277,2026-04-08,xiomararios,interior,https://www.inaturalist.org/observations/348500011
COL_ANURA_0003,Rhinella horribilis,348403828,8.5006418056,-76.5541305278,,2026-04-07,dayanis22,interior,https://www.inaturalist.org/observations/348403828
COL_ANURA_0003,Rhinella horribilis,348392965,7.8844852778,-76.5640805556,,2026-04-08,cindy39091,interior,https://www.inaturalist.org/observations/348392965
COL_ANURA_0003,Rhinella horribilis,348293651,6.246615,-74.95955,,2026-04-07,estefa5,interior,https://www.inaturalist.org/observations/348293651
COL_ANURA_0003,Rhinella horribilis,348274026,7.2432432433,-76.4479054921,,2026-04-06,aldemar2026,interior,https://www.inaturalist.org/observations/348274026
COL_ANURA_0003,Rhinella horribilis,348184834,6.4196702069,-74.9424225837,10,2026-04-06,karig1016,interior,https://www.inaturalist.org/observations/348184834
COL_ANURA_0003,Rhinella horribilis,348157654,8.5170594199,-76.522535719,233,2026-04-07,arnidis,interior,https://www.inaturalist.org/observations/348157654
COL_ANURA_0003,Rhinella horribilis,348153927,6.4327230556,-75.1386230556,,2026-04-07,kelly36958,interior,https://www.inaturalist.org/observations/348153927
COL_ANURA_0003,Rhinella horribilis,348125564,6.3508348611,-75.0536547974,23,2026-03-28,moi61,interior,https://www.inaturalist.org/observations/348125564
COL_ANURA_0003,Rhinella horribilis,347974696,7.9705381959,-76.7090806738,100,2026-04-02,ingrid5970,interior,https://www.inaturalist.org/observations/347974696
COL_ANURA_0003,Rhinella horribilis,347956145,6.3508401926,-75.0535636023,10,2026-03-19,moi61,interior,https://www.inaturalist.org/observations/347956145
COL_ANURA_0003,Rhinella horribilis,347788803,5.9661835013,-75.1016948372,5,2026-04-03,cristian94823,interior,https://www.inaturalist.org/observations/347788803
COL_ANURA_0003,Rhinella horribilis,347681835,6.4199527382,-74.9424966797,12,2026-03-07,karig1016,interior,https://www.inaturalist.org/observations/347681835
COL_ANURA_0003,Rhinella horribilis,347674964,6.0432523551,-74.9945047125,632,2026-04-05,mariana61638,interior,https://www.inaturalist.org/observations/347674964
COL_ANURA_0003,Rhinella horribilis,347649954,6.4858308806,-75.0196229294,759,2026-04-01,shurley1,interior,https://www.inaturalist.org/observations/347649954
COL_ANURA_0003,Rhinella horribilis,347466220,6.5537667326,-75.0464873744,15,2026-04-02,vhoa,interior,https://www.inaturalist.org/observations/347466220
COL_ANURA_0003,Rhinella horribilis,347386189,8.5238262169,-76.5318734944,157,2026-03-09,yudis5,interior,https://www.inaturalist.org/observations/347386189
COL_ANURA_0003,Rhinella horribilis,347250213,7.6625290493,-76.7029092461,1378,2026-03-25,nandry13,interior,https://www.inaturalist.org/observations/347250213
COL_ANURA_0003,Rhinella horribilis,347116521,5.833309691,-74.9333902448,1631,2026-03-28,luisarendon31,interior,https://www.inaturalist.org/observations/347116521
COL_ANURA_0003,Rhinella horribilis,346865361,6.3335505508,-75.0177713756,1458,2026-03-30,lis_mabel,interior,https://www.inaturalist.org/observations/346865361
COL_ANURA_0003,Rhinella horribilis,346622272,6.139620728,-75.1835860312,1203,2026-04-01,frangran2026,interior,https://www.inaturalist.org/observations/346622272
COL_ANURA_0003,Rhinella horribilis,346620989,7.864661,-76.584119,84,2026-03-31,ingrid_johana2,interior,https://www.inaturalist.org/observations/346620989
COL_ANURA_0003,Rhinella horribilis,346618473,6.1333179,-75.0954325333,5,2026-04-01,leslyclavijo21,interior,https://www.inaturalist.org/observations/346618473
COL_ANURA_0003,Rhinella horribilis,346562168,8.5230987456,-76.5308039635,120,2026-03-15,arnidis,interior,https://www.inaturalist.org/observations/346562168
COL_ANURA_0003,Rhinella horribilis,346484747,8.5238759528,-76.5324816853,21,2026-03-29,osman47895,interior,https://www.inaturalist.org/observations/346484747
COL_ANURA_0003,Rhinella horribilis,346460258,7.3303857,-76.4864915,,2026-03-31,andres_2009,interior,https://www.inaturalist.org/observations/346460258
COL_ANURA_0003,Rhinella horribilis,346423287,8.4271735151,-76.7876781151,1845,2026-03-30,jorge47237,interior,https://www.inaturalist.org/observations/346423287
COL_ANURA_0003,Rhinella horribilis,346364900,6.4304099513,-75.1415112242,127,2026-03-11,daniel90418,interior,https://www.inaturalist.org/observations/346364900
COL_ANURA_0003,Rhinella horribilis,346348570,6.139620728,-75.1835860312,1203,2026-03-31,anlly4,interior,https://www.inaturalist.org/observations/346348570
COL_ANURA_0003,Rhinella horribilis,346294907,7.8137689543,-76.6545718137,8967,2026-03-30,eliza2001,interior,https://www.inaturalist.org/observations/346294907
COL_ANURA_0003,Rhinella horribilis,346175427,5.9765744,-75.091753,,2026-02-28,juan_david40517,interior,https://www.inaturalist.org/observations/346175427
COL_ANURA_0003,Rhinella horribilis,346057516,6.1758899702,-75.0476919115,5,2026-03-29,ginna_shirley,interior,https://www.inaturalist.org/observations/346057516
COL_ANURA_0003,Rhinella horribilis,346052187,6.066752119,-75.0816396251,1447,2026-03-29,mariazuluaga,interior,https://www.inaturalist.org/observations/346052187
COL_ANURA_0003,Rhinella horribilis,346042061,7.9344283333,-76.7189033333,16,2026-03-29,kattym-12,interior,https://www.inaturalist.org/observations/346042061
COL_ANURA_0003,Rhinella horribilis,346001120,8.5237701811,-76.5318694711,5,2026-03-11,anamilethhoyoslozano,interior,https://www.inaturalist.org/observations/346001120
COL_ANURA_0003,Rhinella horribilis,345988015,6.1759166667,-75.0479055,2,2026-03-25,jonatancardona07,interior,https://www.inaturalist.org/observations/345988015
COL_ANURA_0003,Rhinella horribilis,345921750,6.1901166491,-74.9534957483,291,2026-03-24,sofxtp,interior,https://www.inaturalist.org/observations/345921750
COL_ANURA_0003,Rhinella horribilis,345809587,7.846855,-76.7383416667,16,2026-03-28,sirly06,interior,https://www.inaturalist.org/observations/345809587
COL_ANURA_0003,Rhinella horribilis,345790660,6.0731209909,-75.1013250276,287,2026-03-23,pompa1,interior,https://www.inaturalist.org/observations/345790660
COL_ANURA_0003,Rhinella horribilis,345693380,5.7205755908,-75.1443285495,44,2026-03-26,biottero,interior,https://www.inaturalist.org/observations/345693380
COL_ANURA_0003,Rhinella horribilis,345690611,6.3041434908,-75.0718163699,189,2026-03-26,xiomararios,interior,https://www.inaturalist.org/observations/345690611
COL_ANURA_0003,Rhinella horribilis,345574958,7.8846230556,-76.5641444444,,2026-03-27,cindy39091,interior,https://www.inaturalist.org/observations/345574958
COL_ANURA_0003,Rhinella horribilis,345535513,6.387899429,-75.0634549186,600,2026-03-27,mayerly54044,interior,https://www.inaturalist.org/observations/345535513
COL_ANURA_0003,Rhinella horribilis,345535026,6.3899902204,-75.0619089603,600,2026-03-27,mayerly54044,interior,https://www.inaturalist.org/observations/345535026
COL_ANURA_0003,Rhinella horribilis,345534887,6.3878131316,-75.06349314,600,2026-03-27,mayerly54044,interior,https://www.inaturalist.org/observations/345534887
COL_ANURA_0003,Rhinella horribilis,345499328,5.5800625826,-75.1284307699,2,2022-03-24,xirzzi,interior,https://www.inaturalist.org/observations/345499328
COL_ANURA_0003,Rhinella horribilis,345484727,6.139620728,-75.1835860312,1203,2026-03-26,anlly4,interior,https://www.inaturalist.org/observations/345484727
COL_ANURA_0003,Rhinella horribilis,345396966,6.0731209909,-75.1013250276,287,2026-03-19,mateo28186,interior,https://www.inaturalist.org/observations/345396966
COL_ANURA_0003,Rhinella horribilis,345350682,6.2495216667,-74.9101033333,4,2026-03-22,maradu,interior,https://www.inaturalist.org/observations/345350682
COL_ANURA_0003,Rhinella horribilis,345344872,6.0727805,-75.1002416667,11,2026-03-26,tatianagg,interior,https://www.inaturalist.org/observations/345344872
COL_ANURA_0003,Rhinella horribilis,345295513,6.1311364918,-75.0671627373,211,2026-03-25,leslyclavijo21,interior,https://www.inaturalist.org/observations/345295513
COL_ANURA_0003,Rhinella horribilis,345206222,5.8785338851,-74.8646401986,211,2026-03-25,urias_salomon,interior,https://www.inaturalist.org/observations/345206222
COL_ANURA_0003,Rhinella horribilis,345195722,7.8851333333,-76.5636055556,,2026-03-25,yenifer84258,interior,https://www.inaturalist.org/observations/345195722
COL_ANURA_0003,Rhinella horribilis,345154290,6.120985,-75.134025,5,2026-03-25,isa54118,interior,https://www.inaturalist.org/observations/345154290
COL_ANURA_0003,Rhinella horribilis,345151774,6.3283191667,-75.0420994444,,2026-03-25,shirley27679,interior,https://www.inaturalist.org/observations/345151774
COL_ANURA_0003,Rhinella horribilis,345041198,6.0424758359,-75.389819406,211,2022-04-15,dreamyandrea,interior,https://www.inaturalist.org/observations/345041198
COL_ANURA_0003,Rhinella horribilis,344886041,6.5513669932,-74.7872940078,1027,2026-03-23,ingrid11123,interior,https://www.inaturalist.org/observations/344886041
COL_ANURA_0003,Rhinella horribilis,344792919,7.8647089689,-76.5841162205,224,2026-03-23,yenifer84258,interior,https://www.inaturalist.org/observations/344792919
COL_ANURA_0003,Rhinella horribilis,344666382,6.1246219629,-75.1329985633,21,2026-03-23,diana_aristizabal1,interior,https://www.inaturalist.org/observations/344666382
COL_ANURA_0003,Rhinella horribilis,344612421,8.4882875,-76.7478895,1397,2026-03-22,yuranis2,interior,https://www.inaturalist.org/observations/344612421
COL_ANURA_0003,Rhinella horribilis,344594950,6.3758293143,-75.1417372003,600,2026-03-20,jeseli2026,interior,https://www.inaturalist.org/observations/344594950
COL_ANURA_0003,Rhinella horribilis,344341867,7.8849063889,-76.56373,,2026-03-21,yenifer84258,interior,https://www.inaturalist.org/observations/344341867
COL_ANURA_0003,Rhinella horribilis,344323226,7.9343966667,-76.7189033333,14,2026-03-21,kattym-12,interior,https://www.inaturalist.org/observations/344323226
COL_ANURA_0003,Rhinella horribilis,344216636,6.7270863307,-76.094269082,264,,kevin81996,interior,https://www.inaturalist.org/observations/344216636
COL_ANURA_0003,Rhinella horribilis,344083820,5.8104400554,-75.192730017,211,2026-03-19,norelis2,interior,https://www.inaturalist.org/observations/344083820
COL_ANURA_0003,Rhinella horribilis,344003598,6.139620728,-75.1835860312,1203,2026-03-19,anlly4,interior,https://www.inaturalist.org/observations/344003598
COL_ANURA_0003,Rhinella horribilis,343814529,6.2519166667,-74.8939366667,1,2026-03-19,maradu,interior,https://www.inaturalist.org/observations/343814529
COL_ANURA_0003,Rhinella horribilis,343792489,6.3149592983,-75.073396191,929,2026-02-21,danielcamilo,interior,https://www.inaturalist.org/observations/343792489
COL_ANURA_0003,Rhinella horribilis,343775235,7.6938671014,-76.546314843,117,2026-03-13,jhoinerbailarin,interior,https://www.inaturalist.org/observations/343775235
COL_ANURA_0003,Rhinella horribilis,343692580,7.6802376669,-76.7382255569,5,2026-03-17,carlos_andres69781,interior,https://www.inaturalist.org/observations/343692580
COL_ANURA_0003,Rhinella horribilis,343684501,8.5246530556,-76.5362480556,,2026-03-12,maria_eugenia10334,interior,https://www.inaturalist.org/observations/343684501
COL_ANURA_0003,Rhinella horribilis,343676633,6.2692261111,-74.9149447222,,2026-03-14,luisa66124,interior,https://www.inaturalist.org/observations/343676633
COL_ANURA_0003,Rhinella horribilis,343625444,6.5383254768,-74.7145773098,11,2026-03-17,michael_santiago,interior,https://www.inaturalist.org/observations/343625444
COL_ANURA_0003,Rhinella horribilis,343579443,6.5513669932,-74.7872940078,1027,2026-03-17,luisa42998,interior,https://www.inaturalist.org/observations/343579443
COL_ANURA_0003,Rhinella horribilis,343530654,6.5507179,-74.7864208,,2026-03-05,linaramirez-07,interior,https://www.inaturalist.org/observations/343530654
COL_ANURA_0003,Rhinella horribilis,343526652,6.2542294351,-75.0302451476,44,2026-03-15,merlin_santiago,interior,https://www.inaturalist.org/observations/343526652
COL_ANURA_0003,Rhinella horribilis,343498175,8.1273166667,-76.6967633333,,2026-03-12,diego200803,interior,https://www.inaturalist.org/observations/343498175
COL_ANURA_0003,Rhinella horribilis,343320049,6.28067,-74.9221366667,18,2026-03-13,jamilton_arboleda,interior,https://www.inaturalist.org/observations/343320049
COL_ANURA_0003,Rhinella horribilis,343288369,6.0729029508,-75.1019476354,21,2026-03-16,alvarezlu,interior,https://www.inaturalist.org/observations/343288369
COL_ANURA_0003,Rhinella horribilis,343239233,7.8825933795,-76.560144648,27,,yini1,interior,https://www.inaturalist.org/observations/343239233
COL_ANURA_0003,Rhinella horribilis,343178787,7.8926906728,-76.6069659591,7,2026-03-13,jeraldyn,interior,https://www.inaturalist.org/observations/343178787
COL_ANURA_0003,Rhinella horribilis,343036680,6.325870522,-75.4926311537,1354,2026-03-14,un_lulo,interior,https://www.inaturalist.org/observations/343036680
COL_ANURA_0003,Rhinella horribilis,342984748,6.2072595549,-75.0029054536,10,2026-03-11,jhoanc,interior,https://www.inaturalist.org/observations/342984748
COL_ANURA_0003,Rhinella horribilis,342844527,6.322033,-75.0297601997,,2026-03-13,edwin_alberto2,interior,https://www.inaturalist.org/observations/342844527
COL_ANURA_0003,Rhinella horribilis,342824156,6.3311616667,-75.0326083333,65,2026-03-04,laura83757,interior,https://www.inaturalist.org/observations/342824156
COL_ANURA_0003,Rhinella horribilis,342823735,6.3353133333,-75.0303945,49,2026-03-09,laura83757,interior,https://www.inaturalist.org/observations/342823735
COL_ANURA_0003,Rhinella horribilis,342754506,6.0655474,-74.8044688,,2026-03-12,pao55543,interior,https://www.inaturalist.org/observations/342754506
COL_ANURA_0003,Rhinella horribilis,342668513,6.8212857531,-76.0330597311,881,2026-03-12,duvan_andres2,interior,https://www.inaturalist.org/observations/342668513
COL_ANURA_0003,Rhinella horribilis,342643650,6.3791899827,-74.8574901,1449,2026-03-12,lina70595,interior,https://www.inaturalist.org/observations/342643650
COL_ANURA_0003,Rhinella horribilis,342639924,6.0484699084,-74.8870601133,211,2026-02-16,daniel4618,interior,https://www.inaturalist.org/observations/342639924
COL_ANURA_0003,Rhinella horribilis,342611896,6.4858308806,-75.0196229294,759,2026-03-11,shurley1,interior,https://www.inaturalist.org/observations/342611896
COL_ANURA_0003,Rhinella horribilis,342591688,6.4414663,-74.9826039997,,2026-03-10,shurley1,interior,https://www.inaturalist.org/observations/342591688
COL_ANURA_0003,Rhinella horribilis,342584322,6.4450953997,-74.9886972997,,2026-03-10,shurley1,interior,https://www.inaturalist.org/observations/342584322
COL_ANURA_0003,Rhinella horribilis,342566091,6.43096,-75.1444230556,,2026-03-11,kelly36958,interior,https://www.inaturalist.org/observations/342566091
COL_ANURA_0003,Rhinella horribilis,342504962,6.478355,-74.6997616667,4,2026-03-07,amarilis78433,interior,https://www.inaturalist.org/observations/342504962
COL_ANURA_0003,Rhinella horribilis,342503683,6.038884962,-74.8820551112,5,2026-02-27,pao55543,interior,https://www.inaturalist.org/observations/342503683
COL_ANURA_0003,Rhinella horribilis,342503005,6.0354684,-74.8859816,,2026-02-14,pao55543,interior,https://www.inaturalist.org/observations/342503005
COL_ANURA_0003,Rhinella horribilis,342502539,7.8845877778,-76.5640397222,,2026-03-11,cindy39091,interior,https://www.inaturalist.org/observations/342502539
COL_ANURA_0003,Rhinella horribilis,342490259,8.5247522222,-76.5361191667,,2026-03-10,yeison80969,interior,https://www.inaturalist.org/observations/342490259
COL_ANURA_0003,Rhinella horribilis,342427713,7.7020352488,-76.5558568016,211,2026-03-10,yeri45413,interior,https://www.inaturalist.org/observations/342427713
COL_ANURA_0003,Rhinella horribilis,342357105,7.8888997222,-76.5342997222,,2026-02-26,sarith_pabon25,interior,https://www.inaturalist.org/observations/342357105
COL_ANURA_0003,Rhinella horribilis,342355316,7.9817522663,-76.7229450122,220,2026-03-07,madi63996,interior,https://www.inaturalist.org/observations/342355316
COL_ANURA_0003,Rhinella horribilis,342322352,7.8647089689,-76.5841162205,224,2026-03-10,dalida6,interior,https://www.inaturalist.org/observations/342322352
COL_ANURA_0003,Rhinella horribilis,342249728,6.139620728,-75.1835860312,1203,2026-03-06,anlly4,interior,https://www.inaturalist.org/observations/342249728
COL_ANURA_0003,Rhinella horribilis,342229848,6.0728945,-75.0999916667,14,2026-03-10,tatianagg,interior,https://www.inaturalist.org/observations/342229848
COL_ANURA_0003,Rhinella horribilis,342187759,5.84477995,-74.9712955,71,2026-03-09,breynerjj,interior,https://www.inaturalist.org/observations/342187759
COL_ANURA_0003,Rhinella horribilis,342185216,7.8826614617,-76.5603598952,5,2026-03-09,yini1,interior,https://www.inaturalist.org/observations/342185216
COL_ANURA_0003,Rhinella horribilis,342174018,6.2660161111,-74.9137933333,,2026-03-02,luisa66124,interior,https://www.inaturalist.org/observations/342174018
COL_ANURA_0003,Rhinella horribilis,342165546,6.2951217031,-75.0278663635,929,,valeria19140,interior,https://www.inaturalist.org/observations/342165546
COL_ANURA_0003,Rhinella horribilis,342125107,7.8647089689,-76.5841162205,224,2026-01-29,leonela3419,interior,https://www.inaturalist.org/observations/342125107
COL_ANURA_0003,Rhinella horribilis,342059350,7.9782011972,-76.7194989722,,2026-03-08,litzy20746,interior,https://www.inaturalist.org/observations/342059350
COL_ANURA_0003,Rhinella horribilis,341998674,7.9781825,-76.7194927,,2026-03-08,litzy20746,interior,https://www.inaturalist.org/observations/341998674
COL_ANURA_0003,Rhinella horribilis,341994552,8.5235377485,-76.5320766717,211,2026-03-08,leilacastillo,interior,https://www.inaturalist.org/observations/341994552
COL_ANURA_0003,Rhinella horribilis,341869839,7.5723381167,-76.6712256521,211,2026-03-04,nandry13,interior,https://www.inaturalist.org/observations/341869839
COL_ANURA_0003,Rhinella horribilis,341806527,6.3527432024,-75.5817255826,4,2022-04-28,biottero,interior,https://www.inaturalist.org/observations/341806527
COL_ANURA_0003,Rhinella horribilis,341806510,6.4237660011,-75.3819766705,8,2022-08-28,biottero,interior,https://www.inaturalist.org/observations/341806510
COL_ANURA_0003,Rhinella horribilis,341792728,6.3514286563,-75.0554287434,16,2026-03-07,valentina60917,interior,https://www.inaturalist.org/observations/341792728
COL_ANURA_0003,Rhinella horribilis,341785536,6.4308080556,-75.1445016667,,2026-03-07,kelly36958,interior,https://www.inaturalist.org/observations/341785536
COL_ANURA_0003,Rhinella horribilis,341727505,6.2563537618,-75.0190046802,25,2026-01-31,tiago_roman,interior,https://www.inaturalist.org/observations/341727505
COL_ANURA_0003,Rhinella horribilis,341725097,6.2569723278,-75.0186673924,42,2026-02-06,tiago_roman,interior,https://www.inaturalist.org/observations/341725097
COL_ANURA_0003,Rhinella horribilis,341704369,8.5182583333,-76.5270416667,,2026-03-06,donadis,interior,https://www.inaturalist.org/observations/341704369
COL_ANURA_0003,Rhinella horribilis,341687254,6.7451722222,-76.0229125,,2026-02-27,angel43583,interior,https://www.inaturalist.org/observations/341687254
COL_ANURA_0003,Rhinella horribilis,341682624,7.7064697852,-76.5583884716,5,2026-03-01,nancybailarin,interior,https://www.inaturalist.org/observations/341682624
COL_ANURA_0003,Rhinella horribilis,341614422,6.4019816667,-74.8487416667,,2026-03-06,angiegarnica,interior,https://www.inaturalist.org/observations/341614422
COL_ANURA_0003,Rhinella horribilis,341601050,8.5632665,-76.6239415,810,2026-03-06,mary88684,interior,https://www.inaturalist.org/observations/341601050
COL_ANURA_0003,Rhinella horribilis,341591458,6.255791186,-75.0185835734,80,2026-02-11,tiago_roman,interior,https://www.inaturalist.org/observations/341591458
COL_ANURA_0003,Rhinella horribilis,341588163,7.679415,-76.7617316667,,2026-02-10,yeniffer6,interior,https://www.inaturalist.org/observations/341588163
COL_ANURA_0003,Rhinella horribilis,341586646,6.2563231001,-75.0189899281,35,2026-02-18,tiago_roman,interior,https://www.inaturalist.org/observations/341586646
COL_ANURA_0003,Rhinella horribilis,341557502,5.847622,-74.8800209722,,2026-02-06,danna75364,interior,https://www.inaturalist.org/observations/341557502
COL_ANURA_0003,Rhinella horribilis,341472071,7.8843133333,-76.5620933333,7,2026-03-05,vanessa95747,interior,https://www.inaturalist.org/observations/341472071
COL_ANURA_0003,Rhinella horribilis,341452573,6.4094899795,-74.9433201179,996,2026-03-05,wilder62261,interior,https://www.inaturalist.org/observations/341452573
COL_ANURA_0003,Rhinella horribilis,341452532,7.078467038,-76.2429474484,231,2026-03-04,jimenezmarly,interior,https://www.inaturalist.org/observations/341452532
COL_ANURA_0003,Rhinella horribilis,341449213,6.2137246037,-74.8161646351,215,2026-03-04,joan_andres1,interior,https://www.inaturalist.org/observations/341449213
COL_ANURA_0003,Rhinella horribilis,341445977,8.54762,-76.574395,29,2026-03-05,lubin015,interior,https://www.inaturalist.org/observations/341445977
COL_ANURA_0003,Rhinella horribilis,341445963,8.5475366667,-76.574395,3,2026-03-05,lubin015,interior,https://www.inaturalist.org/observations/341445963
COL_ANURA_0003,Rhinella horribilis,341373880,6.7257884202,-76.0214732587,9,2026-03-04,lina_marcela39019,interior,https://www.inaturalist.org/observations/341373880
COL_ANURA_0003,Rhinella horribilis,341364750,6.2803333333,-74.9216866667,62,2026-03-05,jamilton_arboleda,interior,https://www.inaturalist.org/observations/341364750
COL_ANURA_0003,Rhinella horribilis,341318629,6.5199666667,-74.6884616667,13,2026-03-04,amarilis78433,interior,https://www.inaturalist.org/observations/341318629
COL_ANURA_0003,Rhinella horribilis,341293497,6.4435903,-75.0304871,,2026-02-28,ximena14170,interior,https://www.inaturalist.org/observations/341293497
COL_ANURA_0003,Rhinella horribilis,341286728,7.8678232699,-76.5768175945,700,2026-03-04,alejandra98369,interior,https://www.inaturalist.org/observations/341286728
COL_ANURA_0003,Rhinella horribilis,341247747,6.2635466667,-74.91349,,2026-02-26,felipe2009,interior,https://www.inaturalist.org/observations/341247747
COL_ANURA_0003,Rhinella horribilis,341245791,6.2159324207,-74.9509238452,8,2026-03-03,juan_pablo144,interior,https://www.inaturalist.org/observations/341245791
COL_ANURA_0003,Rhinella horribilis,341172544,7.3333398644,-76.4926465228,5,2026-03-03,luis_felipe47903,interior,https://www.inaturalist.org/observations/341172544
COL_ANURA_0003,Rhinella horribilis,341157773,6.0334615144,-74.9962746341,2,2026-03-02,anadelmonte,interior,https://www.inaturalist.org/observations/341157773
COL_ANURA_0003,Rhinella horribilis,341154940,6.0728606097,-75.1018869504,20,2026-02-26,alvarezlu,interior,https://www.inaturalist.org/observations/341154940
COL_ANURA_0003,Rhinella horribilis,341140292,6.3265194444,-75.0458036111,,2026-03-03,jhoan_sebastian80054,interior,https://www.inaturalist.org/observations/341140292
COL_ANURA_0003,Rhinella horribilis,341126816,7.8853800897,-76.5588742867,25,2026-03-03,doris_elena1,interior,https://www.inaturalist.org/observations/341126816
COL_ANURA_0003,Rhinella horribilis,341111736,6.3758293143,-75.1417372003,600,2026-03-03,jeseli2026,interior,https://www.inaturalist.org/observations/341111736
COL_ANURA_0003,Rhinella horribilis,341111280,6.3758293143,-75.1417372003,600,2026-03-03,jeseli2026,interior,https://www.inaturalist.org/observations/341111280
COL_ANURA_0003,Rhinella horribilis,341102257,7.687139824,-76.7294969782,210,2026-03-02,yarlenis1809,interior,https://www.inaturalist.org/observations/341102257
COL_ANURA_0003,Rhinella horribilis,341031144,6.3900616667,-75.0704516667,11,2026-03-02,yesica_yohana,interior,https://www.inaturalist.org/observations/341031144
COL_ANURA_0003,Rhinella horribilis,341021622,6.0731209909,-75.1013250276,287,2026-03-02,mateo28186,interior,https://www.inaturalist.org/observations/341021622
COL_ANURA_0003,Rhinella horribilis,341021446,6.0694221667,-75.1100778333,14,2026-03-02,tatianagg,interior,https://www.inaturalist.org/observations/341021446
COL_ANURA_0003,Rhinella horribilis,341021373,6.0731209909,-75.1013250276,287,2026-03-02,mateo28186,interior,https://www.inaturalist.org/observations/341021373
COL_ANURA_0003,Rhinella horribilis,341020917,6.6378081432,-75.9622598067,671,2026-03-01,diego49810,interior,https://www.inaturalist.org/observations/341020917
COL_ANURA_0003,Rhinella horribilis,341020843,6.6375540422,-75.9615466744,671,2026-03-02,diego49810,interior,https://www.inaturalist.org/observations/341020843
COL_ANURA_0003,Rhinella horribilis,341014407,6.322028,-75.0297864,,2026-02-25,edwin_alberto2,interior,https://www.inaturalist.org/observations/341014407
COL_ANURA_0003,Rhinella horribilis,340998787,6.3220352,-75.0298278,,2026-02-20,edwin_alberto2,interior,https://www.inaturalist.org/observations/340998787
COL_ANURA_0003,Rhinella horribilis,340979563,8.7153645866,-76.5922925994,217,2026-03-02,deina2,interior,https://www.inaturalist.org/observations/340979563
COL_ANURA_0003,Rhinella horribilis,340978397,6.1886725624,-74.996879568,118,2026-02-21,samuel8171,interior,https://www.inaturalist.org/observations/340978397
COL_ANURA_0003,Rhinella horribilis,340957296,5.84477995,-74.9712955,71,2026-03-01,breynerjj,interior,https://www.inaturalist.org/observations/340957296
COL_ANURA_0003,Rhinella horribilis,340938378,6.0802169116,-75.1099422947,218,2026-03-01,karen92785,interior,https://www.inaturalist.org/observations/340938378
COL_ANURA_0003,Rhinella horribilis,340881987,6.9997716667,-76.1090963889,,2026-02-28,dahianadurango,interior,https://www.inaturalist.org/observations/340881987
COL_ANURA_0003,Rhinella horribilis,340873738,6.3271785,-75.040988,778,2026-02-26,fernanda_herrera1,interior,https://www.inaturalist.org/observations/340873738
COL_ANURA_0003,Rhinella horribilis,340872383,8.4164516667,-76.645215,,2026-03-01,janiergz99,interior,https://www.inaturalist.org/observations/340872383
COL_ANURA_0003,Rhinella horribilis,340800839,7.6617661284,-76.6141750664,363,2026-02-11,david33048,interior,https://www.inaturalist.org/observations/340800839
COL_ANURA_0003,Rhinella horribilis,340793765,7.6620236997,-76.620106,,2026-02-17,david33048,interior,https://www.inaturalist.org/observations/340793765
COL_ANURA_0003,Rhinella horribilis,340719869,7.8647089689,-76.5841162205,224,2026-02-28,karina70111,interior,https://www.inaturalist.org/observations/340719869
COL_ANURA_0003,Rhinella horribilis,340718294,7.8647089689,-76.5841162205,224,2026-02-28,karina70111,interior,https://www.inaturalist.org/observations/340718294
COL_ANURA_0003,Rhinella horribilis,340706755,8.4503585797,-76.7918471745,49,2026-02-22,mariapaz64936,interior,https://www.inaturalist.org/observations/340706755
COL_ANURA_0003,Rhinella horribilis,340702303,6.7442569,-76.0466577,,2026-02-28,higuita23,interior,https://www.inaturalist.org/observations/340702303
COL_ANURA_0003,Rhinella horribilis,340686310,6.2453319444,-74.9640819444,,2026-02-28,valentina44778,interior,https://www.inaturalist.org/observations/340686310
COL_ANURA_0003,Rhinella horribilis,340685231,6.9286800955,-76.080580093,526,2026-02-28,noreyimanco23,interior,https://www.inaturalist.org/observations/340685231
COL_ANURA_0003,Rhinella horribilis,340635890,7.7076901301,-76.5641532093,5,2026-02-12,edwin23021,interior,https://www.inaturalist.org/observations/340635890
COL_ANURA_0003,Rhinella horribilis,340610258,5.9920527227,-75.1632347703,9,2026-02-28,juan_luis62956,interior,https://www.inaturalist.org/observations/340610258
COL_ANURA_0003,Rhinella horribilis,340592832,7.8817443913,-76.5571729634,2838,2026-02-28,luisa45518,interior,https://www.inaturalist.org/observations/340592832
COL_ANURA_0003,Rhinella horribilis,340587214,7.8647089689,-76.5841162205,224,2026-02-27,antonio15235,interior,https://www.inaturalist.org/observations/340587214
COL_ANURA_0003,Rhinella horribilis,340544003,6.2706399172,-74.8178799078,211,2026-02-27,yuri_alejandra,interior,https://www.inaturalist.org/observations/340544003
COL_ANURA_0003,Rhinella horribilis,340517252,8.5198154916,-76.5302668512,103,2026-02-21,yudis5,interior,https://www.inaturalist.org/observations/340517252
COL_ANURA_0003,Rhinella horribilis,340507463,8.5226077778,-76.5298502778,,2026-02-27,arnidis,interior,https://www.inaturalist.org/observations/340507463
COL_ANURA_0003,Rhinella horribilis,340505409,8.5264947053,-76.5381974727,9,2026-02-19,anamilethhoyoslozano,interior,https://www.inaturalist.org/observations/340505409
COL_ANURA_0003,Rhinella horribilis,340504865,8.5264489485,-76.5382926911,5,2026-02-18,anamilethhoyoslozano,interior,https://www.inaturalist.org/observations/340504865
COL_ANURA_0003,Rhinella horribilis,340503258,8.5258365373,-76.5384723991,14,2026-02-19,osman47895,interior,https://www.inaturalist.org/observations/340503258
COL_ANURA_0003,Rhinella horribilis,340498172,6.2542894257,-74.8936459422,88,2026-02-27,esneider55640,interior,https://www.inaturalist.org/observations/340498172
COL_ANURA_0003,Rhinella horribilis,340495470,8.526434691,-76.5382558107,100,,osman47895,interior,https://www.inaturalist.org/observations/340495470
COL_ANURA_0003,Rhinella horribilis,340481996,5.7708316667,-75.1639230556,,2026-02-09,yelifernanda02,interior,https://www.inaturalist.org/observations/340481996
COL_ANURA_0003,Rhinella horribilis,340479597,6.3334783333,-75.0288861667,21,2026-02-24,laura83757,interior,https://www.inaturalist.org/observations/340479597
COL_ANURA_0003,Rhinella horribilis,340431463,6.9995397461,-76.1091228202,5,2026-02-23,dannysantiago,interior,https://www.inaturalist.org/observations/340431463
COL_ANURA_0003,Rhinella horribilis,340390984,6.3004208011,-75.0295733026,389,2026-02-26,mateohenaomarin,interior,https://www.inaturalist.org/observations/340390984
COL_ANURA_0003,Rhinella horribilis,340388521,7.8860458429,-76.5595307498,5,2026-02-26,caterinevelasquez,interior,https://www.inaturalist.org/observations/340388521
COL_ANURA_0003,Rhinella horribilis,340386005,7.3997239663,-76.4646456171,239,2026-02-21,starly16,interior,https://www.inaturalist.org/observations/340386005
COL_ANURA_0003,Rhinella horribilis,340374765,7.0240601335,-76.1315900087,496,2026-02-26,mardely,interior,https://www.inaturalist.org/observations/340374765
COL_ANURA_0003,Rhinella horribilis,340372031,6.2635383333,-74.9134366667,13,2026-02-26,jamilton_arboleda,interior,https://www.inaturalist.org/observations/340372031
COL_ANURA_0003,Rhinella horribilis,340351713,6.1384709921,-75.0558287278,51,2026-02-25,laura87155,interior,https://www.inaturalist.org/observations/340351713
COL_ANURA_0003,Rhinella horribilis,340350834,6.321835,-75.058204,,2026-02-26,maria_valentina,interior,https://www.inaturalist.org/observations/340350834
COL_ANURA_0003,Rhinella horribilis,340343896,6.0781995646,-75.1085492224,150,2026-02-04,karen92785,interior,https://www.inaturalist.org/observations/340343896
COL_ANURA_0003,Rhinella horribilis,340329591,8.50049875,-76.5538177222,,2026-02-24,dayanis22,interior,https://www.inaturalist.org/observations/340329591
COL_ANURA_0003,Rhinella horribilis,340310246,8.4180765,-76.6454225,,2026-02-18,drendy52996,interior,https://www.inaturalist.org/observations/340310246
COL_ANURA_0003,Rhinella horribilis,340310151,8.5054338889,-76.5260175,,2026-02-21,arnidis,interior,https://www.inaturalist.org/observations/340310151
COL_ANURA_0003,Rhinella horribilis,340305336,6.3296583333,-75.0343471667,79,2026-02-24,laura83757,interior,https://www.inaturalist.org/observations/340305336
COL_ANURA_0003,Rhinella horribilis,340289884,6.139620728,-75.1835860312,1203,2026-02-25,anlly4,interior,https://www.inaturalist.org/observations/340289884
COL_ANURA_0003,Rhinella horribilis,340253731,6.3217419444,-75.0581769444,,2026-02-25,maria_valentina,interior,https://www.inaturalist.org/observations/340253731
COL_ANURA_0003,Rhinella horribilis,340252902,6.8535336316,-76.0735845566,418,2026-02-25,estefania79397,interior,https://www.inaturalist.org/observations/340252902
COL_ANURA_0003,Rhinella horribilis,340240378,7.8713789314,-76.5797365084,10,2026-02-25,alejandra98369,interior,https://www.inaturalist.org/observations/340240378
COL_ANURA_0003,Rhinella horribilis,340240123,7.8680192207,-76.5778210759,437,2026-02-25,alejandra98369,interior,https://www.inaturalist.org/observations/340240123
COL_ANURA_0003,Rhinella horribilis,340239519,6.2467497222,-74.959475,,2026-02-25,estefa5,interior,https://www.inaturalist.org/observations/340239519
COL_ANURA_0003,Rhinella horribilis,340228544,8.4730922233,-76.7663753405,31,2026-02-25,yarle,interior,https://www.inaturalist.org/observations/340228544
COL_ANURA_0003,Rhinella horribilis,340198152,6.0713416667,-75.334175,9,2026-02-25,marioavelezm,interior,https://www.inaturalist.org/observations/340198152
COL_ANURA_0003,Rhinella horribilis,340185919,7.8857759598,-76.5602955222,151,2026-02-25,isaias46353,interior,https://www.inaturalist.org/observations/340185919
COL_ANURA_0003,Rhinella horribilis,340179909,6.139620728,-75.1835860312,1203,2026-02-25,anlly4,interior,https://www.inaturalist.org/observations/340179909
COL_ANURA_0003,Rhinella horribilis,340172617,6.6009308329,-74.6594756842,565,2026-02-22,miladysm,interior,https://www.inaturalist.org/observations/340172617
COL_ANURA_0003,Rhinella horribilis,340169485,6.4107277434,-75.0844130293,32,2026-02-24,diana80547,interior,https://www.inaturalist.org/observations/340169485
COL_ANURA_0003,Rhinella horribilis,340161306,6.2572016236,-74.9724700302,1128,2026-02-20,jose29063,interior,https://www.inaturalist.org/observations/340161306
COL_ANURA_0003,Rhinella horribilis,340160300,6.255274269,-74.9677808583,1128,2026-02-20,yudy_alejandra2,interior,https://www.inaturalist.org/observations/340160300
COL_ANURA_0003,Rhinella horribilis,340103964,8.5006581944,-76.5540151298,7,2026-02-24,edison32054,interior,https://www.inaturalist.org/observations/340103964
COL_ANURA_0003,Rhinella horribilis,340096748,7.3103673997,-76.5347950997,,2026-02-24,gaby46724,interior,https://www.inaturalist.org/observations/340096748
COL_ANURA_0003,Rhinella horribilis,340092229,7.88946,-76.5607833333,7,2026-02-24,tatianagoez,interior,https://www.inaturalist.org/observations/340092229
COL_ANURA_0003,Rhinella horribilis,340044002,8.4271735151,-76.7876781151,1845,2026-02-21,tannia4223,interior,https://www.inaturalist.org/observations/340044002
COL_ANURA_0003,Rhinella horribilis,340025873,8.4165063119,-76.6451693326,50,2026-02-24,janiergz99,interior,https://www.inaturalist.org/observations/340025873
COL_ANURA_0003,Rhinella horribilis,340025300,8.4163616667,-76.6451780556,,2026-02-24,janiergz99,interior,https://www.inaturalist.org/observations/340025300
COL_ANURA_0003,Rhinella horribilis,339979527,5.833309691,-74.9333902448,1631,2026-02-10,luisarendon31,interior,https://www.inaturalist.org/observations/339979527
COL_ANURA_0003,Rhinella horribilis,339961235,6.5890796468,-74.8171952739,302,2026-02-23,yakeline23,interior,https://www.inaturalist.org/observations/339961235
COL_ANURA_0003,Rhinella horribilis,339960872,7.99448445,-76.6376075,756,2026-02-23,cristina_pacheco28,interior,https://www.inaturalist.org/observations/339960872
COL_ANURA_0003,Rhinella horribilis,339959779,7.8833783333,-76.5609366667,5,2026-02-22,luisa45518,interior,https://www.inaturalist.org/observations/339959779
COL_ANURA_0003,Rhinella horribilis,339954770,6.4097216667,-75.0863597222,,2026-02-20,ximenaosorio20,interior,https://www.inaturalist.org/observations/339954770
COL_ANURA_0003,Rhinella horribilis,339953665,6.1447392789,-75.3352722697,4,2018-02-28,khristimantis,interior,https://www.inaturalist.org/observations/339953665
COL_ANURA_0003,Rhinella horribilis,339953618,6.0350355039,-75.2832615093,2,2018-03-04,khristimantis,interior,https://www.inaturalist.org/observations/339953618
COL_ANURA_0003,Rhinella horribilis,339953616,6.0729657767,-75.3714555957,2,2018-03-04,khristimantis,interior,https://www.inaturalist.org/observations/339953616
COL_ANURA_0003,Rhinella horribilis,339953589,6.1034669587,-75.3960770785,2,2018-03-11,khristimantis,interior,https://www.inaturalist.org/observations/339953589
COL_ANURA_0003,Rhinella horribilis,339953588,6.001222819,-75.2454082965,4,2018-03-11,khristimantis,interior,https://www.inaturalist.org/observations/339953588
COL_ANURA_0003,Rhinella horribilis,339953577,6.0505960592,-75.3533457166,2,2018-01-17,khristimantis,interior,https://www.inaturalist.org/observations/339953577
COL_ANURA_0003,Rhinella horribilis,339953576,6.1209312455,-75.219388038,2,2018-01-17,khristimantis,interior,https://www.inaturalist.org/observations/339953576
COL_ANURA_0003,Rhinella horribilis,339953571,6.0398977498,-75.3316320026,4,2018-01-17,khristimantis,interior,https://www.inaturalist.org/observations/339953571
COL_ANURA_0003,Rhinella horribilis,339953557,6.0263171922,-75.3755103815,2,2018-01-17,khristimantis,interior,https://www.inaturalist.org/observations/339953557
COL_ANURA_0003,Rhinella horribilis,339953556,6.0261437024,-75.3591102294,2,2018-01-17,khristimantis,interior,https://www.inaturalist.org/observations/339953556
COL_ANURA_0003,Rhinella horribilis,339933897,6.4048116667,-75.1375725,,2026-02-14,adrian88405,interior,https://www.inaturalist.org/observations/339933897
COL_ANURA_0003,Rhinella horribilis,339919269,8.0384527435,-76.5178576112,500,2026-02-22,julieta88046,interior,https://www.inaturalist.org/observations/339919269
COL_ANURA_0003,Rhinella horribilis,339894201,7.8647089689,-76.5841162205,224,2026-02-23,antonio15235,interior,https://www.inaturalist.org/observations/339894201
COL_ANURA_0003,Rhinella horribilis,339892740,6.3265291667,-75.0455827778,,2026-02-20,carolina42133,interior,https://www.inaturalist.org/observations/339892740
COL_ANURA_0003,Rhinella horribilis,339841262,6.1311364918,-75.0671627373,211,2026-02-10,yisela21,interior,https://www.inaturalist.org/observations/339841262
COL_ANURA_0003,Rhinella horribilis,339820987,8.5244616667,-76.5315516667,,2026-02-19,yuleydisp,interior,https://www.inaturalist.org/observations/339820987
COL_ANURA_0003,Rhinella horribilis,339809531,6.3298916667,-75.0345471667,13,2026-02-22,laura83757,interior,https://www.inaturalist.org/observations/339809531
COL_ANURA_0003,Rhinella horribilis,339809129,7.7909509783,-76.5518683568,7,2026-02-12,darlisc,interior,https://www.inaturalist.org/observations/339809129
COL_ANURA_0003,Rhinella horribilis,339781806,5.8104400554,-75.192730017,211,2026-02-17,norelis2,interior,https://www.inaturalist.org/observations/339781806
COL_ANURA_0003,Rhinella horribilis,339752901,6.1881833333,-74.9992966667,40,2026-02-21,johan33437,interior,https://www.inaturalist.org/observations/339752901
COL_ANURA_0003,Rhinella horribilis,339721758,5.9393033333,-75.6923366667,15,2026-02-20,birdsoftheneotropics,interior,https://www.inaturalist.org/observations/339721758
COL_ANURA_0003,Rhinella horribilis,339674796,7.8647089689,-76.5841162205,224,2026-02-19,dalida6,interior,https://www.inaturalist.org/observations/339674796
COL_ANURA_0003,Rhinella horribilis,339588845,7.2798778785,-76.5576404098,50,2026-02-20,juberlys_renteria,interior,https://www.inaturalist.org/observations/339588845
COL_ANURA_0003,Rhinella horribilis,339524317,6.32155,-75.0580055556,,2026-01-17,maria_valentina,interior,https://www.inaturalist.org/observations/339524317
COL_ANURA_0003,Rhinella horribilis,339505134,7.8647089689,-76.5841162205,224,2026-02-20,lina_florez,interior,https://www.inaturalist.org/observations/339505134
COL_ANURA_0003,Rhinella horribilis,339492213,6.2635447222,-74.9131225,,2026-02-20,darwin34925,interior,https://www.inaturalist.org/observations/339492213
COL_ANURA_0003,Rhinella horribilis,339463489,7.8714991578,-76.5797522664,8,2026-02-20,alejandra98369,interior,https://www.inaturalist.org/observations/339463489
COL_ANURA_0003,Rhinella horribilis,339450423,8.4271735151,-76.7876781151,1845,2026-02-17,jorge47237,interior,https://www.inaturalist.org/observations/339450423
COL_ANURA_0003,Rhinella horribilis,339376547,6.3103861111,-75.0646277778,,2026-02-19,camilo62997,interior,https://www.inaturalist.org/observations/339376547
COL_ANURA_0003,Rhinella horribilis,339376140,6.3103944444,-75.06465,,2026-02-19,camilo62997,interior,https://www.inaturalist.org/observations/339376140
COL_ANURA_0003,Rhinella horribilis,339369380,6.2214876445,-75.3456429434,10,2026-02-19,luis_franco_henao,interior,https://www.inaturalist.org/observations/339369380
COL_ANURA_0003,Rhinella horribilis,339316897,6.0412975308,-74.990356341,11,2026-02-19,daiana_mongui,interior,https://www.inaturalist.org/observations/339316897
COL_ANURA_0003,Rhinella horribilis,339300089,5.88915,-74.85488,14,2026-02-18,braden1,interior,https://www.inaturalist.org/observations/339300089
COL_ANURA_0003,Rhinella horribilis,339292976,6.3216333333,-75.0580888333,11,2026-02-05,maria_valentina,interior,https://www.inaturalist.org/observations/339292976
COL_ANURA_0003,Rhinella horribilis,339249977,6.0454955525,-74.9933362752,100,,luisa290523,interior,https://www.inaturalist.org/observations/339249977
COL_ANURA_0003,Rhinella horribilis,339236709,6.5513669932,-74.7872940078,1027,2026-02-18,ingrid11123,interior,https://www.inaturalist.org/observations/339236709
COL_ANURA_0003,Rhinella horribilis,339231831,6.7640563889,-76.0682663889,,2026-02-18,tamara_torres,interior,https://www.inaturalist.org/observations/339231831
COL_ANURA_0003,Rhinella horribilis,339230248,6.389441451,-75.0626090169,239,2026-02-18,mayerly54044,interior,https://www.inaturalist.org/observations/339230248
COL_ANURA_0003,Rhinella horribilis,339225221,7.0753565934,-76.2450328943,64,2026-02-18,jose58586,interior,https://www.inaturalist.org/observations/339225221
COL_ANURA_0003,Rhinella horribilis,339220969,6.4382732614,-76.3466068756,4,2021-02-21,khristimantis,interior,https://www.inaturalist.org/observations/339220969
COL_ANURA_0003,Rhinella horribilis,339209268,6.2568466667,-74.911095,11,2026-02-12,johan33437,interior,https://www.inaturalist.org/observations/339209268
COL_ANURA_0003,Rhinella horribilis,339208097,7.0889900542,-74.6792194306,2,2021-08-13,khristimantis,interior,https://www.inaturalist.org/observations/339208097
COL_ANURA_0003,Rhinella horribilis,339208094,7.004380742,-74.6531836136,2,2021-08-10,khristimantis,interior,https://www.inaturalist.org/observations/339208094
COL_ANURA_0003,Rhinella horribilis,339208093,7.092812973,-74.6221089495,2,2021-08-14,khristimantis,interior,https://www.inaturalist.org/observations/339208093
COL_ANURA_0003,Rhinella horribilis,339202862,6.4238585176,-75.7276627421,470,2026-01-31,baiserbot,interior,https://www.inaturalist.org/observations/339202862
COL_ANURA_0003,Rhinella horribilis,339179581,7.458887774,-76.6899149492,94,2026-02-12,ludysyanes09,interior,https://www.inaturalist.org/observations/339179581
COL_ANURA_0003,Rhinella horribilis,339120566,8.4268027778,-76.7818472222,,2026-02-17,osneider3,interior,https://www.inaturalist.org/observations/339120566
COL_ANURA_0003,Rhinella horribilis,339064642,5.8637400526,-74.8973400146,211,2026-02-15,karol98854,interior,https://www.inaturalist.org/observations/339064642
COL_ANURA_0003,Rhinella horribilis,339055770,5.84477995,-74.9712955,71,2026-02-17,breynerjj,interior,https://www.inaturalist.org/observations/339055770
COL_ANURA_0003,Rhinella horribilis,339042868,6.0484699084,-74.8870601133,211,,daniel4618,interior,https://www.inaturalist.org/observations/339042868
COL_ANURA_0003,Rhinella horribilis,339019777,6.5200727552,-74.6884364247,48,2026-02-16,amarilis78433,interior,https://www.inaturalist.org/observations/339019777
COL_ANURA_0003,Rhinella horribilis,339000095,7.8860083333,-76.635955,11,2026-02-17,jhoan_murillo,interior,https://www.inaturalist.org/observations/339000095
COL_ANURA_0003,Rhinella horribilis,338981000,6.1823038728,-74.9906882644,9,2026-02-16,melanyvera,interior,https://www.inaturalist.org/observations/338981000
COL_ANURA_0003,Rhinella horribilis,338977346,6.16793,-75.278405,3,2026-02-16,neotropicalmigrant,interior,https://www.inaturalist.org/observations/338977346
COL_ANURA_0003,Rhinella horribilis,338962835,6.387923419,-75.0589038804,909,2026-02-16,zoraida3626,interior,https://www.inaturalist.org/observations/338962835
COL_ANURA_0003,Rhinella horribilis,338884195,6.4118425613,-75.0164555758,71,2026-02-13,emmanuel27150,interior,https://www.inaturalist.org/observations/338884195
COL_ANURA_0003,Rhinella horribilis,338831052,8.4503633333,-76.7919216667,7,2026-02-14,mariapaz64936,interior,https://www.inaturalist.org/observations/338831052
COL_ANURA_0003,Rhinella horribilis,338762551,5.8879820498,-74.8548245151,377,2025-05-29,sauriscus,interior,https://www.inaturalist.org/observations/338762551
COL_ANURA_0003,Rhinella horribilis,338737518,6.337767861,-75.0588616356,19,2026-02-14,eliana12856,interior,https://www.inaturalist.org/observations/338737518
COL_ANURA_0003,Rhinella horribilis,338722297,8.519732266,-76.531993188,8,2026-02-14,anamilethhoyoslozano,interior,https://www.inaturalist.org/observations/338722297
COL_ANURA_0003,Rhinella horribilis,338713498,8.5226086111,-76.5297586111,,2026-02-15,arnidis,interior,https://www.inaturalist.org/observations/338713498
COL_ANURA_0003,Rhinella horribilis,338712303,8.52475893,-76.5364858881,6,2026-02-14,yeison80969,interior,https://www.inaturalist.org/observations/338712303
COL_ANURA_0003,Rhinella horribilis,338709703,8.5225647222,-76.5297730556,,2026-02-15,yudis5,interior,https://www.inaturalist.org/observations/338709703
COL_ANURA_0003,Rhinella horribilis,338703471,8.5233716667,-76.5322830556,,2026-02-15,ingri97515,interior,https://www.inaturalist.org/observations/338703471
COL_ANURA_0003,Rhinella horribilis,338665293,7.8854346,-76.5597892,161,2026-02-14,isaias46353,interior,https://www.inaturalist.org/observations/338665293
COL_ANURA_0003,Rhinella horribilis,338664624,7.8862028662,-76.5591568407,34,2026-02-14,isaias46353,interior,https://www.inaturalist.org/observations/338664624
COL_ANURA_0003,Rhinella horribilis,338659193,7.3404483333,-76.5078663889,,2026-02-09,carolina84252,interior,https://www.inaturalist.org/observations/338659193
COL_ANURA_0003,Rhinella horribilis,338608499,6.2370398693,-74.8329938203,285,2026-02-14,joan_andres1,interior,https://www.inaturalist.org/observations/338608499
COL_ANURA_0003,Rhinella horribilis,338590592,6.3169511087,-75.0478400827,1310,2026-02-09,fernanda_herrera1,interior,https://www.inaturalist.org/observations/338590592
COL_ANURA_0003,Rhinella horribilis,338583516,8.5274313889,-76.50067,,2026-02-14,yinis_edith,interior,https://www.inaturalist.org/observations/338583516
COL_ANURA_0003,Rhinella horribilis,338560890,6.3911050836,-75.0713335723,5,2026-02-13,yesica_yohana,interior,https://www.inaturalist.org/observations/338560890
COL_ANURA_0003,Rhinella horribilis,338513687,6.041997721,-74.9936269596,18,2026-02-13,fabian_steven,interior,https://www.inaturalist.org/observations/338513687
COL_ANURA_0003,Rhinella horribilis,338504181,6.3369446062,-75.1010224409,7,2026-02-13,lohana6,interior,https://www.inaturalist.org/observations/338504181
COL_ANURA_0003,Rhinella horribilis,338500763,7.8902816667,-76.5608911111,,2026-02-13,yenifer84258,interior,https://www.inaturalist.org/observations/338500763
COL_ANURA_0003,Rhinella horribilis,338496959,6.4308430556,-75.144705,,2026-02-13,kelly36958,interior,https://www.inaturalist.org/observations/338496959
COL_ANURA_0003,Rhinella horribilis,338496071,7.8831185873,-76.5598760643,46,2026-02-13,luisa45518,interior,https://www.inaturalist.org/observations/338496071
COL_ANURA_0003,Rhinella horribilis,338479133,5.8992466667,-74.8566666667,69,2026-02-09,gechj88,interior,https://www.inaturalist.org/observations/338479133
COL_ANURA_0003,Rhinella horribilis,338476819,8.5216875665,-76.5310782194,211,2026-02-09,sirlyssantacruz2007,interior,https://www.inaturalist.org/observations/338476819
COL_ANURA_0003,Rhinella horribilis,338450385,6.2568366667,-74.910995,3,2026-02-12,yamith1,interior,https://www.inaturalist.org/observations/338450385
COL_ANURA_0003,Rhinella horribilis,338445654,8.524537,-76.536681,,2026-02-11,yeison80969,interior,https://www.inaturalist.org/observations/338445654
COL_ANURA_0003,Rhinella horribilis,338427077,8.5227991667,-76.5299613889,,2026-02-12,arnidis,interior,https://www.inaturalist.org/observations/338427077
COL_ANURA_0003,Rhinella horribilis,338397872,8.523825,-76.5318269444,,2026-02-12,eliana2004,interior,https://www.inaturalist.org/observations/338397872
COL_ANURA_0003,Rhinella horribilis,338386695,6.3484750015,-75.0658367202,244,2026-02-12,tomas58130,interior,https://www.inaturalist.org/observations/338386695
COL_ANURA_0003,Rhinella horribilis,338385276,6.2635283333,-74.9132216667,4,2026-02-12,manuela42309,interior,https://www.inaturalist.org/observations/338385276
COL_ANURA_0003,Rhinella horribilis,338382014,5.8104400554,-75.192730017,211,2026-02-12,norelis2,interior,https://www.inaturalist.org/observations/338382014
COL_ANURA_0003,Rhinella horribilis,338378882,6.139620728,-75.1835860312,1203,,diana_aristizabal1,interior,https://www.inaturalist.org/observations/338378882
COL_ANURA_0003,Rhinella horribilis,338374191,6.2637697222,-74.9133163889,,2026-02-10,vanesa51002,interior,https://www.inaturalist.org/observations/338374191
COL_ANURA_0003,Rhinella horribilis,338359849,7.86587,-76.5467133333,4,2026-02-11,vanessa-13,interior,https://www.inaturalist.org/observations/338359849
COL_ANURA_0003,Rhinella horribilis,338354490,6.2817503603,-74.9205686152,1127,2026-02-12,luisa66124,interior,https://www.inaturalist.org/observations/338354490
COL_ANURA_0003,Rhinella horribilis,338334707,6.24542,-74.9640883333,2,2026-02-11,yamith1,interior,https://www.inaturalist.org/observations/338334707
COL_ANURA_0003,Rhinella horribilis,338328686,6.139620728,-75.1835860312,1203,2026-02-12,anlly4,interior,https://www.inaturalist.org/observations/338328686
COL_ANURA_0003,Rhinella horribilis,338326733,7.6645453336,-76.6774845868,1568,2026-02-10,yarlenis1809,interior,https://www.inaturalist.org/observations/338326733
COL_ANURA_0003,Rhinella horribilis,338312109,6.4018797222,-74.8485766667,,2026-02-12,angiegarnica,interior,https://www.inaturalist.org/observations/338312109
COL_ANURA_0003,Rhinella horribilis,338277923,6.08139,-75.1014916667,12,2026-02-11,fernandalopera,interior,https://www.inaturalist.org/observations/338277923
COL_ANURA_0003,Rhinella horribilis,338267873,8.4823219986,-76.5565900505,703,2026-02-11,yesmin12,interior,https://www.inaturalist.org/observations/338267873
COL_ANURA_0003,Rhinella horribilis,338266976,7.4588039993,-76.6896685213,104,2026-02-09,ludysyanes09,interior,https://www.inaturalist.org/observations/338266976
COL_ANURA_0003,Rhinella horribilis,338266121,6.0731209909,-75.1013250276,287,2026-02-11,mateo28186,interior,https://www.inaturalist.org/observations/338266121
COL_ANURA_0003,Rhinella horribilis,338265744,6.24541,-74.9640891667,,2026-02-11,valentina44778,interior,https://www.inaturalist.org/observations/338265744
COL_ANURA_0003,Rhinella horribilis,338261411,6.0731209909,-75.1013250276,287,2026-02-11,pompa1,interior,https://www.inaturalist.org/observations/338261411
COL_ANURA_0003,Rhinella horribilis,338259150,6.2574602479,-75.0608826801,8,2026-02-09,isabela64667,interior,https://www.inaturalist.org/observations/338259150
COL_ANURA_0003,Rhinella horribilis,338256975,6.3354083333,-75.0305028333,10,2026-02-11,laura83757,interior,https://www.inaturalist.org/observations/338256975
COL_ANURA_0003,Rhinella horribilis,338228094,8.5354233333,-76.5435933333,,2026-02-08,mateo82302,interior,https://www.inaturalist.org/observations/338228094
COL_ANURA_0003,Rhinella horribilis,338225301,7.8647089689,-76.5841162205,224,2026-02-11,antonio15235,interior,https://www.inaturalist.org/observations/338225301
COL_ANURA_0003,Rhinella horribilis,338217844,6.0484699084,-74.8870601133,211,2026-02-10,daniel4618,interior,https://www.inaturalist.org/observations/338217844
COL_ANURA_0003,Rhinella horribilis,338210190,6.5449333333,-74.7870694444,,2026-02-10,agni_yurani,interior,https://www.inaturalist.org/observations/338210190
COL_ANURA_0003,Rhinella horribilis,338209117,8.5095308529,-76.7749778554,834,2026-02-11,lorena1376,interior,https://www.inaturalist.org/observations/338209117
COL_ANURA_0003,Rhinella horribilis,338206060,8.5274280749,-76.5498171374,50,2026-02-06,mateo82302,interior,https://www.inaturalist.org/observations/338206060
COL_ANURA_0003,Rhinella horribilis,338190920,7.79932,-76.6510866667,8,2026-02-11,katerinarrieta,interior,https://www.inaturalist.org/observations/338190920
COL_ANURA_0003,Rhinella horribilis,338157782,8.4271735151,-76.7876781151,1845,2026-02-10,angie2335,interior,https://www.inaturalist.org/observations/338157782
COL_ANURA_0003,Rhinella horribilis,338148967,6.7487283333,-75.9990783333,4,2026-02-10,viky3907,interior,https://www.inaturalist.org/observations/338148967
COL_ANURA_0003,Rhinella horribilis,338146736,6.3516615758,-75.0556701422,5,2026-02-10,dsypg,interior,https://www.inaturalist.org/observations/338146736
COL_ANURA_0003,Rhinella horribilis,338146031,7.6795365798,-76.7616737634,5,2026-01-30,mildreye,interior,https://www.inaturalist.org/observations/338146031
COL_ANURA_0003,Rhinella horribilis,338144307,8.4271735151,-76.7876781151,1845,2026-02-10,tannia4223,interior,https://www.inaturalist.org/observations/338144307
COL_ANURA_0003,Rhinella horribilis,338137164,6.3388148593,-75.0722448528,60,2026-02-07,dguarin,interior,https://www.inaturalist.org/observations/338137164
COL_ANURA_0003,Rhinella horribilis,338125517,8.5719032292,-76.6365547478,76,2026-02-10,angela__2005,interior,https://www.inaturalist.org/observations/338125517
COL_ANURA_0003,Rhinella horribilis,338115706,6.3485599726,-75.0050816685,206,2026-02-10,valeriaecheverri57356,interior,https://www.inaturalist.org/observations/338115706
COL_ANURA_0003,Rhinella horribilis,338109803,6.2538331643,-74.8265598714,1803,2026-02-10,joan_andres1,interior,https://www.inaturalist.org/observations/338109803
COL_ANURA_0003,Rhinella horribilis,338107079,6.2823255721,-75.1087453589,669,2026-02-10,brocoli_,interior,https://www.inaturalist.org/observations/338107079
COL_ANURA_0003,Rhinella horribilis,338098921,7.8852917496,-76.5597818792,7,2026-02-10,jssbdvdbs,interior,https://www.inaturalist.org/observations/338098921
COL_ANURA_0003,Rhinella horribilis,338090352,6.3214083333,-75.0348583333,8,2026-02-10,juan_ma_torres,interior,https://www.inaturalist.org/observations/338090352
COL_ANURA_0003,Rhinella horribilis,338077457,6.2555692217,-75.0176568702,17,,tiago_roman,interior,https://www.inaturalist.org/observations/338077457
COL_ANURA_0003,Rhinella horribilis,338068210,6.744405,-76.0231413889,,2026-02-09,adriana8880,interior,https://www.inaturalist.org/observations/338068210
COL_ANURA_0003,Rhinella horribilis,338031326,5.8104400554,-75.192730017,211,2026-02-09,duban95509,interior,https://www.inaturalist.org/observations/338031326
COL_ANURA_0003,Rhinella horribilis,338030192,6.3030490107,-75.0304760367,26,2026-02-09,mateohenaomarin,interior,https://www.inaturalist.org/observations/338030192
COL_ANURA_0003,Rhinella horribilis,338024151,6.320298,-75.0178511997,,2026-02-09,edwin_alberto2,interior,https://www.inaturalist.org/observations/338024151
COL_ANURA_0003,Rhinella horribilis,338017722,6.2573583333,-74.9655666667,5,2026-02-09,dayana83412,interior,https://www.inaturalist.org/observations/338017722
COL_ANURA_0003,Rhinella horribilis,338017252,6.4094899795,-74.9433201179,996,2026-02-09,william92947,interior,https://www.inaturalist.org/observations/338017252
COL_ANURA_0003,Rhinella horribilis,338011366,6.3876568633,-75.0613225624,600,2026-02-09,mayerly54044,interior,https://www.inaturalist.org/observations/338011366
COL_ANURA_0003,Rhinella horribilis,338004058,6.3847783861,-75.0603861362,600,2026-02-09,mayerly54044,interior,https://www.inaturalist.org/observations/338004058
COL_ANURA_0003,Rhinella horribilis,337992189,6.3011883333,-75.0121833333,4,2026-02-08,maradu,interior,https://www.inaturalist.org/observations/337992189
COL_ANURA_0003,Rhinella horribilis,337959681,6.3229113854,-75.0458626449,206,2026-01-26,jhoan_sebastian80054,interior,https://www.inaturalist.org/observations/337959681
COL_ANURA_0003,Rhinella horribilis,337949642,6.3518851651,-75.0557268038,5,2026-02-08,dsypg,interior,https://www.inaturalist.org/observations/337949642
COL_ANURA_0003,Rhinella horribilis,337946490,8.1052695287,-76.6866121441,1551,2026-02-08,ingrid5970,interior,https://www.inaturalist.org/observations/337946490
COL_ANURA_0003,Rhinella horribilis,337943807,6.4021133107,-74.8486502096,6,,angiegarnica,interior,https://www.inaturalist.org/observations/337943807
COL_ANURA_0003,Rhinella horribilis,337943008,6.3140080556,-75.0258686111,,2026-02-07,leidy13valencia,interior,https://www.inaturalist.org/observations/337943008
COL_ANURA_0003,Rhinella horribilis,337898232,6.324811164,-75.0351435319,5,2026-02-04,xiomararios,interior,https://www.inaturalist.org/observations/337898232
COL_ANURA_0003,Rhinella horribilis,337889554,5.8571799728,-75.1955543831,1304,2026-02-08,katherin_juliana,interior,https://www.inaturalist.org/observations/337889554
COL_ANURA_0003,Rhinella horribilis,337880305,6.1757703046,-75.0504361466,14,2026-02-02,ginna_shirley,interior,https://www.inaturalist.org/observations/337880305
COL_ANURA_0003,Rhinella horribilis,337863714,6.3630621725,-75.0404817984,5,2026-02-08,dguarin,interior,https://www.inaturalist.org/observations/337863714
COL_ANURA_0003,Rhinella horribilis,337830272,7.8714201139,-76.579737179,9,2026-02-08,alejandra98369,interior,https://www.inaturalist.org/observations/337830272
COL_ANURA_0003,Rhinella horribilis,337799984,7.5290632229,-76.6571498955,986,2026-02-06,luz23030,interior,https://www.inaturalist.org/observations/337799984
COL_ANURA_0003,Rhinella horribilis,337749790,7.8647089689,-76.5841162205,224,2026-02-07,patricia90749,interior,https://www.inaturalist.org/observations/337749790
COL_ANURA_0003,Rhinella horribilis,337744409,7.9344533333,-76.71888,19,2026-02-07,kattym-12,interior,https://www.inaturalist.org/observations/337744409
COL_ANURA_0003,Rhinella horribilis,337743683,7.88487266,-76.56368237,5,2026-02-07,yenifer84258,interior,https://www.inaturalist.org/observations/337743683
COL_ANURA_0003,Rhinella horribilis,337726613,6.257845,-74.91177,1,2026-02-02,maradu,interior,https://www.inaturalist.org/observations/337726613
COL_ANURA_0003,Rhinella horribilis,337721041,8.4953974379,-76.752451323,363,2026-02-03,osneider3,interior,https://www.inaturalist.org/observations/337721041
COL_ANURA_0003,Rhinella horribilis,337692636,7.2765060583,-76.5625645162,372,2026-02-07,estefania98693,interior,https://www.inaturalist.org/observations/337692636
COL_ANURA_0003,Rhinella horribilis,337670037,8.0007454912,-76.6239681467,8,,wendy1125,interior,https://www.inaturalist.org/observations/337670037
COL_ANURA_0003,Rhinella horribilis,337662313,5.8522024,-75.1912321,100,2026-02-06,sebastian50798,interior,https://www.inaturalist.org/observations/337662313
COL_ANURA_0003,Rhinella horribilis,337606976,6.6817889,-75.2197365,1426,2026-01-31,mauriciomere,interior,https://www.inaturalist.org/observations/337606976
COL_ANURA_0003,Rhinella horribilis,337595773,6.1882027146,-74.9855357409,100,2026-02-06,estefa5,interior,https://www.inaturalist.org/observations/337595773
COL_ANURA_0003,Rhinella horribilis,337574914,6.3409091828,-75.0719612092,7,2026-02-06,svelasquez,interior,https://www.inaturalist.org/observations/337574914
COL_ANURA_0003,Rhinella horribilis,337549280,8.4360084018,-76.780411005,6,2026-01-28,yaidis,interior,https://www.inaturalist.org/observations/337549280
COL_ANURA_0003,Rhinella horribilis,337500630,6.3403683583,-75.0730334222,8,2026-02-05,valentina60917,interior,https://www.inaturalist.org/observations/337500630
COL_ANURA_0003,Rhinella horribilis,337497078,7.864661,-76.584119,84,2026-02-05,yu_le,interior,https://www.inaturalist.org/observations/337497078
COL_ANURA_0003,Rhinella horribilis,337493665,5.8510847222,-75.1789336111,,2026-02-05,aide29477,interior,https://www.inaturalist.org/observations/337493665
COL_ANURA_0003,Rhinella horribilis,337493240,6.4359438214,-75.1369554922,127,2026-02-05,kelly36958,interior,https://www.inaturalist.org/observations/337493240
COL_ANURA_0003,Rhinella horribilis,337488823,6.139620728,-75.1835860312,1203,2026-02-03,anlly4,interior,https://www.inaturalist.org/observations/337488823
COL_ANURA_0003,Rhinella horribilis,337484244,7.3355399018,-76.4895090088,656,2026-02-05,dahianna_lucia,interior,https://www.inaturalist.org/observations/337484244
COL_ANURA_0003,Rhinella horribilis,337476900,6.2482050192,-74.9601486325,9,2026-02-03,paulina68639,interior,https://www.inaturalist.org/observations/337476900
COL_ANURA_0003,Rhinella horribilis,337446677,6.0800602182,-75.1095620915,62,2026-02-05,olmedo7,interior,https://www.inaturalist.org/observations/337446677
COL_ANURA_0003,Rhinella horribilis,337382584,6.0731209909,-75.1013250276,287,2026-02-04,mariazuluaga,interior,https://www.inaturalist.org/observations/337382584
COL_ANURA_0003,Rhinella horribilis,337378276,6.6014444012,-74.6581530198,25,2026-02-01,saray19463,interior,https://www.inaturalist.org/observations/337378276
COL_ANURA_0003,Rhinella horribilis,337263150,5.9034627554,-74.7756009176,64,2026-01-31,ariana52558,interior,https://www.inaturalist.org/observations/337263150
COL_ANURA_0003,Rhinella horribilis,337257320,6.5513669932,-74.7872940078,1027,2026-02-03,ingrid11123,interior,https://www.inaturalist.org/observations/337257320
COL_ANURA_0003,Rhinella horribilis,337224642,6.0385332084,-74.8818834499,7,2026-01-27,pao55543,interior,https://www.inaturalist.org/observations/337224642
COL_ANURA_0003,Rhinella horribilis,337218982,6.5863026973,-75.1987596961,31,2021-09-24,ivanlau,interior,https://www.inaturalist.org/observations/337218982
COL_ANURA_0003,Rhinella horribilis,337147013,6.343841888,-75.0666534528,151,2026-01-26,diomedes8,interior,https://www.inaturalist.org/observations/337147013
COL_ANURA_0003,Rhinella horribilis,337139321,7.5804471036,-76.569230631,35,2026-01-30,dilson64487,interior,https://www.inaturalist.org/observations/337139321
COL_ANURA_0003,Rhinella horribilis,336981774,6.0484699084,-74.8870601133,211,2026-02-01,valen85848,interior,https://www.inaturalist.org/observations/336981774
COL_ANURA_0003,Rhinella horribilis,336757278,7.9333519958,-76.7173086852,150,2026-01-30,yisethmedrano,interior,https://www.inaturalist.org/observations/336757278
COL_ANURA_0003,Rhinella horribilis,336717380,7.9324344929,-76.7158693448,76,2026-01-30,yoneisa_medrano,interior,https://www.inaturalist.org/observations/336717380
COL_ANURA_0003,Rhinella horribilis,336631076,7.8860235773,-76.5586567763,13,2026-01-29,doris_elena1,interior,https://www.inaturalist.org/observations/336631076
COL_ANURA_0003,Rhinella horribilis,336592483,6.0731209909,-75.1013250276,287,2026-01-29,mariazuluaga,interior,https://www.inaturalist.org/observations/336592483
COL_ANURA_0003,Rhinella horribilis,336587989,6.2923038,-75.0267344,,2026-01-29,alexispamplona,interior,https://www.inaturalist.org/observations/336587989
COL_ANURA_0003,Rhinella horribilis,336568978,6.4466012654,-75.1069576666,17,2026-01-27,adrian88405,interior,https://www.inaturalist.org/observations/336568978
COL_ANURA_0003,Rhinella horribilis,336538607,6.0311797292,-74.9957512947,8,2026-01-27,anadelmonte,interior,https://www.inaturalist.org/observations/336538607
COL_ANURA_0003,Rhinella horribilis,336526075,6.1901722222,-75.03885,,2026-01-25,marlyn_carolina1,interior,https://www.inaturalist.org/observations/336526075
COL_ANURA_0003,Rhinella horribilis,336509994,8.0787054234,-76.7132470364,2673,2026-01-27,carlosnobles,interior,https://www.inaturalist.org/observations/336509994
COL_ANURA_0003,Rhinella horribilis,336504874,6.3259818187,-75.0452202559,77,2026-01-28,leidy13valencia,interior,https://www.inaturalist.org/observations/336504874
COL_ANURA_0003,Rhinella horribilis,336503397,6.0362926569,-74.9964458142,2,2026-01-16,anadelmonte,interior,https://www.inaturalist.org/observations/336503397
COL_ANURA_0003,Rhinella horribilis,336503396,6.0363232384,-74.9964471498,2,2026-01-16,anadelmonte,interior,https://www.inaturalist.org/observations/336503396
COL_ANURA_0003,Rhinella horribilis,336497273,6.0633028333,-75.0108638833,19,2026-01-28,maria_paulina7,interior,https://www.inaturalist.org/observations/336497273
COL_ANURA_0003,Rhinella horribilis,336490338,6.3729784267,-75.0934517384,8,2026-01-18,cindy_noreidy,interior,https://www.inaturalist.org/observations/336490338
COL_ANURA_0003,Rhinella horribilis,336454406,6.4466205885,-75.1069519669,7,2026-01-27,alejandro72077,interior,https://www.inaturalist.org/observations/336454406
COL_ANURA_0003,Rhinella horribilis,336416132,8.5682513194,-76.6215162722,,2026-01-27,sebaspesi,interior,https://www.inaturalist.org/observations/336416132
COL_ANURA_0003,Rhinella horribilis,336414303,6.2594565829,-74.9175360426,425,2026-01-25,cam_whoisss,interior,https://www.inaturalist.org/observations/336414303
COL_ANURA_0003,Rhinella horribilis,336408587,7.864661,-76.584119,84,2026-01-27,yu_le,interior,https://www.inaturalist.org/observations/336408587
COL_ANURA_0003,Rhinella horribilis,336405618,6.3366822061,-75.0488573313,5,2026-01-25,brayan61078,interior,https://www.inaturalist.org/observations/336405618
COL_ANURA_0003,Rhinella horribilis,336403120,7.9642709459,-76.7111044005,706,2026-01-27,adaluz5,interior,https://www.inaturalist.org/observations/336403120
COL_ANURA_0003,Rhinella horribilis,336403100,6.3507735489,-75.0540531054,24,2026-01-27,moi61,interior,https://www.inaturalist.org/observations/336403100
COL_ANURA_0003,Rhinella horribilis,336363024,7.2440549664,-76.4367690682,868,2026-01-27,aldemar2026,interior,https://www.inaturalist.org/observations/336363024
COL_ANURA_0003,Rhinella horribilis,336359072,7.0240601335,-76.1315900087,496,2026-01-26,mardely,interior,https://www.inaturalist.org/observations/336359072
COL_ANURA_0003,Rhinella horribilis,336348218,6.2273946548,-74.9453425035,6,2026-01-26,valentina44778,interior,https://www.inaturalist.org/observations/336348218
COL_ANURA_0003,Rhinella horribilis,336315364,6.4240444444,-74.7668222222,,2026-01-26,tene_19,interior,https://www.inaturalist.org/observations/336315364
COL_ANURA_0003,Rhinella horribilis,336309841,7.8837352375,-76.5614663031,5,2026-01-26,yarledis,interior,https://www.inaturalist.org/observations/336309841
COL_ANURA_0003,Rhinella horribilis,336269830,6.3440581497,-75.0873953104,6,2026-01-22,derly_morales,interior,https://www.inaturalist.org/observations/336269830
COL_ANURA_0003,Rhinella horribilis,336181545,7.5292555556,-76.6661583333,,2026-01-24,yesica64415,interior,https://www.inaturalist.org/observations/336181545
COL_ANURA_0003,Rhinella horribilis,336094773,6.4094899795,-74.9433201179,996,2026-01-24,wilder62261,interior,https://www.inaturalist.org/observations/336094773
COL_ANURA_0003,Rhinella horribilis,335972514,6.5447698331,-74.7888604179,25,2026-01-23,agni_yurani,interior,https://www.inaturalist.org/observations/335972514
COL_ANURA_0003,Rhinella horribilis,335957214,8.4271735151,-76.7876781151,1845,2026-01-24,yudis4,interior,https://www.inaturalist.org/observations/335957214
COL_ANURA_0003,Rhinella horribilis,335953165,8.0039012591,-76.6430148482,100,2026-01-24,sara_alejandra3,interior,https://www.inaturalist.org/observations/335953165
COL_ANURA_0003,Rhinella horribilis,335900315,6.3021967312,-75.0124915801,12,2026-01-22,sara_isabela,interior,https://www.inaturalist.org/observations/335900315
COL_ANURA_0003,Rhinella horribilis,335890016,6.4434131163,-74.9954882144,42,2026-01-23,mariana_giraldo1,interior,https://www.inaturalist.org/observations/335890016
COL_ANURA_0003,Rhinella horribilis,335841812,7.7382308303,-76.6643330455,121,2026-01-23,herrera37871,interior,https://www.inaturalist.org/observations/335841812
COL_ANURA_0003,Rhinella horribilis,335835295,6.1359301877,-75.0669760706,21,2026-01-15,david_mauricio2,interior,https://www.inaturalist.org/observations/335835295
COL_ANURA_0003,Rhinella horribilis,335720629,8.53954,-76.56048,4,2026-01-22,miguel10160,interior,https://www.inaturalist.org/observations/335720629
COL_ANURA_0003,Rhinella horribilis,335699060,6.8006453972,-76.0274890972,,2026-01-18,angel43583,interior,https://www.inaturalist.org/observations/335699060
COL_ANURA_0003,Rhinella horribilis,335694113,7.702798,-76.5554401,,2026-01-20,dema1,interior,https://www.inaturalist.org/observations/335694113
COL_ANURA_0003,Rhinella horribilis,335665932,7.7909350336,-76.5519444644,6,2026-01-16,darlisc,interior,https://www.inaturalist.org/observations/335665932
COL_ANURA_0003,Rhinella horribilis,335605404,6.3217540533,-75.0581243634,32,2026-01-21,maria_valentina,interior,https://www.inaturalist.org/observations/335605404
COL_ANURA_0003,Rhinella horribilis,335598561,8.539325,-76.56047,5,2026-01-21,miguel10160,interior,https://www.inaturalist.org/observations/335598561
COL_ANURA_0003,Rhinella horribilis,335534198,6.139620728,-75.1835860312,1203,,diana_aristizabal1,interior,https://www.inaturalist.org/observations/335534198
COL_ANURA_0003,Rhinella horribilis,335498156,6.1207832806,-75.1341116801,6,2026-01-20,isa54118,interior,https://www.inaturalist.org/observations/335498156
COL_ANURA_0003,Rhinella horribilis,335488150,7.9993107337,-76.6415108502,94,2026-01-19,mairaalejandra,interior,https://www.inaturalist.org/observations/335488150
COL_ANURA_0003,Rhinella horribilis,335383142,8.4855233355,-76.5537817776,5,2026-01-19,catalina30857,interior,https://www.inaturalist.org/observations/335383142
COL_ANURA_0003,Rhinella horribilis,335327876,6.67904,-74.78622,50,2024-08-18,felipe_barrerao,interior,https://www.inaturalist.org/observations/335327876
COL_ANURA_0003,Rhinella horribilis,335300195,6.0828433333,-75.1032916667,6,2026-01-18,fernandalopera,interior,https://www.inaturalist.org/observations/335300195
COL_ANURA_0003,Rhinella horribilis,335279050,6.1315428555,-75.0672217458,5,2026-01-15,leidy20080,interior,https://www.inaturalist.org/observations/335279050
COL_ANURA_0003,Rhinella horribilis,335266567,8.4359666667,-76.7803805556,,2026-01-18,yaidis,interior,https://www.inaturalist.org/observations/335266567
COL_ANURA_0003,Rhinella horribilis,335218611,6.2705807317,-75.0424532893,4,2026-01-17,julio_cesar18851,interior,https://www.inaturalist.org/observations/335218611
COL_ANURA_0003,Rhinella horribilis,335176959,5.6851138889,-75.7018203611,,2026-01-10,acosadordeamimales2000,interior,https://www.inaturalist.org/observations/335176959
COL_ANURA_0003,Rhinella horribilis,335153735,6.0695629903,-75.1099880407,5,2026-01-17,tatianagg,interior,https://www.inaturalist.org/observations/335153735
COL_ANURA_0003,Rhinella horribilis,335152161,7.8867194848,-76.5602559596,7,2026-01-17,isaias46353,interior,https://www.inaturalist.org/observations/335152161
COL_ANURA_0003,Rhinella horribilis,335150810,7.8867287049,-76.5603207517,6,2026-01-17,isaias46353,interior,https://www.inaturalist.org/observations/335150810
COL_ANURA_0003,Rhinella horribilis,335139696,6.3485599726,-75.0050816685,206,2026-01-17,valeriaecheverri57356,interior,https://www.inaturalist.org/observations/335139696
COL_ANURA_0003,Rhinella horribilis,335099421,8.4165172568,-76.6451508924,100,2026-01-17,janiergz99,interior,https://www.inaturalist.org/observations/335099421
COL_ANURA_0003,Rhinella horribilis,335076973,6.5740653398,-74.716437757,876,2026-01-14,linaramirez-07,interior,https://www.inaturalist.org/observations/335076973
COL_ANURA_0003,Rhinella horribilis,334865201,6.1557313889,-75.0573480556,,2026-01-13,jp-gutierrez,interior,https://www.inaturalist.org/observations/334865201
COL_ANURA_0003,Rhinella horribilis,334794788,6.2337643,-75.1592213,760,2026-01-09,hecateusjaguart,interior,https://www.inaturalist.org/observations/334794788
COL_ANURA_0003,Rhinella horribilis,334727753,7.9357163082,-76.7176587135,971,2026-01-14,eneidis_atencio,interior,https://www.inaturalist.org/observations/334727753
COL_ANURA_0003,Rhinella horribilis,334713081,6.0266638889,-75.8012111111,,2026-01-13,rojo_pajarero,interior,https://www.inaturalist.org/observations/334713081
COL_ANURA_0003,Rhinella horribilis,334548086,5.7612342583,-75.676419725,,2026-01-12,jeroecheverri,interior,https://www.inaturalist.org/observations/334548086
COL_ANURA_0003,Rhinella horribilis,334447044,8.0967590806,-76.7256662806,,2026-01-11,dnpc,interior,https://www.inaturalist.org/observations/334447044
COL_ANURA_0003,Rhinella horribilis,334017980,6.3899837525,-75.2116211227,5,2025-10-13,maritzaholguin,interior,https://www.inaturalist.org/observations/334017980
COL_ANURA_0003,Rhinella horribilis,333915452,5.932,-74.814,50,2025-10-14,lallen,interior,https://www.inaturalist.org/observations/333915452
COL_ANURA_0003,Rhinella horribilis,333673416,6.370288,-75.4677389722,,2026-01-05,dwkfoster,interior,https://www.inaturalist.org/observations/333673416
COL_ANURA_0003,Rhinella horribilis,333383003,6.1430888333,-75.29528,119,2026-01-03,juanpablogomezgomez1,interior,https://www.inaturalist.org/observations/333383003
COL_ANURA_0003,Rhinella horribilis,332932746,6.456108,-75.319561,50,2024-07-20,felipe_barrerao,interior,https://www.inaturalist.org/observations/332932746
COL_ANURA_0003,Rhinella horribilis,332745511,6.3704868,-75.4677439997,,2025-12-30,dwkfoster,interior,https://www.inaturalist.org/observations/332745511
COL_ANURA_0028,Dendropsophus bogerti,398410933,6.3146347778,-75.6504821667,,2026-09-07,wildlifechecho,interior,https://www.inaturalist.org/observations/398410933
COL_ANURA_0028,Dendropsophus bogerti,398079548,6.3145799444,-75.6506271111,,2026-09-06,wildlifechecho,interior,https://www.inaturalist.org/observations/398079548
COL_ANURA_0028,Dendropsophus bogerti,397953880,6.3145518056,-75.6504135,,2026-09-06,wildlifechecho,interior,https://www.inaturalist.org/observations/397953880
COL_ANURA_0028,Dendropsophus bogerti,397625780,6.3148069167,-75.65039825,,2026-09-05,wildlifechecho,interior,https://www.inaturalist.org/observations/397625780
COL_ANURA_0028,Dendropsophus bogerti,397323373,6.157919697,-75.6341797464,100,2012-12-09,luchogu,interior,https://www.inaturalist.org/observations/397323373
COL_ANURA_0028,Dendropsophus bogerti,397323372,6.157919697,-75.6341797464,100,2012-12-09,luchogu,interior,https://www.inaturalist.org/observations/397323372
COL_ANURA_0028,Dendropsophus bogerti,397323368,6.157919697,-75.6341797464,100,2012-12-09,luchogu,interior,https://www.inaturalist.org/observations/397323368
COL_ANURA_0028,Dendropsophus bogerti,397323366,6.157919697,-75.6341797464,100,2012-12-09,luchogu,interior,https://www.inaturalist.org/observations/397323366
COL_ANURA_0028,Dendropsophus bogerti,397323365,6.157919697,-75.6341797464,100,2012-12-09,luchogu,interior,https://www.inaturalist.org/observations/397323365
COL_ANURA_0028,Dendropsophus bogerti,397323364,6.157919697,-75.6341797464,100,2012-12-09,luchogu,interior,https://www.inaturalist.org/observations/397323364
COL_ANURA_0028,Dendropsophus bogerti,395365368,6.3138871111,-75.6489410278,,2026-08-28,wildlifechecho,interior,https://www.inaturalist.org/observations/395365368
COL_ANURA_0028,Dendropsophus bogerti,394560849,6.3147067778,-75.6503677222,,2026-08-25,wildlifechecho,interior,https://www.inaturalist.org/observations/394560849
COL_ANURA_0028,Dendropsophus bogerti,392293828,6.4574760318,-75.5030160025,220,2025-12-13,san_semilla,interior,https://www.inaturalist.org/observations/392293828
COL_ANURA_0028,Dendropsophus bogerti,392217986,6.157919697,-75.6341797464,100,2009-03-14,luchogu,interior,https://www.inaturalist.org/observations/392217986
COL_ANURA_0028,Dendropsophus bogerti,389786786,6.2343416667,-75.1592722222,,2026-08-09,mr_anderson1,interior,https://www.inaturalist.org/observations/389786786
COL_ANURA_0028,Dendropsophus bogerti,389689380,5.9642721048,-75.5220563337,1165,2026-08-09,jose_alejandro74,interior,https://www.inaturalist.org/observations/389689380
COL_ANURA_0028,Dendropsophus bogerti,363108642,6.1687918719,-75.4812488815,35,2026-05-17,sebasmc_foto,interior,https://www.inaturalist.org/observations/363108642
COL_ANURA_0028,Dendropsophus bogerti,361278430,6.1673048,-75.5555131,,2026-05-13,danielalvarez1980,interior,https://www.inaturalist.org/observations/361278430
COL_ANURA_0028,Dendropsophus bogerti,360556431,6.1595804747,-75.2211619815,2837,2026-05-03,mechas,interior,https://www.inaturalist.org/observations/360556431
COL_ANURA_0028,Dendropsophus bogerti,358781310,6.6999966416,-75.3870781884,19,2026-03-20,bleiner,interior,https://www.inaturalist.org/observations/358781310
COL_ANURA_0028,Dendropsophus bogerti,357997629,6.1892799137,-75.3280928191,558,2026-05-03,user7362,interior,https://www.inaturalist.org/observations/357997629
COL_ANURA_0028,Dendropsophus bogerti,356969464,6.6015972726,-75.6618299335,10,2026-04-13,caminospara_motivar,interior,https://www.inaturalist.org/observations/356969464
COL_ANURA_0028,Dendropsophus bogerti,353859839,6.2328082,-75.5467095997,,2026-04-24,john830,interior,https://www.inaturalist.org/observations/353859839
COL_ANURA_0028,Dendropsophus bogerti,351592061,6.0022100086,-75.2908093482,36,2026-04-18,nestor_monsalve,interior,https://www.inaturalist.org/observations/351592061
COL_ANURA_0028,Dendropsophus bogerti,351027766,6.0980916667,-75.3856883333,4,2026-04-18,esteban26910,interior,https://www.inaturalist.org/observations/351027766
COL_ANURA_0028,Dendropsophus bogerti,348764740,6.133675343,-75.1953012496,7,2026-03-30,vale_0712,interior,https://www.inaturalist.org/observations/348764740
COL_ANURA_0028,Dendropsophus bogerti,348763865,6.3710170996,-75.4673013697,15,2026-04-02,dwkfoster,interior,https://www.inaturalist.org/observations/348763865
COL_ANURA_0028,Dendropsophus bogerti,347002000,6.3702199722,-75.467482,,2026-04-03,dwkfoster,interior,https://www.inaturalist.org/observations/347002000
COL_ANURA_0028,Dendropsophus bogerti,345557790,6.2178102578,-75.6070662662,216,,dreamyandrea,interior,https://www.inaturalist.org/observations/345557790
COL_ANURA_0028,Dendropsophus bogerti,342510334,6.1339010255,-75.1946105808,100,2026-03-04,vale_0712,interior,https://www.inaturalist.org/observations/342510334
COL_ANURA_0028,Dendropsophus bogerti,342141151,6.0879148329,-75.337488167,1770,2026-02-18,wilson906,interior,https://www.inaturalist.org/observations/342141151
COL_ANURA_0028,Dendropsophus bogerti,341812528,5.8669109597,-75.3436544112,4,2023-08-08,biottero,interior,https://www.inaturalist.org/observations/341812528
COL_ANURA_0028,Dendropsophus bogerti,341806521,6.3581591274,-75.5899349938,8,2022-04-27,biottero,interior,https://www.inaturalist.org/observations/341806521
COL_ANURA_0028,Dendropsophus bogerti,340034428,6.9853341924,-75.1138692882,122,2025-07-28,fundacion_proaves,interior,https://www.inaturalist.org/observations/340034428
COL_ANURA_0028,Dendropsophus bogerti,339953677,6.0023539538,-75.3716086507,2,2018-02-28,khristimantis,interior,https://www.inaturalist.org/observations/339953677
COL_ANURA_0028,Dendropsophus bogerti,339953676,6.1508575325,-75.3920701312,2,2018-02-28,khristimantis,interior,https://www.inaturalist.org/observations/339953676
COL_ANURA_0028,Dendropsophus bogerti,339953675,6.0680235361,-75.2609610466,2,2018-02-28,khristimantis,interior,https://www.inaturalist.org/observations/339953675
COL_ANURA_0028,Dendropsophus bogerti,339953673,6.1641352484,-75.2976106258,4,2018-02-28,khristimantis,interior,https://www.inaturalist.org/observations/339953673
COL_ANURA_0028,Dendropsophus bogerti,339953672,6.1403230064,-75.3822141292,4,2018-02-28,khristimantis,interior,https://www.inaturalist.org/observations/339953672
COL_ANURA_0028,Dendropsophus bogerti,339953671,6.1003520432,-75.3119948034,4,2018-02-28,khristimantis,interior,https://www.inaturalist.org/observations/339953671
COL_ANURA_0028,Dendropsophus bogerti,339953667,6.0210251703,-75.2023740516,2,2018-02-28,khristimantis,interior,https://www.inaturalist.org/observations/339953667
COL_ANURA_0028,Dendropsophus bogerti,339953663,6.0774219261,-75.2302183607,2,2018-01-18,khristimantis,interior,https://www.inaturalist.org/observations/339953663
COL_ANURA_0028,Dendropsophus bogerti,339953659,6.136311642,-75.272565752,4,2018-01-18,khristimantis,interior,https://www.inaturalist.org/observations/339953659
COL_ANURA_0028,Dendropsophus bogerti,339953658,6.0373334958,-75.271932908,2,2018-01-18,khristimantis,interior,https://www.inaturalist.org/observations/339953658
COL_ANURA_0028,Dendropsophus bogerti,339953657,6.1132007431,-75.2688955465,8,2018-01-18,khristimantis,interior,https://www.inaturalist.org/observations/339953657
COL_ANURA_0028,Dendropsophus bogerti,339953646,6.1686203261,-75.2609164829,2,2018-03-04,khristimantis,interior,https://www.inaturalist.org/observations/339953646
COL_ANURA_0028,Dendropsophus bogerti,339953632,6.1435349628,-75.327020637,2,2018-03-04,khristimantis,interior,https://www.inaturalist.org/observations/339953632
COL_ANURA_0028,Dendropsophus bogerti,339953631,6.0639772833,-75.2061768529,2,2018-03-04,khristimantis,interior,https://www.inaturalist.org/observations/339953631
COL_ANURA_0028,Dendropsophus bogerti,339953630,6.0400600582,-75.3993739311,2,2018-03-04,khristimantis,interior,https://www.inaturalist.org/observations/339953630
COL_ANURA_0028,Dendropsophus bogerti,339953624,6.1080554709,-75.2602829622,2,2018-03-04,khristimantis,interior,https://www.inaturalist.org/observations/339953624
COL_ANURA_0028,Dendropsophus bogerti,339953617,6.0105591313,-75.3831723778,2,2018-03-04,khristimantis,interior,https://www.inaturalist.org/observations/339953617
COL_ANURA_0028,Dendropsophus bogerti,339953611,6.1501977958,-75.3636623902,2,2018-03-04,khristimantis,interior,https://www.inaturalist.org/observations/339953611
COL_ANURA_0028,Dendropsophus bogerti,339953605,6.0254537571,-75.3220956034,2,2018-03-04,khristimantis,interior,https://www.inaturalist.org/observations/339953605
COL_ANURA_0028,Dendropsophus bogerti,339953597,6.1774551926,-75.5249577729,4,2018-01-16,khristimantis,interior,https://www.inaturalist.org/observations/339953597
COL_ANURA_0028,Dendropsophus bogerti,339953596,6.1857298128,-75.2353922228,2,2018-03-11,khristimantis,interior,https://www.inaturalist.org/observations/339953596
COL_ANURA_0028,Dendropsophus bogerti,339953587,6.0654220361,-75.2398943206,4,2018-03-11,khristimantis,interior,https://www.inaturalist.org/observations/339953587
COL_ANURA_0028,Dendropsophus bogerti,339953578,6.0210038503,-75.3415734956,2,2018-03-11,khristimantis,interior,https://www.inaturalist.org/observations/339953578
COL_ANURA_0028,Dendropsophus bogerti,339953569,6.009696397,-75.3225580976,4,2018-01-17,khristimantis,interior,https://www.inaturalist.org/observations/339953569
COL_ANURA_0028,Dendropsophus bogerti,339953567,6.083860997,-75.3335029024,2,2018-01-17,khristimantis,interior,https://www.inaturalist.org/observations/339953567
COL_ANURA_0028,Dendropsophus bogerti,339953560,6.1414169463,-75.319478212,2,2018-01-17,khristimantis,interior,https://www.inaturalist.org/observations/339953560
COL_ANURA_0028,Dendropsophus bogerti,339953551,6.1688531916,-75.3559884695,2,2018-01-17,khristimantis,interior,https://www.inaturalist.org/observations/339953551
COL_ANURA_0028,Dendropsophus bogerti,339953548,6.0900363325,-75.3053872262,2,2018-01-17,khristimantis,interior,https://www.inaturalist.org/observations/339953548
COL_ANURA_0028,Dendropsophus bogerti,339953546,6.1770539736,-75.3742878528,2,2018-01-17,khristimantis,interior,https://www.inaturalist.org/observations/339953546
COL_ANURA_0028,Dendropsophus bogerti,339953539,6.1447598987,-75.3858343786,8,2020-03-23,khristimantis,interior,https://www.inaturalist.org/observations/339953539
COL_ANURA_0028,Dendropsophus bogerti,339953532,6.01567247,-75.2341261586,8,2020-03-23,khristimantis,interior,https://www.inaturalist.org/observations/339953532
COL_ANURA_0028,Dendropsophus bogerti,339941557,6.9853341924,-75.1138692882,122,2016-10-28,fundacion_proaves,interior,https://www.inaturalist.org/observations/339941557
COL_ANURA_0028,Dendropsophus bogerti,339941547,6.9853341924,-75.1138692882,122,2016-10-28,fundacion_proaves,interior,https://www.inaturalist.org/observations/339941547
COL_ANURA_0028,Dendropsophus bogerti,339312034,6.8497259272,-75.5170900853,15,2021-03-09,khristimantis,interior,https://www.inaturalist.org/observations/339312034
COL_ANURA_0028,Dendropsophus bogerti,339311895,7.0373952887,-75.4047877103,,2018-04-20,khristimantis,interior,https://www.inaturalist.org/observations/339311895
COL_ANURA_0028,Dendropsophus bogerti,339148824,6.1674699801,-75.4861569777,212,2026-02-17,ttom74,interior,https://www.inaturalist.org/observations/339148824
COL_ANURA_0028,Dendropsophus bogerti,339039944,6.9240270421,-75.4405627078,2,2025-08-26,khristimantis,interior,https://www.inaturalist.org/observations/339039944
COL_ANURA_0028,Dendropsophus bogerti,338968980,6.1680366667,-75.278305,5,2026-02-16,neotropicalmigrant,interior,https://www.inaturalist.org/observations/338968980
COL_ANURA_0028,Dendropsophus bogerti,338829653,6.1974021527,-75.5608786728,96,2026-02-11,birdsoftheneotropics,interior,https://www.inaturalist.org/observations/338829653
COL_ANURA_0028,Dendropsophus bogerti,337618843,6.0016870278,-75.2893371389,,2026-02-06,sebasmc_foto,interior,https://www.inaturalist.org/observations/337618843
COL_ANURA_0028,Dendropsophus bogerti,337239589,6.4381228,-75.6459746997,,2026-02-03,viajarytragar,interior,https://www.inaturalist.org/observations/337239589
COL_ANURA_0028,Dendropsophus bogerti,336196352,6.13233,-75.66865,100,2025-02-16,felipe_barrerao,interior,https://www.inaturalist.org/observations/336196352
COL_ANURA_0028,Dendropsophus bogerti,334529490,6.3710170996,-75.4673013697,15,2026-01-04,dwkfoster,interior,https://www.inaturalist.org/observations/334529490
COL_ANURA_0028,Dendropsophus bogerti,333221445,6.1249555,-75.2384633333,4,2026-01-01,juanpablogomezgomez1,interior,https://www.inaturalist.org/observations/333221445
COL_ANURA_0028,Dendropsophus bogerti,333221405,6.1249278333,-75.2385116667,4,2026-01-01,juanpablogomezgomez1,interior,https://www.inaturalist.org/observations/333221405
COL_ANURA_0028,Dendropsophus bogerti,333086097,6.3710170996,-75.4673013697,15,2025-12-29,dwkfoster,interior,https://www.inaturalist.org/observations/333086097
COL_ANURA_0028,Dendropsophus bogerti,332196765,6.3710170996,-75.4673013697,15,2025-12-23,dwkfoster,interior,https://www.inaturalist.org/observations/332196765
COL_ANURA_0028,Dendropsophus bogerti,327794448,6.12445,-75.2388083333,4,2025-11-17,juanpablogomezgomez1,interior,https://www.inaturalist.org/observations/327794448
COL_ANURA_0028,Dendropsophus bogerti,327794394,6.1244611667,-75.2389216667,3,2025-11-17,juanpablogomezgomez1,interior,https://www.inaturalist.org/observations/327794394
COL_ANURA_0028,Dendropsophus bogerti,327794367,6.1246778333,-75.2387466667,7,2025-11-17,juanpablogomezgomez1,interior,https://www.inaturalist.org/observations/327794367
COL_ANURA_0028,Dendropsophus bogerti,322901624,6.1416974067,-75.6074600219,,2020-05-10,erikpalacio_92,interior,https://www.inaturalist.org/observations/322901624
COL_ANURA_0028,Dendropsophus bogerti,321412611,6.1621138333,-75.5542966667,14,2025-10-16,catarena,interior,https://www.inaturalist.org/observations/321412611
COL_ANURA_0028,Dendropsophus bogerti,320704620,6.4535941648,-75.5357510224,25,2025-10-12,laura4509,interior,https://www.inaturalist.org/observations/320704620
COL_ANURA_0028,Dendropsophus bogerti,318628943,6.1823482513,-75.385559082,6,2025-10-04,hader_medina02,interior,https://www.inaturalist.org/observations/318628943
COL_ANURA_0028,Dendropsophus bogerti,317753527,6.3283716667,-75.6379166667,4,2025-09-28,adriano8146,interior,https://www.inaturalist.org/observations/317753527
COL_ANURA_0028,Dendropsophus bogerti,317696344,6.25941,-75.41731,10,2025-09-25,nathanh44,interior,https://www.inaturalist.org/observations/317696344
COL_ANURA_0028,Dendropsophus bogerti,308553851,6.3710170996,-75.4673013697,15,2025-08-18,dwkfoster,interior,https://www.inaturalist.org/observations/308553851
COL_ANURA_0028,Dendropsophus bogerti,308553847,6.3710170996,-75.4673013697,15,2025-08-18,dwkfoster,interior,https://www.inaturalist.org/observations/308553847
COL_ANURA_0028,Dendropsophus bogerti,308417854,6.370927,-75.4680189722,,2025-08-19,dwkfoster,interior,https://www.inaturalist.org/observations/308417854
COL_ANURA_0028,Dendropsophus bogerti,308417501,6.370222,-75.467667,,2025-08-19,dwkfoster,interior,https://www.inaturalist.org/observations/308417501
COL_ANURA_0028,Dendropsophus bogerti,308416669,6.370388,-75.467437,,2025-08-20,dwkfoster,interior,https://www.inaturalist.org/observations/308416669
COL_ANURA_0028,Dendropsophus bogerti,302352033,6.150134913,-75.5303232372,7,,jucagobu,interior,https://www.inaturalist.org/observations/302352033
COL_ANURA_0028,Dendropsophus bogerti,298917699,6.1867473,-75.5756075997,,2025-07-18,maria74740,interior,https://www.inaturalist.org/observations/298917699
COL_ANURA_0028,Dendropsophus bogerti,292426645,6.1897008704,-75.4226246947,180,2025-06-20,jcaicedo80s,interior,https://www.inaturalist.org/observations/292426645
COL_ANURA_0028,Dendropsophus bogerti,282832565,6.1458853952,-75.6037570909,104,2024-02-15,federico71736,interior,https://www.inaturalist.org/observations/282832565
COL_ANURA_0028,Dendropsophus bogerti,276607795,6.2330356886,-75.5466552079,63,2025-04-29,john830,interior,https://www.inaturalist.org/observations/276607795
COL_ANURA_0028,Dendropsophus bogerti,276159251,6.3710170996,-75.4673013697,15,2025-04-28,dwkfoster,interior,https://www.inaturalist.org/observations/276159251
COL_ANURA_0028,Dendropsophus bogerti,276039972,6.3696579,-75.4675344,,2025-04-28,dwkfoster,interior,https://www.inaturalist.org/observations/276039972
COL_ANURA_0028,Dendropsophus bogerti,275096558,6.370241,-75.4675689722,,2025-04-27,dwkfoster,interior,https://www.inaturalist.org/observations/275096558
COL_ANURA_0028,Dendropsophus bogerti,274243374,6.3710170996,-75.4673013697,15,2025-04-26,dwkfoster,interior,https://www.inaturalist.org/observations/274243374
COL_ANURA_0028,Dendropsophus bogerti,265636377,6.157919697,-75.6341797464,100,2016-12-19,luchogu,interior,https://www.inaturalist.org/observations/265636377
COL_ANURA_0028,Dendropsophus bogerti,263883305,6.157919697,-75.6341797464,100,2025-03-01,luchogu,interior,https://www.inaturalist.org/observations/263883305
COL_ANURA_0028,Dendropsophus bogerti,263004825,6.4305849,-75.5956126,205,2025-01-25,mauriciomere,interior,https://www.inaturalist.org/observations/263004825
COL_ANURA_0028,Dendropsophus bogerti,262432579,6.157919697,-75.6341797464,100,2025-02-14,luchogu,interior,https://www.inaturalist.org/observations/262432579
COL_ANURA_0028,Dendropsophus bogerti,262432578,6.157919697,-75.6341797464,100,2025-02-14,luchogu,interior,https://www.inaturalist.org/observations/262432578
COL_ANURA_0028,Dendropsophus bogerti,261134263,6.157919697,-75.6341797464,100,2025-02-03,luchogu,interior,https://www.inaturalist.org/observations/261134263
COL_ANURA_0028,Dendropsophus bogerti,261044395,6.157919697,-75.6341797464,100,2025-02-01,luchogu,interior,https://www.inaturalist.org/observations/261044395
COL_ANURA_0028,Dendropsophus bogerti,259160261,6.157919697,-75.6341797464,100,2025-01-06,luchogu,interior,https://www.inaturalist.org/observations/259160261
COL_ANURA_0028,Dendropsophus bogerti,259160256,6.157919697,-75.6341797464,100,2025-01-06,luchogu,interior,https://www.inaturalist.org/observations/259160256
COL_ANURA_0028,Dendropsophus bogerti,257379554,6.1252166667,-75.2385116667,8,2025-01-01,juanpablogomezgomez1,interior,https://www.inaturalist.org/observations/257379554
COL_ANURA_0028,Dendropsophus bogerti,254256331,6.0900801675,-75.2265097986,9,2024-12-05,emanuel34736,interior,https://www.inaturalist.org/observations/254256331
COL_ANURA_0028,Dendropsophus bogerti,254255829,6.024772127,-75.2983758507,9,2024-12-04,emanuel34736,interior,https://www.inaturalist.org/observations/254255829
COL_ANURA_0028,Dendropsophus bogerti,253816610,6.2199928208,-75.5345730351,1793,2024-11-25,santiagovarelaf,interior,https://www.inaturalist.org/observations/253816610
COL_ANURA_0028,Dendropsophus bogerti,253346029,6.1886370336,-75.5087032914,99,2024-11-24,ceausaro,interior,https://www.inaturalist.org/observations/253346029
COL_ANURA_0028,Dendropsophus bogerti,253312723,6.187119,-75.29841,4495,2024-11-27,alana07,interior,https://www.inaturalist.org/observations/253312723
COL_ANURA_0028,Dendropsophus bogerti,251383856,6.1337480148,-75.6397412717,5,2024-11-11,juandgil,interior,https://www.inaturalist.org/observations/251383856
COL_ANURA_0028,Dendropsophus bogerti,250328713,6.157919697,-75.6341797464,100,2015-08-19,luchogu,interior,https://www.inaturalist.org/observations/250328713
COL_ANURA_0028,Dendropsophus bogerti,248264284,6.157919697,-75.6341797464,100,2015-07-05,luchogu,interior,https://www.inaturalist.org/observations/248264284
COL_ANURA_0028,Dendropsophus bogerti,246530091,6.2777403,-75.6355219,3276,2023-04-18,xander_pauli30,interior,https://www.inaturalist.org/observations/246530091
COL_ANURA_0028,Dendropsophus bogerti,246028082,6.2031620179,-75.3837210685,218,2024-10-05,baiserbot,interior,https://www.inaturalist.org/observations/246028082
COL_ANURA_0028,Dendropsophus bogerti,246023382,6.2004061781,-75.3807485104,263,2024-10-05,baiserbot,interior,https://www.inaturalist.org/observations/246023382
COL_ANURA_0028,Dendropsophus bogerti,243377465,6.157919697,-75.6341797464,100,2015-02-21,luchogu,interior,https://www.inaturalist.org/observations/243377465
COL_ANURA_0028,Dendropsophus bogerti,242960740,6.3142338395,-75.3232252759,18,2023-12-28,barinasuchus_arveloi,interior,https://www.inaturalist.org/observations/242960740
COL_ANURA_0028,Dendropsophus bogerti,242361123,6.157919697,-75.6341797464,100,2024-09-14,luchogu,interior,https://www.inaturalist.org/observations/242361123
COL_ANURA_0028,Dendropsophus bogerti,242216984,6.157919697,-75.6341797464,100,2024-09-13,luchogu,interior,https://www.inaturalist.org/observations/242216984
COL_ANURA_0028,Dendropsophus bogerti,242216983,6.157919697,-75.6341797464,100,2024-09-13,luchogu,interior,https://www.inaturalist.org/observations/242216983
COL_ANURA_0028,Dendropsophus bogerti,242216981,6.157919697,-75.6341797464,100,2024-09-13,luchogu,interior,https://www.inaturalist.org/observations/242216981
COL_ANURA_0028,Dendropsophus bogerti,242216980,6.157919697,-75.6341797464,100,2024-09-13,luchogu,interior,https://www.inaturalist.org/observations/242216980
COL_ANURA_0028,Dendropsophus bogerti,240856258,6.3149142226,-75.4071476328,10,2017-01-08,juandaza,interior,https://www.inaturalist.org/observations/240856258
COL_ANURA_0028,Dendropsophus bogerti,240822178,6.1052462537,-75.387019515,99,2024-09-03,danibs,interior,https://www.inaturalist.org/observations/240822178
COL_ANURA_0028,Dendropsophus bogerti,240691505,6.1501979722,-75.3654209722,,2024-08-22,lucaskaminski,interior,https://www.inaturalist.org/observations/240691505
COL_ANURA_0028,Dendropsophus bogerti,240240962,6.1679283163,-75.3385047242,187,2024-09-06,elianavergara,interior,https://www.inaturalist.org/observations/240240962
COL_ANURA_0028,Dendropsophus bogerti,240163154,6.1277095568,-75.6134784222,4234,2024-08-31,gero_y_ya,interior,https://www.inaturalist.org/observations/240163154
COL_ANURA_0028,Dendropsophus bogerti,240150510,6.157919697,-75.6341797464,100,2015-01-03,luchogu,interior,https://www.inaturalist.org/observations/240150510
COL_ANURA_0028,Dendropsophus bogerti,240150499,6.157919697,-75.6341797464,100,2015-01-03,luchogu,interior,https://www.inaturalist.org/observations/240150499
COL_ANURA_0028,Dendropsophus bogerti,240150498,6.157919697,-75.6341797464,100,2015-01-03,luchogu,interior,https://www.inaturalist.org/observations/240150498
COL_ANURA_0028,Dendropsophus bogerti,239853271,6.157919697,-75.6341797464,100,2014-12-23,luchogu,interior,https://www.inaturalist.org/observations/239853271
COL_ANURA_0028,Dendropsophus bogerti,239810921,6.157919697,-75.6341797464,100,2014-12-20,luchogu,interior,https://www.inaturalist.org/observations/239810921
COL_ANURA_0028,Dendropsophus bogerti,239293712,6.157919697,-75.6341797464,100,2013-12-25,luchogu,interior,https://www.inaturalist.org/observations/239293712
COL_ANURA_0028,Dendropsophus bogerti,238487479,6.1660861667,-75.5257416667,31,2024-08-28,juanes0812,interior,https://www.inaturalist.org/observations/238487479
COL_ANURA_0028,Dendropsophus bogerti,238097640,6.157919697,-75.6341797464,100,2011-12-08,luchogu,interior,https://www.inaturalist.org/observations/238097640
COL_ANURA_0028,Dendropsophus bogerti,238089317,6.157919697,-75.6341797464,100,2011-11-06,luchogu,interior,https://www.inaturalist.org/observations/238089317
COL_ANURA_0028,Dendropsophus bogerti,237045570,6.248268,-75.441737,,2024-08-20,lucaskaminski,interior,https://www.inaturalist.org/observations/237045570
COL_ANURA_0028,Dendropsophus bogerti,236834872,6.157919697,-75.6341797464,100,2010-12-31,luchogu,interior,https://www.inaturalist.org/observations/236834872
COL_ANURA_0028,Dendropsophus bogerti,236834871,6.157919697,-75.6341797464,100,2010-12-31,luchogu,interior,https://www.inaturalist.org/observations/236834871
COL_ANURA_0028,Dendropsophus bogerti,236834870,6.157919697,-75.6341797464,100,2010-12-23,luchogu,interior,https://www.inaturalist.org/observations/236834870
COL_ANURA_0028,Dendropsophus bogerti,236834869,6.157919697,-75.6341797464,100,2010-12-23,luchogu,interior,https://www.inaturalist.org/observations/236834869
COL_ANURA_0028,Dendropsophus bogerti,236834868,6.157919697,-75.6341797464,100,2010-12-31,luchogu,interior,https://www.inaturalist.org/observations/236834868
COL_ANURA_0028,Dendropsophus bogerti,236211809,6.1659379611,-75.2581406651,22,2023-01-09,juanpablogomezgomez1,interior,https://www.inaturalist.org/observations/236211809
COL_ANURA_0028,Dendropsophus bogerti,235119992,6.157919697,-75.6341797464,100,2024-03-28,luchogu,interior,https://www.inaturalist.org/observations/235119992
COL_ANURA_0028,Dendropsophus bogerti,234023879,6.157919697,-75.6341797464,100,2023-06-22,luchogu,interior,https://www.inaturalist.org/observations/234023879
COL_ANURA_0028,Dendropsophus bogerti,234014525,6.157919697,-75.6341797464,100,2023-06-21,luchogu,interior,https://www.inaturalist.org/observations/234014525
COL_ANURA_0028,Dendropsophus bogerti,233793040,6.1659388333,-75.5257116667,4,2024-08-03,juanes0812,interior,https://www.inaturalist.org/observations/233793040
COL_ANURA_0028,Dendropsophus bogerti,233782692,6.157919697,-75.6341797464,100,2023-06-21,luchogu,interior,https://www.inaturalist.org/observations/233782692
COL_ANURA_0028,Dendropsophus bogerti,232826625,6.2047477,-75.578101,11,2024-07-30,maria_camila40,interior,https://www.inaturalist.org/observations/232826625
COL_ANURA_0028,Dendropsophus bogerti,232788427,6.157919697,-75.6341797464,100,2022-12-25,luchogu,interior,https://www.inaturalist.org/observations/232788427
COL_ANURA_0028,Dendropsophus bogerti,232720022,6.157919697,-75.6341797464,100,2022-12-24,luchogu,interior,https://www.inaturalist.org/observations/232720022
COL_ANURA_0028,Dendropsophus bogerti,232367634,6.157919697,-75.6341797464,100,2022-10-19,luchogu,interior,https://www.inaturalist.org/observations/232367634
COL_ANURA_0028,Dendropsophus bogerti,225207599,6.7253499001,-75.6952800974,211,2022-12-27,oscar_marin,interior,https://www.inaturalist.org/observations/225207599
COL_ANURA_0028,Dendropsophus bogerti,219123303,6.1110851767,-75.6289157127,15,2024-05-28,juan_pablo200,interior,https://www.inaturalist.org/observations/219123303
COL_ANURA_0028,Dendropsophus bogerti,217918608,6.1181583333,-75.42752,4,2024-05-11,jdaza,interior,https://www.inaturalist.org/observations/217918608
COL_ANURA_0028,Dendropsophus bogerti,217390078,7.0417326127,-75.4051357789,4,2024-05-19,smejiadu,interior,https://www.inaturalist.org/observations/217390078
COL_ANURA_0028,Dendropsophus bogerti,210576993,6.3708039722,-75.4680829722,,2024-04-27,dwkfoster,interior,https://www.inaturalist.org/observations/210576993
COL_ANURA_0028,Dendropsophus bogerti,209865872,6.370193,-75.467594,,2024-04-26,dwkfoster,interior,https://www.inaturalist.org/observations/209865872
COL_ANURA_0028,Dendropsophus bogerti,209864208,6.3708039722,-75.4680829722,,2024-04-26,dwkfoster,interior,https://www.inaturalist.org/observations/209864208
COL_ANURA_0028,Dendropsophus bogerti,209864207,6.370809,-75.468147,,2024-04-26,dwkfoster,interior,https://www.inaturalist.org/observations/209864207
COL_ANURA_0028,Dendropsophus bogerti,207096951,6.0861058813,-75.3494933993,10,2024-04-13,juanmruiz19,interior,https://www.inaturalist.org/observations/207096951
COL_ANURA_0028,Dendropsophus bogerti,206137539,6.0885034368,-75.3366660148,244,2024-03-23,gero_y_ya,interior,https://www.inaturalist.org/observations/206137539
COL_ANURA_0028,Dendropsophus bogerti,206137530,6.0885124324,-75.3373163431,1768,2024-03-22,gero_y_ya,interior,https://www.inaturalist.org/observations/206137530
COL_ANURA_0028,Dendropsophus bogerti,204477193,6.3702459722,-75.4676089722,,2024-03-29,dwkfoster,interior,https://www.inaturalist.org/observations/204477193
COL_ANURA_0028,Dendropsophus bogerti,204349279,6.370267,-75.467667,,2024-03-28,dwkfoster,interior,https://www.inaturalist.org/observations/204349279
COL_ANURA_0028,Dendropsophus bogerti,204137283,6.3702300997,-75.4675972997,,2024-03-26,dwkfoster,interior,https://www.inaturalist.org/observations/204137283
COL_ANURA_0028,Dendropsophus bogerti,203968172,6.37023,-75.467488,,2024-03-25,dwkfoster,interior,https://www.inaturalist.org/observations/203968172
COL_ANURA_0028,Dendropsophus bogerti,203967914,6.3708039722,-75.4680829722,,2024-03-25,dwkfoster,interior,https://www.inaturalist.org/observations/203967914
COL_ANURA_0028,Dendropsophus bogerti,203744306,6.2209583028,-75.6032243371,25,,dulcedenata,interior,https://www.inaturalist.org/observations/203744306
COL_ANURA_0028,Dendropsophus bogerti,202159284,6.3441965238,-75.2611211034,4,2022-02-09,khristimantis,interior,https://www.inaturalist.org/observations/202159284
COL_ANURA_0028,Dendropsophus bogerti,200548643,6.1617028333,-75.5544966667,14,2024-02-26,catarena,interior,https://www.inaturalist.org/observations/200548643
COL_ANURA_0028,Dendropsophus bogerti,200233764,6.157919697,-75.6341797464,100,2021-01-04,luchogu,interior,https://www.inaturalist.org/observations/200233764
COL_ANURA_0028,Dendropsophus bogerti,200233763,6.157919697,-75.6341797464,100,2021-01-04,luchogu,interior,https://www.inaturalist.org/observations/200233763
COL_ANURA_0028,Dendropsophus bogerti,199897424,6.157919697,-75.6341797464,100,2021-01-01,luchogu,interior,https://www.inaturalist.org/observations/199897424
COL_ANURA_0028,Dendropsophus bogerti,199847297,6.3061650226,-75.3500496821,528,2024-02-19,mlalca,interior,https://www.inaturalist.org/observations/199847297
COL_ANURA_0028,Dendropsophus bogerti,199317165,6.157919697,-75.6341797464,100,2020-12-24,luchogu,interior,https://www.inaturalist.org/observations/199317165
COL_ANURA_0028,Dendropsophus bogerti,199299998,6.2126701421,-75.6162766756,15,2024-02-13,cerrostutelaresdemedellin,interior,https://www.inaturalist.org/observations/199299998
COL_ANURA_0028,Dendropsophus bogerti,199299995,6.2126065059,-75.6161864503,8,2024-02-13,cerrostutelaresdemedellin,interior,https://www.inaturalist.org/observations/199299995
COL_ANURA_0028,Dendropsophus bogerti,199230347,6.157919697,-75.6341797464,100,2020-12-08,luchogu,interior,https://www.inaturalist.org/observations/199230347
COL_ANURA_0028,Dendropsophus bogerti,199146603,6.157919697,-75.6341797464,100,2020-12-07,luchogu,interior,https://www.inaturalist.org/observations/199146603
COL_ANURA_0028,Dendropsophus bogerti,199146600,6.157919697,-75.6341797464,100,2020-12-07,luchogu,interior,https://www.inaturalist.org/observations/199146600
COL_ANURA_0028,Dendropsophus bogerti,198298726,6.157919697,-75.6341797464,100,2020-09-10,luchogu,interior,https://www.inaturalist.org/observations/198298726
COL_ANURA_0028,Dendropsophus bogerti,197651810,6.1305677821,-75.3472172096,76,2023-04-08,sebasmc_foto,interior,https://www.inaturalist.org/observations/197651810
COL_ANURA_0028,Dendropsophus bogerti,197134403,6.2056505276,-75.5083784088,6,2024-01-19,danielmesa1,interior,https://www.inaturalist.org/observations/197134403
COL_ANURA_0028,Dendropsophus bogerti,197134332,6.2056525274,-75.5083807558,6,2024-01-19,danielmesa1,interior,https://www.inaturalist.org/observations/197134332
COL_ANURA_0028,Dendropsophus bogerti,197134165,6.2055345351,-75.5085718632,10,2024-01-19,danielmesa1,interior,https://www.inaturalist.org/observations/197134165
COL_ANURA_0028,Dendropsophus bogerti,197118073,6.2055438679,-75.508557111,6,2024-01-19,danielmesa1,interior,https://www.inaturalist.org/observations/197118073
COL_ANURA_0028,Dendropsophus bogerti,197117961,6.2055415347,-75.5085658282,13,2024-01-19,danielmesa1,interior,https://www.inaturalist.org/observations/197117961
COL_ANURA_0028,Dendropsophus bogerti,197117272,6.2052628861,-75.5086603761,6,2024-01-19,danielmesa1,interior,https://www.inaturalist.org/observations/197117272
COL_ANURA_0028,Dendropsophus bogerti,196239585,6.125125,-75.238395,100,2024-01-08,juanpablogomezgomez1,interior,https://www.inaturalist.org/observations/196239585
COL_ANURA_0028,Dendropsophus bogerti,196239567,6.1251333333,-75.23838,44,2024-01-08,juanpablogomezgomez1,interior,https://www.inaturalist.org/observations/196239567
COL_ANURA_0028,Dendropsophus bogerti,196239394,6.1253305,-75.2385866667,122,2024-01-08,juanpablogomezgomez1,interior,https://www.inaturalist.org/observations/196239394
COL_ANURA_0028,Dendropsophus bogerti,195713975,6.1241778333,-75.2395083333,11,2023-12-31,juanpablogomezgomez1,interior,https://www.inaturalist.org/observations/195713975
COL_ANURA_0028,Dendropsophus bogerti,195528205,6.3701619722,-75.467853,,2024-01-01,dwkfoster,interior,https://www.inaturalist.org/observations/195528205
COL_ANURA_0028,Dendropsophus bogerti,195099131,6.3710170996,-75.4673013697,15,2023-12-25,dwkfoster,interior,https://www.inaturalist.org/observations/195099131
COL_ANURA_0028,Dendropsophus bogerti,195096104,6.3710170996,-75.4673013697,15,2023-12-23,dwkfoster,interior,https://www.inaturalist.org/observations/195096104
COL_ANURA_0028,Dendropsophus bogerti,194850158,6.3703409722,-75.46777,,2023-12-25,dwkfoster,interior,https://www.inaturalist.org/observations/194850158
COL_ANURA_0028,Dendropsophus bogerti,194810016,6.3708068997,-75.467442,,2023-12-25,dwkfoster,interior,https://www.inaturalist.org/observations/194810016
COL_ANURA_0028,Dendropsophus bogerti,194734291,6.3708608,-75.4681053997,,2023-12-23,dwkfoster,interior,https://www.inaturalist.org/observations/194734291
COL_ANURA_0028,Dendropsophus bogerti,190301766,5.9636211881,-75.5233702809,685,2023-11-07,jose_alejandro74,interior,https://www.inaturalist.org/observations/190301766
COL_ANURA_0028,Dendropsophus bogerti,189374585,6.3041344931,-75.4768104851,20,2023-10-29,bosque_montano,interior,https://www.inaturalist.org/observations/189374585
COL_ANURA_0028,Dendropsophus bogerti,189290892,6.6050766661,-75.6663786247,679,2021-01-03,isabel32629,interior,https://www.inaturalist.org/observations/189290892
COL_ANURA_0028,Dendropsophus bogerti,187989697,6.3595174364,-75.5947392778,7813,2023-09-11,azunigaj,interior,https://www.inaturalist.org/observations/187989697
COL_ANURA_0028,Dendropsophus bogerti,187961232,6.1246388333,-75.2399133333,9,2023-10-15,juanpablogomezgomez1,interior,https://www.inaturalist.org/observations/187961232
COL_ANURA_0028,Dendropsophus bogerti,187201546,6.0602438097,-75.5019354075,1796,2023-10-11,jose_alejandro74,interior,https://www.inaturalist.org/observations/187201546
COL_ANURA_0028,Dendropsophus bogerti,186851567,6.1659445,-75.5259866667,4,2023-10-08,juanes0812,interior,https://www.inaturalist.org/observations/186851567
COL_ANURA_0028,Dendropsophus bogerti,184263165,6.2658281111,-75.4189605556,,2023-07-30,rosadita770,interior,https://www.inaturalist.org/observations/184263165
COL_ANURA_0028,Dendropsophus bogerti,184207073,6.6596220365,-75.4543744773,69,2023-09-12,victor_arboleda,interior,https://www.inaturalist.org/observations/184207073
COL_ANURA_0028,Dendropsophus bogerti,179714245,6.1825882,-75.6476913393,1820,2023-08-21,jose_alejandro74,interior,https://www.inaturalist.org/observations/179714245
COL_ANURA_0028,Dendropsophus bogerti,179374014,6.157919697,-75.6341797464,100,2019-03-24,luchogu,interior,https://www.inaturalist.org/observations/179374014
COL_ANURA_0028,Dendropsophus bogerti,179374013,6.157919697,-75.6341797464,100,2019-03-24,luchogu,interior,https://www.inaturalist.org/observations/179374013
COL_ANURA_0028,Dendropsophus bogerti,179374012,6.157919697,-75.6341797464,100,2019-03-24,luchogu,interior,https://www.inaturalist.org/observations/179374012
COL_ANURA_0028,Dendropsophus bogerti,178597969,6.2254519444,-75.2740173333,,2023-07-21,el56321,interior,https://www.inaturalist.org/observations/178597969
COL_ANURA_0028,Dendropsophus bogerti,177505109,6.3708499722,-75.468147,,2023-08-08,dwkfoster,interior,https://www.inaturalist.org/observations/177505109
COL_ANURA_0028,Dendropsophus bogerti,177279528,6.2085786611,-75.6674793363,9,,llimi,interior,https://www.inaturalist.org/observations/177279528
COL_ANURA_0028,Dendropsophus bogerti,176974962,6.1256862385,-75.352059016,7,2023-08-06,biomario,interior,https://www.inaturalist.org/observations/176974962
COL_ANURA_0028,Dendropsophus bogerti,175245377,6.658742213,-75.4461457953,98,2022-07-14,victor_arboleda,interior,https://www.inaturalist.org/observations/175245377
COL_ANURA_0028,Dendropsophus bogerti,174633415,6.2476376,-75.5658153,8746,2023-07-19,lilis198,interior,https://www.inaturalist.org/observations/174633415
COL_ANURA_0028,Dendropsophus bogerti,173123488,6.2138475909,-75.5733572632,130,2023-07-15,mapau021,interior,https://www.inaturalist.org/observations/173123488
COL_ANURA_0028,Dendropsophus bogerti,171648740,6.0228730768,-75.3547566755,2837,2020-05-18,mechas,interior,https://www.inaturalist.org/observations/171648740
COL_ANURA_0028,Dendropsophus bogerti,170949323,6.107483518,-75.2514259993,2837,2023-06-30,mechas,interior,https://www.inaturalist.org/observations/170949323
COL_ANURA_0028,Dendropsophus bogerti,169796037,6.3707589722,-75.4680659722,,2023-06-26,dwkfoster,interior,https://www.inaturalist.org/observations/169796037
COL_ANURA_0028,Dendropsophus bogerti,169795602,6.3705157082,-75.4678203911,219,2023-06-26,dwkfoster,interior,https://www.inaturalist.org/observations/169795602
COL_ANURA_0028,Dendropsophus bogerti,169681299,6.370795,-75.468096,,2023-06-26,dwkfoster,interior,https://www.inaturalist.org/observations/169681299
COL_ANURA_0028,Dendropsophus bogerti,163893770,6.3710170996,-75.4673013697,15,2023-05-14,dwkfoster,interior,https://www.inaturalist.org/observations/163893770
COL_ANURA_0028,Dendropsophus bogerti,163318230,6.3367495181,-75.5329497904,734,2023-05-09,julian_david1,interior,https://www.inaturalist.org/observations/163318230
COL_ANURA_0028,Dendropsophus bogerti,162540822,6.3710170996,-75.4673013697,15,2023-05-12,dwkfoster,interior,https://www.inaturalist.org/observations/162540822
COL_ANURA_0028,Dendropsophus bogerti,161891515,6.370287,-75.4676979722,,2023-05-15,dwkfoster,interior,https://www.inaturalist.org/observations/161891515
COL_ANURA_0028,Dendropsophus bogerti,161251321,6.370756,-75.4680989722,,2023-05-11,dwkfoster,interior,https://www.inaturalist.org/observations/161251321
COL_ANURA_0028,Dendropsophus bogerti,159135137,6.167545,-75.5258116667,19,2022-08-04,juanes0812,interior,https://www.inaturalist.org/observations/159135137
COL_ANURA_0028,Dendropsophus bogerti,158069264,6.37084,-75.468102,,2023-04-29,dwkfoster,interior,https://www.inaturalist.org/observations/158069264
COL_ANURA_0028,Dendropsophus bogerti,157816462,6.3710170996,-75.4673013697,15,2023-04-29,dwkfoster,interior,https://www.inaturalist.org/observations/157816462
COL_ANURA_0028,Dendropsophus bogerti,157372699,6.370877,-75.46813,,2023-04-28,dwkfoster,interior,https://www.inaturalist.org/observations/157372699
COL_ANURA_0028,Dendropsophus bogerti,157372691,6.3708439722,-75.468141,,2023-04-28,dwkfoster,interior,https://www.inaturalist.org/observations/157372691
COL_ANURA_0028,Dendropsophus bogerti,153880686,6.2034966667,-75.3781883333,35,2023-04-07,mariap25,interior,https://www.inaturalist.org/observations/153880686
COL_ANURA_0028,Dendropsophus bogerti,153762296,6.370197,-75.4675359722,,2023-04-06,dwkfoster,interior,https://www.inaturalist.org/observations/153762296
COL_ANURA_0028,Dendropsophus bogerti,153516236,6.370216,-75.4675009722,,2023-04-04,dwkfoster,interior,https://www.inaturalist.org/observations/153516236
COL_ANURA_0028,Dendropsophus bogerti,153512297,6.370864,-75.4681599722,,2023-04-04,dwkfoster,interior,https://www.inaturalist.org/observations/153512297
COL_ANURA_0028,Dendropsophus bogerti,153488761,6.370249,-75.467517,,2023-04-04,dwkfoster,interior,https://www.inaturalist.org/observations/153488761
COL_ANURA_0028,Dendropsophus bogerti,153442033,6.370828,-75.468108,,2023-04-03,dwkfoster,interior,https://www.inaturalist.org/observations/153442033
COL_ANURA_0028,Dendropsophus bogerti,153342766,6.4546194444,-75.6020666667,,2023-04-02,edafosrodo,interior,https://www.inaturalist.org/observations/153342766
COL_ANURA_0028,Dendropsophus bogerti,153278767,6.3719749722,-75.464877,,2023-04-02,dwkfoster,interior,https://www.inaturalist.org/observations/153278767
COL_ANURA_0028,Dendropsophus bogerti,153226231,6.0412534,-75.4475723,64,2023-04-02,ranamarilla,interior,https://www.inaturalist.org/observations/153226231
COL_ANURA_0028,Dendropsophus bogerti,150988012,6.0716495695,-75.2222851385,,2023-03-11,mechas,interior,https://www.inaturalist.org/observations/150988012
COL_ANURA_0028,Dendropsophus bogerti,149196011,6.0085815743,-75.249800345,,2023-02-18,mechas,interior,https://www.inaturalist.org/observations/149196011
COL_ANURA_0028,Dendropsophus bogerti,146796042,6.2000811997,-75.5202045,,2023-01-16,squeak_explores,interior,https://www.inaturalist.org/observations/146796042
COL_ANURA_0028,Dendropsophus bogerti,146788809,6.157919697,-75.6341797464,100,2019-09-08,luchogu,interior,https://www.inaturalist.org/observations/146788809
COL_ANURA_0028,Dendropsophus bogerti,146618974,6.6513985586,-75.5087088135,3906,2022-06-28,laura_melisa,interior,https://www.inaturalist.org/observations/146618974
COL_ANURA_0028,Dendropsophus bogerti,145755035,6.124290455,-75.2392919481,22,2022-12-31,juanpablogomezgomez,interior,https://www.inaturalist.org/observations/145755035
COL_ANURA_0028,Dendropsophus bogerti,145659608,6.2702383333,-75.624245,22,2022-12-29,cerrostutelaresdemedellin,interior,https://www.inaturalist.org/observations/145659608
COL_ANURA_0028,Dendropsophus bogerti,144262569,6.049283,-75.326458,,2022-12-11,mechas,interior,https://www.inaturalist.org/observations/144262569
COL_ANURA_0028,Dendropsophus bogerti,143997698,5.6185001855,-75.8359957734,4,2022-11-30,mateohernandezschmidt,interior,https://www.inaturalist.org/observations/143997698
COL_ANURA_0028,Dendropsophus bogerti,143356200,6.2166243,-75.5645683,,2022-11-30,dwkfoster,interior,https://www.inaturalist.org/observations/143356200
COL_ANURA_0028,Dendropsophus bogerti,142776435,6.1663195,-75.525755,4,2022-11-08,juanes0812,interior,https://www.inaturalist.org/observations/142776435
COL_ANURA_0028,Dendropsophus bogerti,142772391,6.2744444444,-75.6277777778,,2022-11-22,aguadepanela,interior,https://www.inaturalist.org/observations/142772391
COL_ANURA_0028,Dendropsophus bogerti,142020078,6.1625155901,-75.3335124627,211,2022-11-14,elianavergara,interior,https://www.inaturalist.org/observations/142020078
COL_ANURA_0028,Dendropsophus bogerti,141830782,6.3708479722,-75.4681759722,,2022-11-12,dwkfoster,interior,https://www.inaturalist.org/observations/141830782
COL_ANURA_0028,Dendropsophus bogerti,141459044,6.2968992796,-75.4177029803,26,2022-11-05,astridmondragond,interior,https://www.inaturalist.org/observations/141459044
COL_ANURA_0028,Dendropsophus bogerti,141423382,6.7007280977,-75.3589103138,128,2021-12-11,estebanalzate,interior,https://www.inaturalist.org/observations/141423382
COL_ANURA_0028,Dendropsophus bogerti,141403147,6.157919697,-75.6341797464,100,2020-01-05,luchogu,interior,https://www.inaturalist.org/observations/141403147
COL_ANURA_0028,Dendropsophus bogerti,140458026,6.2351431,-75.1617793,5163,2022-10-29,elrefugio,interior,https://www.inaturalist.org/observations/140458026
COL_ANURA_0028,Dendropsophus bogerti,139341207,6.0947105155,-75.6177562103,9,2022-10-19,margarita241,interior,https://www.inaturalist.org/observations/139341207
COL_ANURA_0028,Dendropsophus bogerti,139182133,5.966572649,-75.5217958242,686,2021-06-08,jose_alejandro74,interior,https://www.inaturalist.org/observations/139182133
COL_ANURA_0028,Dendropsophus bogerti,139172413,5.9569532487,-75.6804719567,8,2022-10-16,lauravicmc,interior,https://www.inaturalist.org/observations/139172413
COL_ANURA_0028,Dendropsophus bogerti,138590852,6.1823248723,-75.5772491544,840,2022-10-13,tomasechavarria,interior,https://www.inaturalist.org/observations/138590852
COL_ANURA_0028,Dendropsophus bogerti,138502220,6.2165499,-75.5644972997,,2022-10-12,dwkfoster,interior,https://www.inaturalist.org/observations/138502220
COL_ANURA_0028,Dendropsophus bogerti,135801103,6.2659175123,-75.5803845346,2,2022-09-16,cerrostutelaresdemedellin,interior,https://www.inaturalist.org/observations/135801103
COL_ANURA_0028,Dendropsophus bogerti,135801102,6.2660204092,-75.58041538,8,2022-09-16,cerrostutelaresdemedellin,interior,https://www.inaturalist.org/observations/135801102
COL_ANURA_0028,Dendropsophus bogerti,135801100,6.2659446937,-75.5804274499,15,2022-09-16,cerrostutelaresdemedellin,interior,https://www.inaturalist.org/observations/135801100
COL_ANURA_0028,Dendropsophus bogerti,135680921,6.1294166667,-75.5099416667,4,2022-07-02,isabel-velez,interior,https://www.inaturalist.org/observations/135680921
COL_ANURA_0028,Dendropsophus bogerti,134321935,6.1398971667,-75.5228366667,4,2022-09-09,alejandro145,interior,https://www.inaturalist.org/observations/134321935
COL_ANURA_0028,Dendropsophus bogerti,132938376,5.6185154328,-75.8359640738,4,2022-08-23,mateohernandezschmidt,interior,https://www.inaturalist.org/observations/132938376
COL_ANURA_0028,Dendropsophus bogerti,132938373,5.6185238783,-75.8359426394,4,2022-08-23,mateohernandezschmidt,interior,https://www.inaturalist.org/observations/132938373
COL_ANURA_0028,Dendropsophus bogerti,132938371,5.6184864637,-75.8359588721,4,2022-08-23,mateohernandezschmidt,interior,https://www.inaturalist.org/observations/132938371
COL_ANURA_0028,Dendropsophus bogerti,132938370,5.6184944717,-75.8359617403,4,2022-08-23,mateohernandezschmidt,interior,https://www.inaturalist.org/observations/132938370
COL_ANURA_0028,Dendropsophus bogerti,131964806,6.1944490653,-75.5680791936,375,2022-08-18,danielasalazarsuaza,interior,https://www.inaturalist.org/observations/131964806
COL_ANURA_0028,Dendropsophus bogerti,131964801,6.1948558885,-75.5681249232,358,2022-08-18,danielasalazarsuaza,interior,https://www.inaturalist.org/observations/131964801
COL_ANURA_0028,Dendropsophus bogerti,131964796,6.1954361789,-75.5665504927,211,2022-08-18,danielasalazarsuaza,interior,https://www.inaturalist.org/observations/131964796
COL_ANURA_0028,Dendropsophus bogerti,131087905,6.9557810875,-75.4194830975,4,2022-08-13,ricardo_sanchez,interior,https://www.inaturalist.org/observations/131087905
COL_ANURA_0028,Dendropsophus bogerti,130724218,6.0022603578,-75.6923403963,8,2022-08-13,alejandra715,interior,https://www.inaturalist.org/observations/130724218
COL_ANURA_0028,Dendropsophus bogerti,130068129,6.1030849824,-75.6271881983,2929,2022-08-08,carolinagomezs,interior,https://www.inaturalist.org/observations/130068129
COL_ANURA_0028,Dendropsophus bogerti,129860502,6.3445192963,-75.5803939233,8,2022-08-03,guardabosques-silap-bello,interior,https://www.inaturalist.org/observations/129860502
COL_ANURA_0028,Dendropsophus bogerti,127713201,6.1615849237,-75.628583161,37,2022-07-24,danielasalazarsuaza,interior,https://www.inaturalist.org/observations/127713201
COL_ANURA_0028,Dendropsophus bogerti,127710313,6.1611138074,-75.6288302096,504,2022-07-24,danielasalazarsuaza,interior,https://www.inaturalist.org/observations/127710313
COL_ANURA_0028,Dendropsophus bogerti,127699518,6.1618435223,-75.62864786,115,2022-07-24,danielasalazarsuaza,interior,https://www.inaturalist.org/observations/127699518
COL_ANURA_0028,Dendropsophus bogerti,127699304,6.1618299425,-75.6286932183,75,2022-07-24,danielasalazarsuaza,interior,https://www.inaturalist.org/observations/127699304
COL_ANURA_0028,Dendropsophus bogerti,127113957,6.173155988,-75.3378851339,1592,2020-05-12,carolinagomezs,interior,https://www.inaturalist.org/observations/127113957
COL_ANURA_0028,Dendropsophus bogerti,126913872,6.322041637,-75.2465113252,499,2022-07-17,josemilla,interior,https://www.inaturalist.org/observations/126913872
COL_ANURA_0028,Dendropsophus bogerti,126905966,6.104228,-75.3868789444,,2022-06-16,carolinagomezs,interior,https://www.inaturalist.org/observations/126905966
COL_ANURA_0028,Dendropsophus bogerti,124428089,6.2643067454,-75.421112068,422,2022-06-16,juan_pablo70,interior,https://www.inaturalist.org/observations/124428089
COL_ANURA_0028,Dendropsophus bogerti,123316637,6.152815,-75.5647989722,,2022-06-24,vapume,interior,https://www.inaturalist.org/observations/123316637
COL_ANURA_0028,Dendropsophus bogerti,123275178,6.2130136607,-75.3892960399,43,2021-02-03,duque_mat,interior,https://www.inaturalist.org/observations/123275178
COL_ANURA_0028,Dendropsophus bogerti,121804073,6.152834,-75.5648039722,,2022-06-14,vapume,interior,https://www.inaturalist.org/observations/121804073
COL_ANURA_0028,Dendropsophus bogerti,117446980,6.3709224997,-75.4673544,,2022-05-17,dwkfoster,interior,https://www.inaturalist.org/observations/117446980
COL_ANURA_0028,Dendropsophus bogerti,115008909,6.157919697,-75.6341797464,100,2022-04-29,luchogu,interior,https://www.inaturalist.org/observations/115008909
COL_ANURA_0028,Dendropsophus bogerti,114979343,6.09298322,-75.71039423,7,2022-05-02,felovalenciap,interior,https://www.inaturalist.org/observations/114979343
COL_ANURA_0028,Dendropsophus bogerti,113412435,6.3109350552,-75.669860132,,2022-04-29,diana_milena2,interior,https://www.inaturalist.org/observations/113412435
COL_ANURA_0028,Dendropsophus bogerti,112785668,6.1360602732,-75.3355192372,4,2022-04-24,alejandra631,interior,https://www.inaturalist.org/observations/112785668
COL_ANURA_0028,Dendropsophus bogerti,112269173,6.2147795174,-75.3893704712,180,,juancarojas2010,interior,https://www.inaturalist.org/observations/112269173
COL_ANURA_0028,Dendropsophus bogerti,109977762,5.6174115758,-75.8356960863,437,2021-10-29,felipe_uribe85,interior,https://www.inaturalist.org/observations/109977762
COL_ANURA_0028,Dendropsophus bogerti,109182363,6.157919697,-75.6341797464,100,2019-12-14,luchogu,interior,https://www.inaturalist.org/observations/109182363
COL_ANURA_0028,Dendropsophus bogerti,108022569,6.1787866667,-75.6677633333,6,2022-02-28,emilsinclaire,interior,https://www.inaturalist.org/observations/108022569
COL_ANURA_0028,Dendropsophus bogerti,107769885,6.331842,-75.531972,2244,2022-03-02,davidangel-v,interior,https://www.inaturalist.org/observations/107769885
COL_ANURA_0028,Dendropsophus bogerti,107068872,6.1530660204,-75.5648607016,212,2022-02-19,vapume,interior,https://www.inaturalist.org/observations/107068872
COL_ANURA_0028,Dendropsophus bogerti,106243572,6.157919697,-75.6341797464,100,2019-12-07,luchogu,interior,https://www.inaturalist.org/observations/106243572
COL_ANURA_0028,Dendropsophus bogerti,105750311,6.1324127675,-75.6689319123,2,2019-11-30,esteban_villa,interior,https://www.inaturalist.org/observations/105750311
COL_ANURA_0028,Dendropsophus bogerti,102374011,6.2856105282,-75.3344345767,169,2021-11-15,agoutiboy,interior,https://www.inaturalist.org/observations/102374011
COL_ANURA_0028,Dendropsophus bogerti,102374007,6.2856105282,-75.3344345767,169,2021-11-15,agoutiboy,interior,https://www.inaturalist.org/observations/102374007
COL_ANURA_0028,Dendropsophus bogerti,101208529,6.37,-75.4675,,2021-11-15,dwkfoster,interior,https://www.inaturalist.org/observations/101208529
COL_ANURA_0028,Dendropsophus bogerti,101052452,6.2565362052,-75.3315094251,5702,2021-11-13,agoutiboy,interior,https://www.inaturalist.org/observations/101052452
COL_ANURA_0028,Dendropsophus bogerti,99879216,6.3701972222,-75.4675611111,,2021-10-30,dwkfoster,interior,https://www.inaturalist.org/observations/99879216
COL_ANURA_0028,Dendropsophus bogerti,99879157,6.3705555556,-75.4675,,2021-10-30,dwkfoster,interior,https://www.inaturalist.org/observations/99879157
COL_ANURA_0028,Dendropsophus bogerti,99737966,6.1527010079,-75.4034909606,112,2021-07-30,alejandro947,interior,https://www.inaturalist.org/observations/99737966
COL_ANURA_0028,Dendropsophus bogerti,98656015,6.1016524644,-75.31459786,228,2021-10-15,diego_fer27,interior,https://www.inaturalist.org/observations/98656015
COL_ANURA_0028,Dendropsophus bogerti,97868337,6.4593051,-75.600057,50,2021-07-07,dbocanumenthe,interior,https://www.inaturalist.org/observations/97868337
COL_ANURA_0028,Dendropsophus bogerti,97181052,6.1731393214,-75.3378851339,1594,2021-10-02,andres46,interior,https://www.inaturalist.org/observations/97181052
COL_ANURA_0028,Dendropsophus bogerti,95494181,5.6185069842,-75.8359424805,8,2021-09-09,mateohernandezschmidt,interior,https://www.inaturalist.org/observations/95494181
COL_ANURA_0028,Dendropsophus bogerti,94274034,6.2956117786,-75.4721195699,8,2021-08-22,sesernam,interior,https://www.inaturalist.org/observations/94274034
COL_ANURA_0028,Dendropsophus bogerti,94068934,6.343318,-75.5034909722,,2021-09-07,mariana_castrillon_arroyave,interior,https://www.inaturalist.org/observations/94068934
COL_ANURA_0028,Dendropsophus bogerti,91588155,6.3705555556,-75.4677777778,,2021-08-17,dwkfoster,interior,https://www.inaturalist.org/observations/91588155
COL_ANURA_0028,Dendropsophus bogerti,89946877,5.6175300273,-75.8359227329,30,2021-08-04,xgushnayerax,interior,https://www.inaturalist.org/observations/89946877
COL_ANURA_0028,Dendropsophus bogerti,88642812,6.157919697,-75.6341797464,100,2019-10-13,luchogu,interior,https://www.inaturalist.org/observations/88642812
COL_ANURA_0028,Dendropsophus bogerti,86626811,6.1200468772,-75.6376209855,212,2019-06-13,jpv_24,interior,https://www.inaturalist.org/observations/86626811
COL_ANURA_0028,Dendropsophus bogerti,86565668,6.13714363,-75.63526052,8,2021-07-11,maria2128,interior,https://www.inaturalist.org/observations/86565668
COL_ANURA_0028,Dendropsophus bogerti,86437161,6.1292916667,-75.4204866667,5,2021-07-10,miguelquinteroc,interior,https://www.inaturalist.org/observations/86437161
COL_ANURA_0028,Dendropsophus bogerti,86364893,6.1933333333,-75.3530555556,,2020-10-29,juanputrid89,interior,https://www.inaturalist.org/observations/86364893
COL_ANURA_0028,Dendropsophus bogerti,84791314,6.1825692004,-75.6476913393,1820,2021-06-27,juan1218,interior,https://www.inaturalist.org/observations/84791314
COL_ANURA_0028,Dendropsophus bogerti,83209020,6.2137916667,-75.429625,,2021-06-14,santivel,interior,https://www.inaturalist.org/observations/83209020
COL_ANURA_0028,Dendropsophus bogerti,82386709,6.1199402003,-75.5975169316,247,2021-06-09,juanjose21,interior,https://www.inaturalist.org/observations/82386709
COL_ANURA_0028,Dendropsophus bogerti,79775327,6.2384305556,-75.5278777778,,2021-05-04,cerrostutelaresdemedellin,interior,https://www.inaturalist.org/observations/79775327
COL_ANURA_0028,Dendropsophus bogerti,79678291,6.238075,-75.496445,51,2021-05-21,maxmalm,interior,https://www.inaturalist.org/observations/79678291
COL_ANURA_0028,Dendropsophus bogerti,79677886,6.2380416667,-75.4969116667,65,2021-05-21,maxmalm,interior,https://www.inaturalist.org/observations/79677886
COL_ANURA_0028,Dendropsophus bogerti,79026906,6.1981383333,-75.3814083333,13,2021-03-18,sebastian563,interior,https://www.inaturalist.org/observations/79026906
COL_ANURA_0028,Dendropsophus bogerti,78582123,7.0514048667,-75.3986120224,8,2020-07-23,edwinmunera,interior,https://www.inaturalist.org/observations/78582123
COL_ANURA_0028,Dendropsophus bogerti,78281400,6.092911,-75.651353,343,2021-03-31,kevingc16,interior,https://www.inaturalist.org/observations/78281400
COL_ANURA_0028,Dendropsophus bogerti,76453189,6.1819549,-75.5688387,,2021-05-01,neatropical,interior,https://www.inaturalist.org/observations/76453189
COL_ANURA_0028,Dendropsophus bogerti,76397474,6.1427217996,-75.5609817659,120,2021-04-30,estebanalzate,interior,https://www.inaturalist.org/observations/76397474
COL_ANURA_0028,Dendropsophus bogerti,76034081,6.14344361,-75.56068426,8,2021-04-30,juancas,interior,https://www.inaturalist.org/observations/76034081
COL_ANURA_0028,Dendropsophus bogerti,76030952,6.1431599257,-75.5611418188,6,2021-04-30,carambolinas,interior,https://www.inaturalist.org/observations/76030952
COL_ANURA_0028,Dendropsophus bogerti,74975064,6.16636,-75.643243,46,2019-03-11,lhincapie,interior,https://www.inaturalist.org/observations/74975064
COL_ANURA_0028,Dendropsophus bogerti,74569835,6.6959905,-75.3767873,,2021-03-01,marleytgr,interior,https://www.inaturalist.org/observations/74569835
COL_ANURA_0028,Dendropsophus bogerti,73999000,6.153525,-75.346625,4,2021-04-13,danielasalazarsuaza,interior,https://www.inaturalist.org/observations/73999000
COL_ANURA_0028,Dendropsophus bogerti,73541422,6.0097592963,-75.3334312214,83,2021-03-04,biottero,interior,https://www.inaturalist.org/observations/73541422
COL_ANURA_0028,Dendropsophus bogerti,72769076,5.6185598333,-75.8358001667,,2021-03-30,felipe_uribe85,interior,https://www.inaturalist.org/observations/72769076
COL_ANURA_0028,Dendropsophus bogerti,72413390,6.3702777778,-75.4677777778,,2021-03-30,dwkfoster,interior,https://www.inaturalist.org/observations/72413390
COL_ANURA_0028,Dendropsophus bogerti,70822075,6.1324595895,-75.6687768549,5,2021-03-07,dbocanumenthe,interior,https://www.inaturalist.org/observations/70822075
COL_ANURA_0028,Dendropsophus bogerti,67721001,6.1664656602,-75.3969557027,,2021-01-05,mechas,interior,https://www.inaturalist.org/observations/67721001
COL_ANURA_0028,Dendropsophus bogerti,67315292,6.0752361667,-75.461975,6,2020-12-30,damuz,interior,https://www.inaturalist.org/observations/67315292
COL_ANURA_0028,Dendropsophus bogerti,65098775,6.8069444444,-75.5655555556,,2020-11-16,smejiadu,interior,https://www.inaturalist.org/observations/65098775
COL_ANURA_0028,Dendropsophus bogerti,63966889,6.157919697,-75.6341797464,100,2019-07-28,luchogu,interior,https://www.inaturalist.org/observations/63966889
COL_ANURA_0028,Dendropsophus bogerti,63635475,6.0751186261,-75.4620868748,24,2020-10-23,damuz,interior,https://www.inaturalist.org/observations/63635475
COL_ANURA_0028,Dendropsophus bogerti,63432597,6.157919697,-75.6341797464,100,2019-07-13,luchogu,interior,https://www.inaturalist.org/observations/63432597
COL_ANURA_0028,Dendropsophus bogerti,62673506,6.1844585833,-75.6446574167,,2019-10-02,juan28pablo,interior,https://www.inaturalist.org/observations/62673506
COL_ANURA_0028,Dendropsophus bogerti,61367218,6.3283060341,-75.637975619,15,2020-09-30,amesac,interior,https://www.inaturalist.org/observations/61367218
COL_ANURA_0028,Dendropsophus bogerti,61362522,6.0750833333,-75.4619533333,32,2020-09-01,damuz,interior,https://www.inaturalist.org/observations/61362522
COL_ANURA_0028,Dendropsophus bogerti,61051499,6.3708918975,-75.4681104049,14,2020-09-27,dwkfoster,interior,https://www.inaturalist.org/observations/61051499
COL_ANURA_0028,Dendropsophus bogerti,60669415,6.3702414797,-75.4676809162,19,2020-09-24,dwkfoster,interior,https://www.inaturalist.org/observations/60669415
COL_ANURA_0028,Dendropsophus bogerti,60476668,6.1570371402,-75.6256864965,37,2020-09-22,nicozambranod98,interior,https://www.inaturalist.org/observations/60476668
COL_ANURA_0028,Dendropsophus bogerti,59914774,6.1533571,-75.307148,20,2020-09-15,kerlomenloaiza,interior,https://www.inaturalist.org/observations/59914774
COL_ANURA_0028,Dendropsophus bogerti,59508663,6.28298833,-75.46457833,7,2020-09-13,samugoma,interior,https://www.inaturalist.org/observations/59508663
COL_ANURA_0028,Dendropsophus bogerti,58355104,6.3046310334,-75.5891242996,349,,cerrostutelaresdemedellin,interior,https://www.inaturalist.org/observations/58355104
COL_ANURA_0028,Dendropsophus bogerti,57598757,6.145823,-75.3831937,15,2020-08-25,anamaragarcajaramillo,interior,https://www.inaturalist.org/observations/57598757
COL_ANURA_0028,Dendropsophus bogerti,57427476,6.1864824824,-75.4822506416,79,2020-08-24,ohitsmari,interior,https://www.inaturalist.org/observations/57427476
COL_ANURA_0028,Dendropsophus bogerti,57123457,7.0544705975,-75.3496334511,,2020-07-24,khristimantis,interior,https://www.inaturalist.org/observations/57123457
COL_ANURA_0028,Dendropsophus bogerti,55562089,6.0298996708,-75.4305712134,2813,2019-09-14,nico_nativo,interior,https://www.inaturalist.org/observations/55562089
COL_ANURA_0028,Dendropsophus bogerti,54555244,6.0095736253,-75.3327690432,25,2019-12-21,biottero,interior,https://www.inaturalist.org/observations/54555244
COL_ANURA_0028,Dendropsophus bogerti,54552214,6.0101558992,-75.3338190229,197,2020-07-05,biottero,interior,https://www.inaturalist.org/observations/54552214
COL_ANURA_0028,Dendropsophus bogerti,53883067,6.6609847155,-75.4628529593,2539,2018-05-06,andres_forero,interior,https://www.inaturalist.org/observations/53883067
COL_ANURA_0028,Dendropsophus bogerti,53406918,6.2213454856,-75.5668478923,2,2013-06-06,davidangel-v,interior,https://www.inaturalist.org/observations/53406918
COL_ANURA_0028,Dendropsophus bogerti,53406916,6.2213468189,-75.5667950704,2,2013-06-06,davidangel-v,interior,https://www.inaturalist.org/observations/53406916
COL_ANURA_0028,Dendropsophus bogerti,50500823,6.00605555,-75.358955,8,2020-03-23,lauratbon,interior,https://www.inaturalist.org/observations/50500823
COL_ANURA_0028,Dendropsophus bogerti,50481006,6.0787656429,-75.3985328911,1,2020-03-23,khristimantis,interior,https://www.inaturalist.org/observations/50481006
COL_ANURA_0028,Dendropsophus bogerti,49374376,6.1823852044,-75.562755838,33,2020-06-07,maisasa,interior,https://www.inaturalist.org/observations/49374376
COL_ANURA_0028,Dendropsophus bogerti,48541928,6.2457253766,-75.6071624905,440,2020-06-05,sebas8912,interior,https://www.inaturalist.org/observations/48541928
COL_ANURA_0028,Dendropsophus bogerti,48540097,6.0298998,-75.4305712,1558,2019-08-17,mate_mp,interior,https://www.inaturalist.org/observations/48540097
COL_ANURA_0028,Dendropsophus bogerti,45975615,6.3438122311,-75.5792487413,10,2020-03-28,amesac,interior,https://www.inaturalist.org/observations/45975615
COL_ANURA_0028,Dendropsophus bogerti,45674548,6.1051933611,-75.6233055833,,2020-05-11,elpiperh,interior,https://www.inaturalist.org/observations/45674548
COL_ANURA_0028,Dendropsophus bogerti,45422853,6.1934040387,-75.2334927994,,2020-05-09,mechas,interior,https://www.inaturalist.org/observations/45422853
COL_ANURA_0028,Dendropsophus bogerti,45263806,6.1794446139,-75.4799031137,2,2018-12-12,dbocanumenthe,interior,https://www.inaturalist.org/observations/45263806
COL_ANURA_0028,Dendropsophus bogerti,44001449,6.1901254014,-75.5048400453,15,2020-04-24,sebastianvieirau,interior,https://www.inaturalist.org/observations/44001449
COL_ANURA_0028,Dendropsophus bogerti,42999918,6.2815625093,-75.6103906355,18,2020-04-23,camilojotage,interior,https://www.inaturalist.org/observations/42999918
COL_ANURA_0028,Dendropsophus bogerti,42405580,6.4411305556,-75.5509444444,,2020-04-17,edafosrodo,interior,https://www.inaturalist.org/observations/42405580
COL_ANURA_0028,Dendropsophus bogerti,42175912,6.1927935459,-75.4918724298,9,,juanjaramillo,interior,https://www.inaturalist.org/observations/42175912
COL_ANURA_0028,Dendropsophus bogerti,41802806,6.00605555,-75.358955,8,2020-03-23,lauratbon,interior,https://www.inaturalist.org/observations/41802806
COL_ANURA_0028,Dendropsophus bogerti,41795236,6.23844167,-75.15181667,5,2020-04-04,elrefugio,interior,https://www.inaturalist.org/observations/41795236
COL_ANURA_0028,Dendropsophus bogerti,40791591,6.051249,-75.326458,,2020-03-24,mechas,interior,https://www.inaturalist.org/observations/40791591
COL_ANURA_0028,Dendropsophus bogerti,40791252,6.051249,-75.326458,,2019-12-29,mechas,interior,https://www.inaturalist.org/observations/40791252
COL_ANURA_0028,Dendropsophus bogerti,40790640,6.051249,-75.326458,,2019-12-29,mechas,interior,https://www.inaturalist.org/observations/40790640
COL_ANURA_0028,Dendropsophus bogerti,39934460,5.6185274771,-75.8359701534,8,2020-03-03,mateohernandezschmidt,interior,https://www.inaturalist.org/observations/39934460
COL_ANURA_0028,Dendropsophus bogerti,38179625,6.3076629444,-75.4513320833,,2020-02-01,javiermora,interior,https://www.inaturalist.org/observations/38179625
COL_ANURA_0028,Dendropsophus bogerti,38103197,5.5939220459,-75.8389908777,4,2019-01-02,ricardo_sanchez,interior,https://www.inaturalist.org/observations/38103197
COL_ANURA_0028,Dendropsophus bogerti,38103193,5.5939140376,-75.8389881955,4,2019-01-02,ricardo_sanchez,interior,https://www.inaturalist.org/observations/38103193
COL_ANURA_0028,Dendropsophus bogerti,38103187,5.5939318889,-75.8389775833,,2019-01-06,ricardo_sanchez,interior,https://www.inaturalist.org/observations/38103187
COL_ANURA_0028,Dendropsophus bogerti,37611405,6.3572741925,-75.6750849593,66,2020-01-09,sebastianospina,interior,https://www.inaturalist.org/observations/37611405
COL_ANURA_0028,Dendropsophus bogerti,37443794,6.1571074754,-75.625738129,36,2020-01-09,nicozambranod98,interior,https://www.inaturalist.org/observations/37443794
COL_ANURA_0028,Dendropsophus bogerti,37163374,6.3082490125,-75.4515984543,17,2019-11-02,javiermora,interior,https://www.inaturalist.org/observations/37163374
COL_ANURA_0028,Dendropsophus bogerti,37116486,6.1571481431,-75.6255235523,53,2019-12-30,nicozambranod98,interior,https://www.inaturalist.org/observations/37116486
COL_ANURA_0028,Dendropsophus bogerti,37048521,6.1571278093,-75.6254437566,53,2019-12-28,nicozambranod98,interior,https://www.inaturalist.org/observations/37048521
COL_ANURA_0028,Dendropsophus bogerti,36409464,6.18581885,-75.55376032,6,2019-12-06,nanyelitamaya,interior,https://www.inaturalist.org/observations/36409464
COL_ANURA_0028,Dendropsophus bogerti,36174706,6.1572641462,-75.6252100691,42,2019-11-28,nicozambranod98,interior,https://www.inaturalist.org/observations/36174706
COL_ANURA_0028,Dendropsophus bogerti,36132873,6.1609802298,-75.629354082,58,2019-11-27,nicozambranod98,interior,https://www.inaturalist.org/observations/36132873
COL_ANURA_0028,Dendropsophus bogerti,36085843,6.1817216873,-75.5523986816,,2019-11-24,smejiadu,interior,https://www.inaturalist.org/observations/36085843
COL_ANURA_0028,Dendropsophus bogerti,34814049,6.3266156306,-76.1083909124,59,2019-10-08,yojancvargas,interior,https://www.inaturalist.org/observations/34814049
COL_ANURA_0028,Dendropsophus bogerti,34503063,6.2715001106,-75.5230026245,,2019-10-13,darielacecilia,interior,https://www.inaturalist.org/observations/34503063
COL_ANURA_0028,Dendropsophus bogerti,34359709,6.1845187721,-75.5068958384,65,2019-10-12,ohitsmari,interior,https://www.inaturalist.org/observations/34359709
COL_ANURA_0028,Dendropsophus bogerti,34340275,6.2347804806,-75.4833007604,9,2019-10-13,dabreua,interior,https://www.inaturalist.org/observations/34340275
COL_ANURA_0028,Dendropsophus bogerti,33406627,6.3268089084,-75.5653531835,10,2019-09-25,amesac,interior,https://www.inaturalist.org/observations/33406627
COL_ANURA_0028,Dendropsophus bogerti,33406088,6.3268454823,-75.5653850873,6,2019-09-25,amesac,interior,https://www.inaturalist.org/observations/33406088
COL_ANURA_0028,Dendropsophus bogerti,32582635,6.3336005529,-75.4825876801,2,2019-09-11,juliomontoyagio,interior,https://www.inaturalist.org/observations/32582635
COL_ANURA_0028,Dendropsophus bogerti,30485006,6.2688889,-75.5816667,2156,2018-11-24,santiagoroldan,interior,https://www.inaturalist.org/observations/30485006
COL_ANURA_0028,Dendropsophus bogerti,29034233,6.1039497185,-75.3864219737,61,2019-03-08,biottero,interior,https://www.inaturalist.org/observations/29034233
COL_ANURA_0028,Dendropsophus bogerti,26475723,6.2262801944,-75.5670776111,,2019-06-03,wilmar_agudelo,interior,https://www.inaturalist.org/observations/26475723
COL_ANURA_0028,Dendropsophus bogerti,26378349,6.168362146,-75.6275027152,15,2019-05-08,bastian_bumpkin,interior,https://www.inaturalist.org/observations/26378349
COL_ANURA_0028,Dendropsophus bogerti,26118244,6.1820775876,-75.5623663311,5,2019-05-31,diana345,interior,https://www.inaturalist.org/observations/26118244
COL_ANURA_0028,Dendropsophus bogerti,25711264,6.157919697,-75.6341797464,100,2019-04-28,luchogu,interior,https://www.inaturalist.org/observations/25711264
COL_ANURA_0028,Dendropsophus bogerti,25497509,6.157919697,-75.6341797464,100,2019-05-19,luchogu,interior,https://www.inaturalist.org/observations/25497509
COL_ANURA_0028,Dendropsophus bogerti,25037288,6.1551814167,-75.5877568333,,2018-12-10,ricardo_sanchez,interior,https://www.inaturalist.org/observations/25037288
COL_ANURA_0028,Dendropsophus bogerti,24610854,6.1099420215,-75.7139568172,1,2019-05-04,microteiido,interior,https://www.inaturalist.org/observations/24610854
COL_ANURA_0028,Dendropsophus bogerti,24256299,6.2714054383,-75.6673888117,17,2019-04-29,sebastianospina,interior,https://www.inaturalist.org/observations/24256299
COL_ANURA_0028,Dendropsophus bogerti,23478718,6.2649259685,-75.582184419,263,,luzmarina1,interior,https://www.inaturalist.org/observations/23478718
COL_ANURA_0028,Dendropsophus bogerti,23466796,6.2670941353,-75.5823822021,,2019-04-27,felipe171,interior,https://www.inaturalist.org/observations/23466796
COL_ANURA_0028,Dendropsophus bogerti,23064732,6.2705652647,-75.6656400114,11,2018-12-07,diana346,interior,https://www.inaturalist.org/observations/23064732
COL_ANURA_0028,Dendropsophus bogerti,22977580,6.3710170996,-75.4673013697,15,2019-04-18,dwkfoster,interior,https://www.inaturalist.org/observations/22977580
COL_ANURA_0028,Dendropsophus bogerti,22631474,6.2716366431,-75.6673751321,8,2018-12-21,sebastianospina,interior,https://www.inaturalist.org/observations/22631474
COL_ANURA_0028,Dendropsophus bogerti,22521024,6.1295471667,-75.42012,5,2019-04-13,miguelquinteroc,interior,https://www.inaturalist.org/observations/22521024
COL_ANURA_0028,Dendropsophus bogerti,22359404,6.327179,-75.5652039722,,2019-04-11,nestorleon,interior,https://www.inaturalist.org/observations/22359404
COL_ANURA_0028,Dendropsophus bogerti,22359402,6.327179,-75.5652039722,,2019-04-11,nestorleon,interior,https://www.inaturalist.org/observations/22359402
COL_ANURA_0028,Dendropsophus bogerti,21888552,6.157919697,-75.6341797464,100,2019-02-16,luchogu,interior,https://www.inaturalist.org/observations/21888552
COL_ANURA_0028,Dendropsophus bogerti,21122296,6.1822223663,-75.5627746582,,2019-03-10,maisasa,interior,https://www.inaturalist.org/observations/21122296
COL_ANURA_0028,Dendropsophus bogerti,20767261,6.1605936492,-75.3613525451,244,2018-12-18,alejandro09,interior,https://www.inaturalist.org/observations/20767261
COL_ANURA_0028,Dendropsophus bogerti,19430645,6.282222271,-75.3558349609,,2019-01-04,smejiadu,interior,https://www.inaturalist.org/observations/19430645
COL_ANURA_0028,Dendropsophus bogerti,19304565,6.069978739,-75.3725677729,33,2018-12-30,mateogarciameja,interior,https://www.inaturalist.org/observations/19304565
COL_ANURA_0028,Dendropsophus bogerti,19200244,6.0581175503,-75.5102110196,165,2018-12-24,pablo171,interior,https://www.inaturalist.org/observations/19200244
COL_ANURA_0028,Dendropsophus bogerti,18952479,6.3741125276,-75.4665228907,4,2018-12-09,dwkfoster,interior,https://www.inaturalist.org/observations/18952479
COL_ANURA_0028,Dendropsophus bogerti,18810109,6.133574,-75.667985,61,2015-11-14,wilmar_agudelo,interior,https://www.inaturalist.org/observations/18810109
COL_ANURA_0028,Dendropsophus bogerti,18792878,6.2971742278,-75.4715910217,15,2018-12-02,sesernam,interior,https://www.inaturalist.org/observations/18792878
COL_ANURA_0028,Dendropsophus bogerti,18778554,6.0509881244,-75.7538669194,12,2018-12-02,checho,interior,https://www.inaturalist.org/observations/18778554
COL_ANURA_0028,Dendropsophus bogerti,18463154,6.1940025287,-75.3478520946,0,2018-03-11,khristimantis,interior,https://www.inaturalist.org/observations/18463154
COL_ANURA_0028,Dendropsophus bogerti,17051772,6.1372603899,-75.3878874213,157,2018-09-29,eospina1,interior,https://www.inaturalist.org/observations/17051772
COL_ANURA_0028,Dendropsophus bogerti,16985812,6.1529644274,-75.404855004,31,2018-09-20,miguelangeljimnezgarca,interior,https://www.inaturalist.org/observations/16985812
COL_ANURA_0028,Dendropsophus bogerti,16922650,6.1321556251,-75.6688452305,,2018-09-23,sesernam,interior,https://www.inaturalist.org/observations/16922650
COL_ANURA_0028,Dendropsophus bogerti,16913843,6.4861111641,-75.5744476318,,2018-09-16,veronicalondoo,interior,https://www.inaturalist.org/observations/16913843
COL_ANURA_0028,Dendropsophus bogerti,16907897,6.0318012773,-75.6028913254,31,2018-09-22,sesernam,interior,https://www.inaturalist.org/observations/16907897
COL_ANURA_0028,Dendropsophus bogerti,16903449,6.1647106548,-75.2734348923,61,2018-09-08,julianbiol,interior,https://www.inaturalist.org/observations/16903449
COL_ANURA_0028,Dendropsophus bogerti,16701886,6.1677626,-75.2778241,211,2018-09-08,camilojotage,interior,https://www.inaturalist.org/observations/16701886
COL_ANURA_0028,Dendropsophus bogerti,16701882,6.1677626,-75.2778241,211,2018-09-08,camilojotage,interior,https://www.inaturalist.org/observations/16701882
COL_ANURA_0028,Dendropsophus bogerti,16701881,6.1677626,-75.2778241,211,2018-09-08,camilojotage,interior,https://www.inaturalist.org/observations/16701881
COL_ANURA_0028,Dendropsophus bogerti,16701880,6.1677626,-75.2778241,211,2018-09-08,camilojotage,interior,https://www.inaturalist.org/observations/16701880
COL_ANURA_0028,Dendropsophus bogerti,9888815,6.1794455035,-75.5675160885,4,2018-02-01,camilojotage,interior,https://www.inaturalist.org/observations/9888815
COL_ANURA_0028,Dendropsophus bogerti,9744960,6.157919697,-75.6341797464,100,2015-04-04,luchogu,interior,https://www.inaturalist.org/observations/9744960
COL_ANURA_0028,Dendropsophus bogerti,9607633,6.157919697,-75.6341797464,100,2013-10-06,luchogu,interior,https://www.inaturalist.org/observations/9607633
COL_ANURA_0028,Dendropsophus bogerti,9607578,6.157919697,-75.6341797464,100,2013-09-15,luchogu,interior,https://www.inaturalist.org/observations/9607578
COL_ANURA_0028,Dendropsophus bogerti,9243241,6.1770292268,-75.6748630906,99,2017-12-23,brandonzuluaga,interior,https://www.inaturalist.org/observations/9243241
COL_ANURA_0028,Dendropsophus bogerti,9141438,6.1233038,-75.6025613,,2015-09-04,microteiido,interior,https://www.inaturalist.org/observations/9141438
COL_ANURA_0028,Dendropsophus bogerti,8615225,6.0859614361,-75.810982882,4,2017-10-06,camilojotage,interior,https://www.inaturalist.org/observations/8615225
COL_ANURA_0028,Dendropsophus bogerti,8615224,6.0855773747,-75.810875594,4,2017-10-06,camilojotage,interior,https://www.inaturalist.org/observations/8615224
COL_ANURA_0028,Dendropsophus bogerti,8615223,6.0855616606,-75.8108777144,20,2017-10-06,camilojotage,interior,https://www.inaturalist.org/observations/8615223
COL_ANURA_0028,Dendropsophus bogerti,7954772,6.3032560264,-75.9550631046,15,2017-09-12,camilojotage,interior,https://www.inaturalist.org/observations/7954772
COL_ANURA_0028,Dendropsophus bogerti,7867926,6.2238497768,-75.5667945209,112,2015-09-11,camilojotage,interior,https://www.inaturalist.org/observations/7867926
COL_ANURA_0028,Dendropsophus bogerti,7625190,5.9513373244,-75.729009211,11,2017-07-29,camilojotage,interior,https://www.inaturalist.org/observations/7625190
COL_ANURA_0028,Dendropsophus bogerti,7349775,5.9517891748,-75.729906074,43,2017-07-29,camilojotage,interior,https://www.inaturalist.org/observations/7349775
COL_ANURA_0028,Dendropsophus bogerti,7349539,5.9510965347,-75.7288970947,,2017-07-31,camilojotage,interior,https://www.inaturalist.org/observations/7349539
COL_ANURA_0028,Dendropsophus bogerti,6927436,6.156974,-75.040628,40,2017-05-23,microteiido,interior,https://www.inaturalist.org/observations/6927436
COL_ANURA_0028,Dendropsophus bogerti,6927404,6.12688,-75.10704,,2017-02-21,microteiido,interior,https://www.inaturalist.org/observations/6927404
COL_ANURA_0028,Dendropsophus bogerti,6661643,6.0102541433,-75.3336971998,4,2017-05-01,biottero,interior,https://www.inaturalist.org/observations/6661643
COL_ANURA_0028,Dendropsophus bogerti,6347293,6.2242656078,-75.5682376219,17,2016-02-11,camilojotage,interior,https://www.inaturalist.org/observations/6347293
COL_ANURA_0028,Dendropsophus bogerti,3140887,6.6058326907,-75.6664721668,459,2016-02-23,hectoralbeiro,interior,http://www.inaturalist.org/observations/3140887
COL_ANURA_0028,Dendropsophus bogerti,39425,6.6742407955,-75.6750297546,,2009-01-29,estebanalzate,interior,http://www.inaturalist.org/observations/39425
COL_ANURA_0028,Dendropsophus bogerti,39423,6.6742407955,-75.6750297546,,2009-01-29,estebanalzate,interior,http://www.inaturalist.org/observations/39423
COL_ANURA_0028,Dendropsophus bogerti,39422,6.15,-75.6,,2009-01-15,estebanalzate,interior,http://www.inaturalist.org/observations/39422
COL_ANURA_0028,Dendropsophus bogerti,39199,6.4667,-75.62287,,,biodiversitario,interior,http://www.inaturalist.org/observations/39199
COL_ANURA_0028,Dendropsophus bogerti,38866,6.0271282674,-75.5948638916,,2011-09-10,estebanalzate,interior,http://www.inaturalist.org/observations/38866
COL_ANURA_0007,Pristimantis achatinus,397464873,6.2079342,-75.5528020997,,2026-09-05,isabeltoro,interior,https://www.inaturalist.org/observations/397464873
COL_ANURA_0007,Pristimantis achatinus,396973835,5.5393311859,-75.8034351468,31,2026-09-03,fundacion_proaves,interior,https://www.inaturalist.org/observations/396973835
COL_ANURA_0007,Pristimantis achatinus,396812220,6.1933550833,-75.6285552778,,2026-09-02,jjacevedor,interior,https://www.inaturalist.org/observations/396812220
COL_ANURA_0007,Pristimantis achatinus,395514879,6.20824,-75.5527966667,8,2026-08-29,clara_ines5,interior,https://www.inaturalist.org/observations/395514879
COL_ANURA_0007,Pristimantis achatinus,389110174,5.6033763304,-75.8468369257,9,2026-06-10,danielmesa1,interior,https://www.inaturalist.org/observations/389110174
COL_ANURA_0007,Pristimantis achatinus,387606060,6.2178102578,-75.6070662662,216,2026-08-02,dreamyandrea,interior,https://www.inaturalist.org/observations/387606060
COL_ANURA_0007,Pristimantis achatinus,387410237,6.1353958514,-75.5751669492,61,2026-07-18,bowserjk,interior,https://www.inaturalist.org/observations/387410237
COL_ANURA_0007,Pristimantis achatinus,387080087,6.2693604914,-75.5648496374,373,2026-07-22,yohana20076,interior,https://www.inaturalist.org/observations/387080087
COL_ANURA_0007,Pristimantis achatinus,386024825,5.5963915718,-75.8213405684,211,2026-02-15,simon_cardona_zapata,interior,https://www.inaturalist.org/observations/386024825
COL_ANURA_0007,Pristimantis achatinus,384165318,6.2703194444,-75.5644444444,,2026-07-22,tene_19,interior,https://www.inaturalist.org/observations/384165318
COL_ANURA_0007,Pristimantis achatinus,384089493,6.1308638333,-75.6197966667,4,2026-07-19,curly_rt6919,interior,https://www.inaturalist.org/observations/384089493
COL_ANURA_0007,Pristimantis achatinus,381567350,5.6505883333,-75.7099383333,3,2026-07-14,alicia_leguizamon,interior,https://www.inaturalist.org/observations/381567350
COL_ANURA_0007,Pristimantis achatinus,381497230,5.5389928034,-75.8036141843,63,2026-07-14,fundacion_proaves,interior,https://www.inaturalist.org/observations/381497230
COL_ANURA_0007,Pristimantis achatinus,379403857,5.6771323783,-75.9954297636,5,2026-07-08,julian81161,interior,https://www.inaturalist.org/observations/379403857
COL_ANURA_0007,Pristimantis achatinus,379198746,6.1592083333,-75.5717083333,12,2026-07-07,emi_bonnett,interior,https://www.inaturalist.org/observations/379198746
COL_ANURA_0007,Pristimantis achatinus,379068329,5.7590133333,-76.001525,3,2026-07-07,mariagudelo,interior,https://www.inaturalist.org/observations/379068329
COL_ANURA_0007,Pristimantis achatinus,375083608,5.62465,-75.7118383333,15,2026-06-24,alicia_leguizamon,interior,https://www.inaturalist.org/observations/375083608
COL_ANURA_0007,Pristimantis achatinus,371839928,6.164034,-75.6289089722,,2026-06-05,margaritarosa97,interior,https://www.inaturalist.org/observations/371839928
COL_ANURA_0007,Pristimantis achatinus,368492309,6.1746676997,-75.5791267997,,2026-06-04,juan_camilo95081,interior,https://www.inaturalist.org/observations/368492309
COL_ANURA_0007,Pristimantis achatinus,364095160,6.2188811,-75.6092521,,2026-05-22,dreamyandrea,interior,https://www.inaturalist.org/observations/364095160
COL_ANURA_0007,Pristimantis achatinus,359867812,5.8660850278,-75.57097625,,2026-05-06,jjacevedor,interior,https://www.inaturalist.org/observations/359867812
COL_ANURA_0007,Pristimantis achatinus,357587028,6.1832833333,-75.6656883333,4,2026-05-02,rbedoyaz,interior,https://www.inaturalist.org/observations/357587028
COL_ANURA_0007,Pristimantis achatinus,355609104,6.2067618733,-75.6335509849,3,2026-04-27,jhonalexariasmolina,interior,https://www.inaturalist.org/observations/355609104
COL_ANURA_0007,Pristimantis achatinus,353000695,6.210025,-75.5523083333,13,2026-04-24,juanmi2004,interior,https://www.inaturalist.org/observations/353000695
COL_ANURA_0007,Pristimantis achatinus,353000323,6.20995,-75.5521783333,14,2026-04-24,juanmi2004,interior,https://www.inaturalist.org/observations/353000323
COL_ANURA_0007,Pristimantis achatinus,352787160,6.2083123458,-75.5531963768,35,2026-04-24,veronicaib0524,interior,https://www.inaturalist.org/observations/352787160
COL_ANURA_0007,Pristimantis achatinus,352762504,6.20805906,-75.55297653,4,2026-04-24,sebastian1145,interior,https://www.inaturalist.org/observations/352762504
COL_ANURA_0007,Pristimantis achatinus,350600325,7.5715936469,-76.7072762176,309,,nelson_enrrique,interior,https://www.inaturalist.org/observations/350600325
COL_ANURA_0007,Pristimantis achatinus,342487125,6.1963078512,-75.5631962875,34,2026-03-09,birdsoftheneotropics,interior,https://www.inaturalist.org/observations/342487125
COL_ANURA_0007,Pristimantis achatinus,342324121,6.2498213889,-74.9597997222,,2026-03-10,paulina68639,interior,https://www.inaturalist.org/observations/342324121
COL_ANURA_0007,Pristimantis achatinus,342278747,6.2498413889,-74.95979,,2026-03-10,estefa5,interior,https://www.inaturalist.org/observations/342278747
COL_ANURA_0007,Pristimantis achatinus,342237604,5.6917683186,-75.881538113,13,2026-03-06,ldmontoya,interior,https://www.inaturalist.org/observations/342237604
COL_ANURA_0007,Pristimantis achatinus,341806520,6.358005176,-75.5901621214,4,2022-04-26,biottero,interior,https://www.inaturalist.org/observations/341806520
COL_ANURA_0007,Pristimantis achatinus,341806514,6.4237693328,-75.3819780116,2,2022-08-29,biottero,interior,https://www.inaturalist.org/observations/341806514
COL_ANURA_0007,Pristimantis achatinus,341356610,6.1453626,-75.6217012997,,2026-03-03,catalina159,interior,https://www.inaturalist.org/observations/341356610
COL_ANURA_0007,Pristimantis achatinus,339944172,5.7998757567,-75.8377979618,2,2021-01-13,khristimantis,interior,https://www.inaturalist.org/observations/339944172
COL_ANURA_0007,Pristimantis achatinus,339944171,5.7997832251,-75.8380742398,2,2021-01-13,khristimantis,interior,https://www.inaturalist.org/observations/339944171
COL_ANURA_0007,Pristimantis achatinus,338241569,5.6174025669,-75.8356960863,437,2026-02-05,felipe_uribe85,interior,https://www.inaturalist.org/observations/338241569
COL_ANURA_0007,Pristimantis achatinus,338209951,5.5965645,-75.8211522,,2026-02-06,danielmesa1,interior,https://www.inaturalist.org/observations/338209951
COL_ANURA_0007,Pristimantis achatinus,337907182,5.5969816574,-75.8217207354,9,2026-01-28,danielmesa1,interior,https://www.inaturalist.org/observations/337907182
COL_ANURA_0007,Pristimantis achatinus,335160467,6.17227,-75.5787666667,15,2026-01-17,davidtrs,interior,https://www.inaturalist.org/observations/335160467
COL_ANURA_0007,Pristimantis achatinus,329528037,5.7961370179,-76.0681395013,38,2025-11-30,danielmesa1,interior,https://www.inaturalist.org/observations/329528037
COL_ANURA_0007,Pristimantis achatinus,327968755,6.1587222222,-75.5723777778,,2025-11-02,caritosaurio,interior,https://www.inaturalist.org/observations/327968755
COL_ANURA_0007,Pristimantis achatinus,325745906,5.6668551066,-75.7403308153,5,2025-11-08,sebastian1145,interior,https://www.inaturalist.org/observations/325745906
COL_ANURA_0007,Pristimantis achatinus,325118082,5.856180555,-76.095780555,,2025-02-08,bioexploradoresfarallones,interior,https://www.inaturalist.org/observations/325118082
COL_ANURA_0007,Pristimantis achatinus,324946610,5.695954,-75.7267619722,,2025-11-04,sebastian1145,interior,https://www.inaturalist.org/observations/324946610
COL_ANURA_0007,Pristimantis achatinus,324946425,5.6951869722,-75.726054,,2025-11-04,sebastian1145,interior,https://www.inaturalist.org/observations/324946425
COL_ANURA_0007,Pristimantis achatinus,324417595,5.6403823602,-75.7220381498,7,2025-10-31,natalia_ramirez96,interior,https://www.inaturalist.org/observations/324417595
COL_ANURA_0007,Pristimantis achatinus,324001659,6.2262781062,-75.5717281625,129,,oscarivanov,interior,https://www.inaturalist.org/observations/324001659
COL_ANURA_0007,Pristimantis achatinus,323708897,6.2702917778,-75.5638351389,,2025-10-24,melany41,interior,https://www.inaturalist.org/observations/323708897
COL_ANURA_0007,Pristimantis achatinus,323093597,6.2705969254,-75.5638907477,373,2025-10-24,maria_alejandra82887,interior,https://www.inaturalist.org/observations/323093597
COL_ANURA_0007,Pristimantis achatinus,322999167,6.2688444444,-75.5649666667,,2025-10-24,uriel46328,interior,https://www.inaturalist.org/observations/322999167
COL_ANURA_0007,Pristimantis achatinus,322906993,6.2693604914,-75.5648496374,373,2025-10-24,sofia60715,interior,https://www.inaturalist.org/observations/322906993
COL_ANURA_0007,Pristimantis achatinus,322904530,6.2702188,-75.5637880997,,2025-10-24,erika57177,interior,https://www.inaturalist.org/observations/322904530
COL_ANURA_0007,Pristimantis achatinus,322901676,5.5975570269,-75.8179906471,4,2024-06-02,erikpalacio_92,interior,https://www.inaturalist.org/observations/322901676
COL_ANURA_0007,Pristimantis achatinus,322878547,6.2706333333,-75.5639033333,6,2025-10-24,maria_isa,interior,https://www.inaturalist.org/observations/322878547
COL_ANURA_0007,Pristimantis achatinus,322873553,6.2695574717,-75.5643627449,43,2025-10-24,tatianaquiramaq,interior,https://www.inaturalist.org/observations/322873553
COL_ANURA_0007,Pristimantis achatinus,322872448,6.270705,-75.56302,18,2025-10-24,maria_isa,interior,https://www.inaturalist.org/observations/322872448
COL_ANURA_0007,Pristimantis achatinus,322870832,6.2701979889,-75.5637979773,39,2025-10-24,zahra96109,interior,https://www.inaturalist.org/observations/322870832
COL_ANURA_0007,Pristimantis achatinus,322870813,6.2703402015,-75.5637741826,44,2025-10-24,zahra96109,interior,https://www.inaturalist.org/observations/322870813
COL_ANURA_0007,Pristimantis achatinus,322870762,6.2715167692,-75.5643462204,45,2025-10-24,zahra96109,interior,https://www.inaturalist.org/observations/322870762
COL_ANURA_0007,Pristimantis achatinus,322867442,6.2693604914,-75.5648496374,373,2025-10-24,jaqueline14589,interior,https://www.inaturalist.org/observations/322867442
COL_ANURA_0007,Pristimantis achatinus,322864949,6.2693604914,-75.5648496374,373,2025-10-24,onomator,interior,https://www.inaturalist.org/observations/322864949
COL_ANURA_0007,Pristimantis achatinus,322479571,6.1453189722,-75.6216189722,,2025-10-22,catalina159,interior,https://www.inaturalist.org/observations/322479571
COL_ANURA_0007,Pristimantis achatinus,322304404,6.1453657036,-75.6216165796,25,2025-10-14,catalina159,interior,https://www.inaturalist.org/observations/322304404
COL_ANURA_0007,Pristimantis achatinus,321724194,5.8821271425,-75.5740757659,27,2025-10-16,vaschomero,interior,https://www.inaturalist.org/observations/321724194
COL_ANURA_0007,Pristimantis achatinus,318550131,6.1454030387,-75.6216249615,37,2025-09-26,catalina159,interior,https://www.inaturalist.org/observations/318550131
COL_ANURA_0007,Pristimantis achatinus,318069713,5.9380594252,-75.4607889801,268,2025-06-15,juancarmona,interior,https://www.inaturalist.org/observations/318069713
COL_ANURA_0007,Pristimantis achatinus,315634866,5.6523263417,-75.7192151248,1091,2025-09-21,rojo_pajarero,interior,https://www.inaturalist.org/observations/315634866
COL_ANURA_0007,Pristimantis achatinus,313693381,6.049193,-75.627588,900,2025-09-13,phoekman,interior,https://www.inaturalist.org/observations/313693381
COL_ANURA_0007,Pristimantis achatinus,310681574,6.3933954434,-75.4164245725,53,2022-10-08,sebastian092007,interior,https://www.inaturalist.org/observations/310681574
COL_ANURA_0007,Pristimantis achatinus,310679967,6.3925954513,-75.4155900702,66,2023-01-07,sebastian092007,interior,https://www.inaturalist.org/observations/310679967
COL_ANURA_0007,Pristimantis achatinus,310272668,6.0914790431,-75.6352710351,2929,2025-08-17,lilycoris600,interior,https://www.inaturalist.org/observations/310272668
COL_ANURA_0007,Pristimantis achatinus,309900179,6.0914790431,-75.6352710351,2929,2025-08-17,lilycoris600,interior,https://www.inaturalist.org/observations/309900179
COL_ANURA_0007,Pristimantis achatinus,309476983,6.2078821251,-75.5523931964,19,2025-08-27,danihinca,interior,https://www.inaturalist.org/observations/309476983
COL_ANURA_0007,Pristimantis achatinus,304267751,5.4959933333,-75.8891133333,,2020-06-27,bioconservancy,interior,https://www.inaturalist.org/observations/304267751
COL_ANURA_0007,Pristimantis achatinus,301236122,6.2705299722,-75.564546,,2025-07-24,catalina159,interior,https://www.inaturalist.org/observations/301236122
COL_ANURA_0007,Pristimantis achatinus,300990978,6.269841068,-75.5634974688,417,2025-07-24,mariapaulao,interior,https://www.inaturalist.org/observations/300990978
COL_ANURA_0007,Pristimantis achatinus,300833233,6.2693604914,-75.5648496374,505,2025-07-24,juand20,interior,https://www.inaturalist.org/observations/300833233
COL_ANURA_0007,Pristimantis achatinus,291335627,5.6679916667,-75.7175133333,13,2025-06-18,gustavo57797,interior,https://www.inaturalist.org/observations/291335627
COL_ANURA_0007,Pristimantis achatinus,290412578,6.2143406,-75.5661925,,2025-06-17,dwkfoster,interior,https://www.inaturalist.org/observations/290412578
COL_ANURA_0007,Pristimantis achatinus,289972393,6.1390404,-75.5694433,,2023-11-16,ana_maria67022,interior,https://www.inaturalist.org/observations/289972393
COL_ANURA_0007,Pristimantis achatinus,285999730,5.746625,-75.6919266667,2,2025-06-01,alexandra92835,interior,https://www.inaturalist.org/observations/285999730
COL_ANURA_0007,Pristimantis achatinus,284167549,6.3738077,-75.7158553,385,2025-05-04,mangelamaya17,interior,https://www.inaturalist.org/observations/284167549
COL_ANURA_0007,Pristimantis achatinus,277249811,5.5959120763,-75.8113251999,15,2025-04-25,danielmesa1,interior,https://www.inaturalist.org/observations/277249811
COL_ANURA_0007,Pristimantis achatinus,274874581,6.1183313767,-75.6214137375,221,2025-04-27,yaircristinacoloradolpez,interior,https://www.inaturalist.org/observations/274874581
COL_ANURA_0007,Pristimantis achatinus,274797854,6.1183313767,-75.6214137375,221,2025-04-27,maricela45763,interior,https://www.inaturalist.org/observations/274797854
COL_ANURA_0007,Pristimantis achatinus,269794311,6.1891036846,-75.5649230629,32,2025-04-02,smejiadu,interior,https://www.inaturalist.org/observations/269794311
COL_ANURA_0007,Pristimantis achatinus,267758732,6.1264082,-75.6017712997,,2025-03-29,catalina159,interior,https://www.inaturalist.org/observations/267758732
COL_ANURA_0007,Pristimantis achatinus,263936855,5.7956284,-75.787767,,2025-03-04,dallen-webster,interior,https://www.inaturalist.org/observations/263936855
COL_ANURA_0007,Pristimantis achatinus,263321617,6.1453025997,-75.6216780997,,2025-02-27,catalina159,interior,https://www.inaturalist.org/observations/263321617
COL_ANURA_0007,Pristimantis achatinus,262585532,6.1453230997,-75.6217244997,,2025-02-21,catalina159,interior,https://www.inaturalist.org/observations/262585532
COL_ANURA_0007,Pristimantis achatinus,261532561,5.8564795682,-76.0963390768,238,2025-02-08,danielmesa1,interior,https://www.inaturalist.org/observations/261532561
COL_ANURA_0007,Pristimantis achatinus,261417623,5.856809759,-76.096005477,211,2025-02-08,danielmesa1,interior,https://www.inaturalist.org/observations/261417623
COL_ANURA_0007,Pristimantis achatinus,261395736,5.8565783333,-76.0960611667,4,2025-02-08,alpineflora,interior,https://www.inaturalist.org/observations/261395736
COL_ANURA_0007,Pristimantis achatinus,261388320,5.8562533333,-76.0957861667,4,2025-02-08,alpineflora,interior,https://www.inaturalist.org/observations/261388320
COL_ANURA_0007,Pristimantis achatinus,261310045,5.8569666667,-76.0944278333,4,2025-02-10,alpineflora,interior,https://www.inaturalist.org/observations/261310045
COL_ANURA_0007,Pristimantis achatinus,261134262,6.157919697,-75.6341797464,100,2025-02-03,luchogu,interior,https://www.inaturalist.org/observations/261134262
COL_ANURA_0007,Pristimantis achatinus,261116013,6.1679888,-75.5557075,,2025-02-08,danielalvarez1980,interior,https://www.inaturalist.org/observations/261116013
COL_ANURA_0007,Pristimantis achatinus,260922410,5.6652916788,-75.7211557031,509,2024-08-17,coloradoiral,interior,https://www.inaturalist.org/observations/260922410
COL_ANURA_0007,Pristimantis achatinus,260867612,6.2088813061,-75.5533369258,213,2025-02-06,sofiatc,interior,https://www.inaturalist.org/observations/260867612
COL_ANURA_0007,Pristimantis achatinus,259650982,5.791434186,-75.7847260684,1279,2025-01-25,caroposso,interior,https://www.inaturalist.org/observations/259650982
COL_ANURA_0007,Pristimantis achatinus,258618777,6.1651583333,-75.6562333333,,2025-01-15,jose_david11699,interior,https://www.inaturalist.org/observations/258618777
COL_ANURA_0007,Pristimantis achatinus,257889645,6.1278402341,-75.6016907841,2102,2025-01-05,gero_y_ya,interior,https://www.inaturalist.org/observations/257889645
COL_ANURA_0007,Pristimantis achatinus,257664826,5.6884732085,-75.8877544377,25,2025-01-06,ldmontoya,interior,https://www.inaturalist.org/observations/257664826
COL_ANURA_0007,Pristimantis achatinus,257662864,5.6885296545,-75.8877134402,25,2025-01-06,ldmontoya,interior,https://www.inaturalist.org/observations/257662864
COL_ANURA_0007,Pristimantis achatinus,257662485,5.5960632326,-75.8116708696,6,2025-01-06,danielmesa1,interior,https://www.inaturalist.org/observations/257662485
COL_ANURA_0007,Pristimantis achatinus,257291168,5.7186002146,-75.7515795454,4,2025-01-01,ldmontoya,interior,https://www.inaturalist.org/observations/257291168
COL_ANURA_0007,Pristimantis achatinus,256769682,6.1267634788,-75.5884902924,4031,2024-12-18,gero_y_ya,interior,https://www.inaturalist.org/observations/256769682
COL_ANURA_0007,Pristimantis achatinus,255934414,5.5801312147,-75.8292141929,223,2024-12-22,danielmesa1,interior,https://www.inaturalist.org/observations/255934414
COL_ANURA_0007,Pristimantis achatinus,254252918,5.6645800274,-75.7529107109,117,2024-11-26,maximiliano97155,interior,https://www.inaturalist.org/observations/254252918
COL_ANURA_0007,Pristimantis achatinus,253941949,5.6796799928,-75.7661816105,8,2024-12-02,martin22710,interior,https://www.inaturalist.org/observations/253941949
COL_ANURA_0007,Pristimantis achatinus,253672130,5.667610128,-75.7246147469,178,2022-08-09,pajariando,interior,https://www.inaturalist.org/observations/253672130
COL_ANURA_0007,Pristimantis achatinus,253222774,5.6647717114,-75.7528265415,20,2024-11-26,kellybrujadelmonte,interior,https://www.inaturalist.org/observations/253222774
COL_ANURA_0007,Pristimantis achatinus,252341594,6.1433042547,-75.611297439,29,2024-11-19,vagomezc,interior,https://www.inaturalist.org/observations/252341594
COL_ANURA_0007,Pristimantis achatinus,252203517,5.9749662,-75.66191584,9,2024-11-18,alan_rockefeller,interior,https://www.inaturalist.org/observations/252203517
COL_ANURA_0007,Pristimantis achatinus,250993829,5.795594,-76.067331,200,2023-09-21,marisol_lon,interior,https://www.inaturalist.org/observations/250993829
COL_ANURA_0007,Pristimantis achatinus,250993823,5.795594,-76.067331,200,2023-09-21,marisol_lon,interior,https://www.inaturalist.org/observations/250993823
COL_ANURA_0007,Pristimantis achatinus,250993821,5.795594,-76.067331,200,2023-09-21,marisol_lon,interior,https://www.inaturalist.org/observations/250993821
COL_ANURA_0007,Pristimantis achatinus,250993820,5.795594,-76.067331,200,2023-09-21,marisol_lon,interior,https://www.inaturalist.org/observations/250993820
COL_ANURA_0007,Pristimantis achatinus,250993819,5.795594,-76.067331,200,2023-09-21,marisol_lon,interior,https://www.inaturalist.org/observations/250993819
COL_ANURA_0007,Pristimantis achatinus,250162079,6.157919697,-75.6341797464,100,2015-08-17,luchogu,interior,https://www.inaturalist.org/observations/250162079
COL_ANURA_0007,Pristimantis achatinus,249094854,6.2348449722,-75.5592599722,,2024-10-25,alguzcu,interior,https://www.inaturalist.org/observations/249094854
COL_ANURA_0007,Pristimantis achatinus,242400558,6.1337626,-75.6397818,,2024-08-02,juandgil,interior,https://www.inaturalist.org/observations/242400558
COL_ANURA_0007,Pristimantis achatinus,239687726,6.157919697,-75.6341797464,100,2014-07-06,luchogu,interior,https://www.inaturalist.org/observations/239687726
COL_ANURA_0007,Pristimantis achatinus,238959442,5.5957744444,-75.8095041667,,2024-08-30,danielmesa1,interior,https://www.inaturalist.org/observations/238959442
COL_ANURA_0007,Pristimantis achatinus,237779948,6.123145,-75.600789,,2024-08-24,pabloct,interior,https://www.inaturalist.org/observations/237779948
COL_ANURA_0007,Pristimantis achatinus,236152027,6.157919697,-75.6341797464,100,2014-11-02,luchogu,interior,https://www.inaturalist.org/observations/236152027
COL_ANURA_0007,Pristimantis achatinus,224768196,6.3330420132,-75.3071902692,21,2024-03-26,barinasuchus_arveloi,interior,https://www.inaturalist.org/observations/224768196
COL_ANURA_0007,Pristimantis achatinus,224491723,6.2140664,-75.5661247997,,2024-06-22,dwkfoster,interior,https://www.inaturalist.org/observations/224491723
COL_ANURA_0007,Pristimantis achatinus,222026233,6.2377025,-75.56369675,,2024-05-29,javier_arturo,interior,https://www.inaturalist.org/observations/222026233
COL_ANURA_0007,Pristimantis achatinus,219201946,6.028861063,-75.5958506092,406,2023-06-18,luisyferagudelo,interior,https://www.inaturalist.org/observations/219201946
COL_ANURA_0007,Pristimantis achatinus,213319201,6.0914795,-75.635271,2926,2024-05-03,johnwilmar,interior,https://www.inaturalist.org/observations/213319201
COL_ANURA_0007,Pristimantis achatinus,212409230,6.229595,-75.4713133333,17,2024-04-30,juanes0812,interior,https://www.inaturalist.org/observations/212409230
COL_ANURA_0007,Pristimantis achatinus,206855127,5.9737716667,-75.640555,4,2023-12-27,samuelbio,interior,https://www.inaturalist.org/observations/206855127
COL_ANURA_0007,Pristimantis achatinus,203967334,5.598813,-75.819817,1330,2024-03-01,alejandracastiblanco,interior,https://www.inaturalist.org/observations/203967334
COL_ANURA_0007,Pristimantis achatinus,202430124,5.7964677086,-76.0669151122,8,2017-12-17,bioexploradoresfarallones,interior,https://www.inaturalist.org/observations/202430124
COL_ANURA_0007,Pristimantis achatinus,202430074,5.7967504156,-76.0666098127,15,2017-12-17,bioexploradoresfarallones,interior,https://www.inaturalist.org/observations/202430074
COL_ANURA_0007,Pristimantis achatinus,201692184,5.8519403933,-76.1045700817,,2023-11-05,bioexploradoresfarallones,interior,https://www.inaturalist.org/observations/201692184
COL_ANURA_0007,Pristimantis achatinus,200665115,5.5948229722,-75.821605,,2024-02-27,danielmesa1,interior,https://www.inaturalist.org/observations/200665115
COL_ANURA_0007,Pristimantis achatinus,200055858,5.6921572922,-75.8823631704,31,2024-02-01,mcteo_vasquez,interior,https://www.inaturalist.org/observations/200055858
COL_ANURA_0007,Pristimantis achatinus,199369249,6.3434246924,-75.6905547157,410,2024-02-12,jose_alejandro74,interior,https://www.inaturalist.org/observations/199369249
COL_ANURA_0007,Pristimantis achatinus,198840452,5.8529114381,-76.1085917859,61,2024-01-08,bioexploradoresfarallones,interior,https://www.inaturalist.org/observations/198840452
COL_ANURA_0007,Pristimantis achatinus,197809809,5.5815860603,-75.8126237589,71,2023-12-28,justinsanclemente,interior,https://www.inaturalist.org/observations/197809809
COL_ANURA_0007,Pristimantis achatinus,197801638,5.66831,-75.72334,30,2024-01-04,felipe_barrerao,interior,https://www.inaturalist.org/observations/197801638
COL_ANURA_0007,Pristimantis achatinus,197748072,5.6581171,-75.7107988,,2023-12-26,felipe_barrerao,interior,https://www.inaturalist.org/observations/197748072
COL_ANURA_0007,Pristimantis achatinus,197747460,5.6621142,-75.7135263,,2023-12-26,felipe_barrerao,interior,https://www.inaturalist.org/observations/197747460
COL_ANURA_0007,Pristimantis achatinus,197171155,6.2077869545,-75.5623398122,14,2009-05-26,alberto_giordanelli,interior,https://www.inaturalist.org/observations/197171155
COL_ANURA_0007,Pristimantis achatinus,197079244,6.2077216667,-75.5624866667,24,2023-06-20,alberto_giordanelli,interior,https://www.inaturalist.org/observations/197079244
COL_ANURA_0007,Pristimantis achatinus,195034233,5.5342084627,-75.9613341049,22,2023-12-27,justinsanclemente,interior,https://www.inaturalist.org/observations/195034233
COL_ANURA_0007,Pristimantis achatinus,193737729,5.9731131334,-75.6411005825,13,2023-12-09,samuelbio,interior,https://www.inaturalist.org/observations/193737729
COL_ANURA_0007,Pristimantis achatinus,193737437,5.9731185712,-75.6411456973,4,2023-12-09,samuelbio,interior,https://www.inaturalist.org/observations/193737437
COL_ANURA_0007,Pristimantis achatinus,193381615,5.9636211881,-75.5233702809,685,2023-12-07,jose_alejandro74,interior,https://www.inaturalist.org/observations/193381615
COL_ANURA_0007,Pristimantis achatinus,193240569,6.214188,-75.5661759722,,2023-12-06,dwkfoster,interior,https://www.inaturalist.org/observations/193240569
COL_ANURA_0007,Pristimantis achatinus,192746663,6.1325813551,-75.6087847419,2,2023-11-05,hernanramirez,interior,https://www.inaturalist.org/observations/192746663
COL_ANURA_0007,Pristimantis achatinus,190703669,6.12784286,-75.58492742,9,2023-11-11,josemilla,interior,https://www.inaturalist.org/observations/190703669
COL_ANURA_0007,Pristimantis achatinus,188609731,6.3025728872,-75.527308099,7,2023-10-22,ana1124,interior,https://www.inaturalist.org/observations/188609731
COL_ANURA_0007,Pristimantis achatinus,187438808,5.9215886676,-75.6666383239,8,2023-09-23,andresr46,interior,https://www.inaturalist.org/observations/187438808
COL_ANURA_0007,Pristimantis achatinus,184201247,6.052882,-75.707748,100,2023-08-27,salamandrita,interior,https://www.inaturalist.org/observations/184201247
COL_ANURA_0007,Pristimantis achatinus,184201243,6.052882,-75.707748,100,2023-08-27,salamandrita,interior,https://www.inaturalist.org/observations/184201243
COL_ANURA_0007,Pristimantis achatinus,184201241,6.052882,-75.707748,100,2023-08-27,salamandrita,interior,https://www.inaturalist.org/observations/184201241
COL_ANURA_0007,Pristimantis achatinus,184201240,6.052882,-75.707748,100,2023-08-27,salamandrita,interior,https://www.inaturalist.org/observations/184201240
COL_ANURA_0007,Pristimantis achatinus,184199863,6.0528817528,-75.7077484431,100,2023-08-27,salamandrita,interior,https://www.inaturalist.org/observations/184199863
COL_ANURA_0007,Pristimantis achatinus,183289391,5.7474783333,-75.90467,4,2023-09-13,andi_cort,interior,https://www.inaturalist.org/observations/183289391
COL_ANURA_0007,Pristimantis achatinus,182616023,6.0772464212,-75.6155292632,133,2023-09-09,sebastian737,interior,https://www.inaturalist.org/observations/182616023
COL_ANURA_0007,Pristimantis achatinus,180754381,5.6180423081,-75.8353323865,4,2023-08-15,mateohernandezschmidt,interior,https://www.inaturalist.org/observations/180754381
COL_ANURA_0007,Pristimantis achatinus,180754376,5.6180364235,-75.8353355564,8,2023-08-15,mateohernandezschmidt,interior,https://www.inaturalist.org/observations/180754376
COL_ANURA_0007,Pristimantis achatinus,179374019,6.157919697,-75.6341797464,100,2019-03-24,luchogu,interior,https://www.inaturalist.org/observations/179374019
COL_ANURA_0007,Pristimantis achatinus,178884869,6.2699057225,-75.5642002076,509,2023-08-16,luisdacr,interior,https://www.inaturalist.org/observations/178884869
COL_ANURA_0007,Pristimantis achatinus,177116793,5.8530505467,-76.0990093783,,2023-05-28,bioexploradoresfarallones,interior,https://www.inaturalist.org/observations/177116793
COL_ANURA_0007,Pristimantis achatinus,177062985,6.1890082222,-75.6729431111,,2023-08-06,julianhurr,interior,https://www.inaturalist.org/observations/177062985
COL_ANURA_0007,Pristimantis achatinus,176323026,5.9284965518,-75.6715371832,2002,2023-08-02,veronica353,interior,https://www.inaturalist.org/observations/176323026
COL_ANURA_0007,Pristimantis achatinus,172968275,6.1059800284,-75.6123825793,244,2023-07-13,camilagonzalezm,interior,https://www.inaturalist.org/observations/172968275
COL_ANURA_0007,Pristimantis achatinus,172535892,6.0633237724,-75.7937681302,853,2023-07-06,tene_19,interior,https://www.inaturalist.org/observations/172535892
COL_ANURA_0007,Pristimantis achatinus,171806619,5.62088165,-75.8356286833,,2023-06-19,dbocanumenthe,interior,https://www.inaturalist.org/observations/171806619
COL_ANURA_0007,Pristimantis achatinus,171806618,5.6209633667,-75.83622135,,2023-06-19,dbocanumenthe,interior,https://www.inaturalist.org/observations/171806618
COL_ANURA_0007,Pristimantis achatinus,170794272,6.206999,-75.6155348,1299,2023-07-02,andres21244,interior,https://www.inaturalist.org/observations/170794272
COL_ANURA_0007,Pristimantis achatinus,170552040,6.3285525212,-75.5571323962,21,2023-07-01,mmgue,interior,https://www.inaturalist.org/observations/170552040
COL_ANURA_0007,Pristimantis achatinus,169858962,5.6209427183,-75.8362369783,,2023-06-19,sebastianberrio,interior,https://www.inaturalist.org/observations/169858962
COL_ANURA_0007,Pristimantis achatinus,167543246,6.0448916667,-75.8023916667,4,2023-06-15,juancaf10,interior,https://www.inaturalist.org/observations/167543246
COL_ANURA_0007,Pristimantis achatinus,165250025,6.3269784096,-75.5631093004,2,2023-06-02,amesac,interior,https://www.inaturalist.org/observations/165250025
COL_ANURA_0007,Pristimantis achatinus,165024595,5.5891333333,-75.81305,,2023-05-15,daytonsworld,interior,https://www.inaturalist.org/observations/165024595
COL_ANURA_0007,Pristimantis achatinus,164878299,5.5892361111,-75.8133222222,,2023-05-16,daytonsworld,interior,https://www.inaturalist.org/observations/164878299
COL_ANURA_0007,Pristimantis achatinus,160498388,5.5962975,-75.812296,,2023-05-07,danielmesa1,interior,https://www.inaturalist.org/observations/160498388
COL_ANURA_0007,Pristimantis achatinus,160497910,5.5960162,-75.8114113997,,2023-05-06,danielmesa1,interior,https://www.inaturalist.org/observations/160497910
COL_ANURA_0007,Pristimantis achatinus,159210946,5.5960739722,-75.8113079722,,2023-04-29,danielmesa1,interior,https://www.inaturalist.org/observations/159210946
COL_ANURA_0007,Pristimantis achatinus,158794540,6.2697697283,-75.5642613331,2,2023-04-28,anabenavides,interior,https://www.inaturalist.org/observations/158794540
COL_ANURA_0007,Pristimantis achatinus,158794526,6.2697697283,-75.5642613331,2,2023-04-28,anabenavides,interior,https://www.inaturalist.org/observations/158794526
COL_ANURA_0007,Pristimantis achatinus,158413129,6.206433809,-75.637781918,580,2023-04-29,david_alejandro_rendon,interior,https://www.inaturalist.org/observations/158413129
COL_ANURA_0007,Pristimantis achatinus,158125872,6.27046545,-75.56370445,136,2023-04-28,tatis95,interior,https://www.inaturalist.org/observations/158125872
COL_ANURA_0007,Pristimantis achatinus,157449640,6.2704739486,-75.5635648593,300,2023-04-28,sebs_,interior,https://www.inaturalist.org/observations/157449640
COL_ANURA_0007,Pristimantis achatinus,157424894,6.2705216667,-75.5637583333,14,2023-04-28,estefaniacb,interior,https://www.inaturalist.org/observations/157424894
COL_ANURA_0007,Pristimantis achatinus,157424102,6.2696833333,-75.5640866667,14,2023-04-28,estefaniacb,interior,https://www.inaturalist.org/observations/157424102
COL_ANURA_0007,Pristimantis achatinus,157423852,6.2695833333,-75.5641333333,14,2023-04-28,estefaniacb,interior,https://www.inaturalist.org/observations/157423852
COL_ANURA_0007,Pristimantis achatinus,157368850,6.269566,-75.564081,,2023-04-28,jose031083,interior,https://www.inaturalist.org/observations/157368850
COL_ANURA_0007,Pristimantis achatinus,157346249,6.2141488,-75.566496,,2023-04-28,dwkfoster,interior,https://www.inaturalist.org/observations/157346249
COL_ANURA_0007,Pristimantis achatinus,156759565,6.2370075,-75.5516879,511,2023-04-12,belengomezwiesner,interior,https://www.inaturalist.org/observations/156759565
COL_ANURA_0007,Pristimantis achatinus,156757960,6.23700754,-75.5516880378,511,2023-04-12,mariaantoniaalvarez,interior,https://www.inaturalist.org/observations/156757960
COL_ANURA_0007,Pristimantis achatinus,156756277,6.138691,-75.643664,2135,2023-04-12,flore_alvarez,interior,https://www.inaturalist.org/observations/156756277
COL_ANURA_0007,Pristimantis achatinus,156756093,6.1599447,-75.6448067,216,2023-04-12,mariana1160,interior,https://www.inaturalist.org/observations/156756093
COL_ANURA_0007,Pristimantis achatinus,153520895,6.11829899,-75.69504711,9,2023-04-04,josemilla,interior,https://www.inaturalist.org/observations/153520895
COL_ANURA_0007,Pristimantis achatinus,149051891,6.0458526361,-75.6193377078,135,2023-02-18,llimi,interior,https://www.inaturalist.org/observations/149051891
COL_ANURA_0007,Pristimantis achatinus,148834051,6.2647279083,-75.5833748736,38,2023-02-13,cerrostutelaresdemedellin,interior,https://www.inaturalist.org/observations/148834051
COL_ANURA_0007,Pristimantis achatinus,148024472,5.6174025669,-75.8356960863,437,2023-01-19,felipe_uribe85,interior,https://www.inaturalist.org/observations/148024472
COL_ANURA_0007,Pristimantis achatinus,147167792,5.8195599768,-76.102640863,,2023-01-07,pecosvalleydiamond,interior,https://www.inaturalist.org/observations/147167792
COL_ANURA_0007,Pristimantis achatinus,147167786,5.8132032552,-76.0990978273,,2023-01-07,pecosvalleydiamond,interior,https://www.inaturalist.org/observations/147167786
COL_ANURA_0007,Pristimantis achatinus,146861777,5.596985,-75.929545,,2023-01-08,sofia_garcia_17,interior,https://www.inaturalist.org/observations/146861777
COL_ANURA_0007,Pristimantis achatinus,145978763,6.264795,-75.5823366667,22,2023-01-04,cerrostutelaresdemedellin,interior,https://www.inaturalist.org/observations/145978763
COL_ANURA_0007,Pristimantis achatinus,145873660,5.852476,-76.0218469,2132,2022-06-05,biofotografo,interior,https://www.inaturalist.org/observations/145873660
COL_ANURA_0007,Pristimantis achatinus,145659539,6.27167,-75.6248083333,4,2022-12-29,cerrostutelaresdemedellin,interior,https://www.inaturalist.org/observations/145659539
COL_ANURA_0007,Pristimantis achatinus,145537026,7.1867059443,-76.3724817856,578,2020-02-23,estebanalzate,interior,https://www.inaturalist.org/observations/145537026
COL_ANURA_0007,Pristimantis achatinus,144946682,6.5113620055,-76.0611350834,1201,2022-12-22,higuita,interior,https://www.inaturalist.org/observations/144946682
COL_ANURA_0007,Pristimantis achatinus,144696339,5.574225,-75.80725,10,2021-02-22,mscompost,interior,https://www.inaturalist.org/observations/144696339
COL_ANURA_0007,Pristimantis achatinus,140036526,6.2101749,-75.4982476,264,2022-08-18,itadinag,interior,https://www.inaturalist.org/observations/140036526
COL_ANURA_0007,Pristimantis achatinus,139874210,6.2710916667,-75.62233,4,2022-09-27,cerrostutelaresdemedellin,interior,https://www.inaturalist.org/observations/139874210
COL_ANURA_0007,Pristimantis achatinus,139351004,6.1957361111,-75.5592833333,,2022-09-28,alexandraguerra,interior,https://www.inaturalist.org/observations/139351004
COL_ANURA_0007,Pristimantis achatinus,139181899,5.9639633196,-75.5208711326,685,2021-08-19,jose_alejandro74,interior,https://www.inaturalist.org/observations/139181899
COL_ANURA_0007,Pristimantis achatinus,133443976,6.3437737202,-75.5793878571,15,2022-08-28,guardabosques-silap-bello,interior,https://www.inaturalist.org/observations/133443976
COL_ANURA_0007,Pristimantis achatinus,133259174,6.4364226745,-75.3692093564,1660,2022-08-29,biottero,interior,https://www.inaturalist.org/observations/133259174
COL_ANURA_0007,Pristimantis achatinus,132232080,6.1006083333,-75.6507277778,,2022-07-10,gero_y_ya,interior,https://www.inaturalist.org/observations/132232080
COL_ANURA_0007,Pristimantis achatinus,131279232,6.1570624742,-75.6254186109,66,2022-08-17,nicozambranod98,interior,https://www.inaturalist.org/observations/131279232
COL_ANURA_0007,Pristimantis achatinus,130168773,6.1019855077,-75.6251648068,2926,2022-08-09,carolinagomezs,interior,https://www.inaturalist.org/observations/130168773
COL_ANURA_0007,Pristimantis achatinus,128842353,6.2333559842,-75.5625130981,200,2022-01-30,brayan_atehortua,interior,https://www.inaturalist.org/observations/128842353
COL_ANURA_0007,Pristimantis achatinus,128308399,6.271072835,-75.5630669743,211,2022-07-27,carolinagomezs,interior,https://www.inaturalist.org/observations/128308399
COL_ANURA_0007,Pristimantis achatinus,128161352,6.161248379,-75.6293949202,2,2022-07-24,edwinbermudezbarbaran,interior,https://www.inaturalist.org/observations/128161352
COL_ANURA_0007,Pristimantis achatinus,127762307,6.161304829,-75.6290847905,15,2022-07-24,angela_sierratuta,interior,https://www.inaturalist.org/observations/127762307
COL_ANURA_0007,Pristimantis achatinus,127713475,6.1616468523,-75.6288714953,457,2022-07-24,danielasalazarsuaza,interior,https://www.inaturalist.org/observations/127713475
COL_ANURA_0007,Pristimantis achatinus,127679033,6.1614109044,-75.6298774481,9,2022-07-24,paola705,interior,https://www.inaturalist.org/observations/127679033
COL_ANURA_0007,Pristimantis achatinus,127676253,6.1615724,-75.6298867,17,2022-07-24,playarica,interior,https://www.inaturalist.org/observations/127676253
COL_ANURA_0007,Pristimantis achatinus,127675610,6.1614661,-75.6299857,38,2022-07-24,carmen714,interior,https://www.inaturalist.org/observations/127675610
COL_ANURA_0007,Pristimantis achatinus,126851128,5.7866200951,-76.0157480035,15,2019-07-13,bioexploradoresfarallones,interior,https://www.inaturalist.org/observations/126851128
COL_ANURA_0007,Pristimantis achatinus,126656106,6.0751638333,-75.4618216667,4,2022-07-17,damuz,interior,https://www.inaturalist.org/observations/126656106
COL_ANURA_0007,Pristimantis achatinus,126536913,6.05207445,-75.60187,1611,2022-07-15,sergiopenagos,interior,https://www.inaturalist.org/observations/126536913
COL_ANURA_0007,Pristimantis achatinus,125842433,6.3638959017,-75.5870597373,8,2022-07-10,ricardo_sanchez,interior,https://www.inaturalist.org/observations/125842433
COL_ANURA_0007,Pristimantis achatinus,125818094,6.1013611111,-75.6521111111,,2022-07-10,gero_y_ya,interior,https://www.inaturalist.org/observations/125818094
COL_ANURA_0007,Pristimantis achatinus,125380085,5.7863099231,-76.0137260252,44,2020-10-29,bioexploradoresfarallones,interior,https://www.inaturalist.org/observations/125380085
COL_ANURA_0007,Pristimantis achatinus,125060527,6.1979286235,-75.5773595919,33,2022-06-28,alejo1ramirez,interior,https://www.inaturalist.org/observations/125060527
COL_ANURA_0007,Pristimantis achatinus,124916674,6.1815722211,-75.5640339106,30,2022-07-05,tomasechavarria,interior,https://www.inaturalist.org/observations/124916674
COL_ANURA_0007,Pristimantis achatinus,123482485,6.1686993203,-75.618846193,210,2022-06-24,vapume,interior,https://www.inaturalist.org/observations/123482485
COL_ANURA_0007,Pristimantis achatinus,123453257,6.1680861111,-75.6289305556,,2022-06-24,gero_y_ya,interior,https://www.inaturalist.org/observations/123453257
COL_ANURA_0007,Pristimantis achatinus,123453147,6.1694869899,-75.6281440705,215,,gero_y_ya,interior,https://www.inaturalist.org/observations/123453147
COL_ANURA_0007,Pristimantis achatinus,123425889,6.1675834761,-75.6286185544,31,2022-06-24,julianbiol,interior,https://www.inaturalist.org/observations/123425889
COL_ANURA_0007,Pristimantis achatinus,123264099,6.2701137121,-75.5641942787,28,2022-06-16,mariaclaramejiaduque,interior,https://www.inaturalist.org/observations/123264099
COL_ANURA_0007,Pristimantis achatinus,118125338,5.7863707022,-76.0135500725,15,2021-06-28,bioexploradoresfarallones,interior,https://www.inaturalist.org/observations/118125338
COL_ANURA_0007,Pristimantis achatinus,117964854,5.7857893865,-76.0161005248,15,2021-07-22,bioexploradoresfarallones,interior,https://www.inaturalist.org/observations/117964854
COL_ANURA_0007,Pristimantis achatinus,117374530,5.8038019948,-76.0702166514,15,2021-08-07,bioexploradoresfarallones,interior,https://www.inaturalist.org/observations/117374530
COL_ANURA_0007,Pristimantis achatinus,117159375,6.17943,-75.5643916667,807,2022-05-15,andres_piedrahita,interior,https://www.inaturalist.org/observations/117159375
COL_ANURA_0007,Pristimantis achatinus,116383955,5.7863526198,-76.0135007197,52,2021-04-02,bioexploradoresfarallones,interior,https://www.inaturalist.org/observations/116383955
COL_ANURA_0007,Pristimantis achatinus,115829307,6.157919697,-75.6341797464,100,2019-12-24,luchogu,interior,https://www.inaturalist.org/observations/115829307
COL_ANURA_0007,Pristimantis achatinus,115216396,6.119933533,-75.5974555761,213,2022-05-02,higuita,interior,https://www.inaturalist.org/observations/115216396
COL_ANURA_0007,Pristimantis achatinus,115052547,6.3274463227,-75.5640843618,4,2022-05-02,amesac,interior,https://www.inaturalist.org/observations/115052547
COL_ANURA_0007,Pristimantis achatinus,115052546,6.3273954265,-75.5644682661,4,2022-05-02,amesac,interior,https://www.inaturalist.org/observations/115052546
COL_ANURA_0007,Pristimantis achatinus,115033936,6.3271953363,-75.5647433391,8,2022-05-02,amesac,interior,https://www.inaturalist.org/observations/115033936
COL_ANURA_0007,Pristimantis achatinus,115033932,6.3273339616,-75.5645126691,8,2022-05-02,amesac,interior,https://www.inaturalist.org/observations/115033932
COL_ANURA_0007,Pristimantis achatinus,115033919,6.3274619233,-75.563895761,8,2022-05-02,amesac,interior,https://www.inaturalist.org/observations/115033919
COL_ANURA_0007,Pristimantis achatinus,115033918,6.3274032742,-75.5641961685,8,2022-05-02,amesac,interior,https://www.inaturalist.org/observations/115033918
COL_ANURA_0007,Pristimantis achatinus,113839989,6.2085342,-75.5530612,196,2022-04-29,yojancvargas,interior,https://www.inaturalist.org/observations/113839989
COL_ANURA_0007,Pristimantis achatinus,113272681,5.6174026,-75.8356961,437,2022-04-21,felipe_uribe85,interior,https://www.inaturalist.org/observations/113272681
COL_ANURA_0007,Pristimantis achatinus,109946705,6.2079433725,-75.5526931956,,2022-03-30,vapume,interior,https://www.inaturalist.org/observations/109946705
COL_ANURA_0007,Pristimantis achatinus,109943530,5.6174115758,-75.8356960863,437,2022-03-29,felipe_uribe85,interior,https://www.inaturalist.org/observations/109943530
COL_ANURA_0007,Pristimantis achatinus,107662891,5.595782059,-75.809704861,4,2021-06-06,danielmesa1,interior,https://www.inaturalist.org/observations/107662891
COL_ANURA_0007,Pristimantis achatinus,104935664,6.1359878682,-75.5656891969,325,2021-11-06,phoekman,interior,https://www.inaturalist.org/observations/104935664
COL_ANURA_0007,Pristimantis achatinus,104251867,5.5969749661,-75.8105922444,11,2021-05-25,danielmesa1,interior,https://www.inaturalist.org/observations/104251867
COL_ANURA_0007,Pristimantis achatinus,101861706,6.349007487,-75.5032738298,547,2021-11-22,santiagoospina,interior,https://www.inaturalist.org/observations/101861706
COL_ANURA_0007,Pristimantis achatinus,99490725,6.0295282372,-75.715704828,790,2019-04-14,simonmrog,interior,https://www.inaturalist.org/observations/99490725
COL_ANURA_0007,Pristimantis achatinus,96865268,5.595744395,-75.8092624021,23,2021-04-21,danielmesa1,interior,https://www.inaturalist.org/observations/96865268
COL_ANURA_0007,Pristimantis achatinus,95900802,5.5964893308,-75.811296247,4,2021-03-22,danielmesa1,interior,https://www.inaturalist.org/observations/95900802
COL_ANURA_0007,Pristimantis achatinus,95884113,5.5969749661,-75.8105922444,11,2021-03-16,danielmesa1,interior,https://www.inaturalist.org/observations/95884113
COL_ANURA_0007,Pristimantis achatinus,95280161,5.7917954366,-75.7859501615,208,2021-08-20,alejandro_v3,interior,https://www.inaturalist.org/observations/95280161
COL_ANURA_0007,Pristimantis achatinus,94356666,6.2097129306,-75.5533246472,,2021-09-09,samu13,interior,https://www.inaturalist.org/observations/94356666
COL_ANURA_0007,Pristimantis achatinus,92986663,6.2716817856,-75.5641021728,,2021-07-26,alejogsz,interior,https://www.inaturalist.org/observations/92986663
COL_ANURA_0007,Pristimantis achatinus,91595652,5.664999,-75.714701,1090,2021-08-05,mariaj0330,interior,https://www.inaturalist.org/observations/91595652
COL_ANURA_0007,Pristimantis achatinus,90612491,5.6179064024,-75.8365919441,9,2021-08-09,lissgarcia,interior,https://www.inaturalist.org/observations/90612491
COL_ANURA_0007,Pristimantis achatinus,90438165,5.5957874138,-75.8096588727,8,2021-07-29,danielmesa1,interior,https://www.inaturalist.org/observations/90438165
COL_ANURA_0007,Pristimantis achatinus,89672426,5.6175350323,-75.8362489566,77,2021-08-02,xgushnayerax,interior,https://www.inaturalist.org/observations/89672426
COL_ANURA_0007,Pristimantis achatinus,89633341,5.6174115758,-75.8356960863,437,2021-08-01,felipe_uribe85,interior,https://www.inaturalist.org/observations/89633341
COL_ANURA_0007,Pristimantis achatinus,85115540,6.395025411,-76.2887972966,1889,2021-06-25,yojancvargas,interior,https://www.inaturalist.org/observations/85115540
COL_ANURA_0007,Pristimantis achatinus,83465243,6.1615043,-75.5791582,226,2021-06-17,vapume,interior,https://www.inaturalist.org/observations/83465243
COL_ANURA_0007,Pristimantis achatinus,83407494,6.1516849718,-75.6460293755,212,2021-06-14,juanita64,interior,https://www.inaturalist.org/observations/83407494
COL_ANURA_0007,Pristimantis achatinus,80841924,5.5969255818,-75.8100289596,16,2020-09-15,danielmesa1,interior,https://www.inaturalist.org/observations/80841924
COL_ANURA_0007,Pristimantis achatinus,78282594,6.085456,-75.663599,520,2021-04-02,kevingc16,interior,https://www.inaturalist.org/observations/78282594
COL_ANURA_0007,Pristimantis achatinus,76750826,6.0496844541,-75.6106836136,244,2021-04-30,altodesanmiguel,interior,https://www.inaturalist.org/observations/76750826
COL_ANURA_0007,Pristimantis achatinus,76397658,6.1427217996,-75.5609817659,120,2021-04-30,estebanalzate,interior,https://www.inaturalist.org/observations/76397658
COL_ANURA_0007,Pristimantis achatinus,75992864,6.1819404997,-75.5689083,,2021-04-30,federicopelaez,interior,https://www.inaturalist.org/observations/75992864
COL_ANURA_0007,Pristimantis achatinus,75855242,6.1899574997,-75.5634120518,8746,2019-12-17,daniel_boom,interior,https://www.inaturalist.org/observations/75855242
COL_ANURA_0007,Pristimantis achatinus,74944649,5.6746781877,-75.7367433608,640,2021-04-22,entorno_birding,interior,https://www.inaturalist.org/observations/74944649
COL_ANURA_0007,Pristimantis achatinus,74759607,6.1993825673,-75.5787501857,37,2021-04-21,nicozambranod98,interior,https://www.inaturalist.org/observations/74759607
COL_ANURA_0007,Pristimantis achatinus,73913377,6.1615852409,-75.5788232759,10,2021-04-13,vapume,interior,https://www.inaturalist.org/observations/73913377
COL_ANURA_0007,Pristimantis achatinus,72358065,5.579021036,-75.8315983415,212,2021-03-27,danielmesa1,interior,https://www.inaturalist.org/observations/72358065
COL_ANURA_0007,Pristimantis achatinus,72208631,6.157919697,-75.6341797464,100,2019-09-01,luchogu,interior,https://www.inaturalist.org/observations/72208631
COL_ANURA_0007,Pristimantis achatinus,69295082,5.5958621169,-75.8094315798,8,2020-09-07,danielmesa1,interior,https://www.inaturalist.org/observations/69295082
COL_ANURA_0007,Pristimantis achatinus,69295074,5.5960596544,-75.8116846353,8,2020-09-07,danielmesa1,interior,https://www.inaturalist.org/observations/69295074
COL_ANURA_0007,Pristimantis achatinus,66595318,5.5968840804,-75.8099012822,53,2020-07-21,danielmesa1,interior,https://www.inaturalist.org/observations/66595318
COL_ANURA_0007,Pristimantis achatinus,66592279,5.5959484472,-75.8116085082,153,2020-07-26,danielmesa1,interior,https://www.inaturalist.org/observations/66592279
COL_ANURA_0007,Pristimantis achatinus,65240709,5.5959274255,-75.8096122742,53,2020-08-22,danielmesa1,interior,https://www.inaturalist.org/observations/65240709
COL_ANURA_0007,Pristimantis achatinus,65240621,5.5958636929,-75.8096260205,53,2020-08-22,danielmesa1,interior,https://www.inaturalist.org/observations/65240621
COL_ANURA_0007,Pristimantis achatinus,65240210,5.5961106149,-75.8119582012,53,2020-08-22,danielmesa1,interior,https://www.inaturalist.org/observations/65240210
COL_ANURA_0007,Pristimantis achatinus,64825970,6.0552317479,-75.7132106647,1415,2019-06-27,herik,interior,https://www.inaturalist.org/observations/64825970
COL_ANURA_0007,Pristimantis achatinus,63973055,6.157919697,-75.6341797464,100,2019-08-11,luchogu,interior,https://www.inaturalist.org/observations/63973055
COL_ANURA_0007,Pristimantis achatinus,62763105,6.1718621542,-75.5733821956,10,2019-08-30,sebastian_martinez,interior,https://www.inaturalist.org/observations/62763105
COL_ANURA_0007,Pristimantis achatinus,62763104,6.171879313,-75.5733669193,10,2019-08-30,sebastian_martinez,interior,https://www.inaturalist.org/observations/62763104
COL_ANURA_0007,Pristimantis achatinus,62752926,6.1720637986,-75.5735179253,20,2015-02-21,sebastian_martinez,interior,https://www.inaturalist.org/observations/62752926
COL_ANURA_0007,Pristimantis achatinus,62749524,6.171638714,-75.5730994306,30,2016-06-15,sebastian_martinez,interior,https://www.inaturalist.org/observations/62749524
COL_ANURA_0007,Pristimantis achatinus,58958631,5.5958733696,-75.8096568659,11,2020-09-07,danielmesa1,interior,https://www.inaturalist.org/observations/58958631
COL_ANURA_0007,Pristimantis achatinus,57282775,5.5959484472,-75.8116758987,13,2020-08-22,danielmesa1,interior,https://www.inaturalist.org/observations/57282775
COL_ANURA_0007,Pristimantis achatinus,54297168,6.2358548396,-75.5662003221,4,2020-07-02,cerrostutelaresdemedellin,interior,https://www.inaturalist.org/observations/54297168
COL_ANURA_0007,Pristimantis achatinus,53406907,6.2213108223,-75.5669281432,2,2013-06-06,davidangel-v,interior,https://www.inaturalist.org/observations/53406907
COL_ANURA_0007,Pristimantis achatinus,53117185,6.0023853514,-75.8121348671,31,2020-07-05,camilojotage,interior,https://www.inaturalist.org/observations/53117185
COL_ANURA_0007,Pristimantis achatinus,39896896,5.6178175552,-75.836613515,4,2020-03-02,mateohernandezschmidt,interior,https://www.inaturalist.org/observations/39896896
COL_ANURA_0007,Pristimantis achatinus,38103189,5.59407525,-75.8391241667,,2019-01-06,ricardo_sanchez,interior,https://www.inaturalist.org/observations/38103189
COL_ANURA_0007,Pristimantis achatinus,37898125,6.2945208448,-75.7863893732,166,2018-12-27,tallaxdmb,interior,https://www.inaturalist.org/observations/37898125
COL_ANURA_0007,Pristimantis achatinus,36560478,6.4041773893,-75.5132137612,14,2019-12-10,juliomontoyagio,interior,https://www.inaturalist.org/observations/36560478
COL_ANURA_0007,Pristimantis achatinus,34541798,6.1993022383,-75.5786083639,17,2019-10-14,alejandroarcila,interior,https://www.inaturalist.org/observations/34541798
COL_ANURA_0007,Pristimantis achatinus,33763992,6.0080522123,-75.7970211616,1935,2019-10-02,altodesanmiguel,interior,https://www.inaturalist.org/observations/33763992
COL_ANURA_0007,Pristimantis achatinus,33076727,6.1576818003,-75.5122772948,244,2019-09-02,altodesanmiguel,interior,https://www.inaturalist.org/observations/33076727
COL_ANURA_0007,Pristimantis achatinus,33025918,6.0272556365,-75.6002332957,985,2019-07-26,altodesanmiguel,interior,https://www.inaturalist.org/observations/33025918
COL_ANURA_0007,Pristimantis achatinus,28846549,6.1287484118,-75.6007505639,15,2018-10-09,esteban_villa,interior,https://www.inaturalist.org/observations/28846549
COL_ANURA_0007,Pristimantis achatinus,26476080,5.7277316944,-75.3891601389,,2019-02-18,wilmar_agudelo,interior,https://www.inaturalist.org/observations/26476080
COL_ANURA_0007,Pristimantis achatinus,26475580,6.22668,-75.56707,,2019-06-02,wilmar_agudelo,interior,https://www.inaturalist.org/observations/26475580
COL_ANURA_0007,Pristimantis achatinus,25830228,6.1775589523,-75.5570819601,5,2019-05-26,juliomontoyagio,interior,https://www.inaturalist.org/observations/25830228
COL_ANURA_0007,Pristimantis achatinus,24610851,6.109946022,-75.7139635227,1,2019-05-04,microteiido,interior,https://www.inaturalist.org/observations/24610851
COL_ANURA_0007,Pristimantis achatinus,24325200,6.1329620348,-75.573679203,973,2019-05-01,juand20,interior,https://www.inaturalist.org/observations/24325200
COL_ANURA_0007,Pristimantis achatinus,23730649,6.2699673471,-75.5641416981,2,2019-04-26,dnd99,interior,https://www.inaturalist.org/observations/23730649
COL_ANURA_0007,Pristimantis achatinus,23575857,6.2871671903,-75.5094237998,175,2019-04-26,manuela64,interior,https://www.inaturalist.org/observations/23575857
COL_ANURA_0007,Pristimantis achatinus,23568557,6.2701401171,-75.5642160034,8,2019-04-26,sesernam,interior,https://www.inaturalist.org/observations/23568557
COL_ANURA_0007,Pristimantis achatinus,23568491,6.2701401171,-75.5642160034,8,2019-04-26,sesernam,interior,https://www.inaturalist.org/observations/23568491
COL_ANURA_0007,Pristimantis achatinus,23568446,6.2701401171,-75.5642160034,8,2019-04-26,sesernam,interior,https://www.inaturalist.org/observations/23568446
COL_ANURA_0007,Pristimantis achatinus,23356296,6.2703205741,-75.5646859893,4,2019-04-26,camilojotage,interior,https://www.inaturalist.org/observations/23356296
COL_ANURA_0007,Pristimantis achatinus,23327865,6.2699025727,-75.5643005659,8,2019-04-26,camilojotage,interior,https://www.inaturalist.org/observations/23327865
COL_ANURA_0007,Pristimantis achatinus,23313520,6.2432157264,-75.5978186801,5577,2019-04-26,manuela64,interior,https://www.inaturalist.org/observations/23313520
COL_ANURA_0007,Pristimantis achatinus,23268377,6.27036033,-75.56421361,9,2019-04-26,jose031083,interior,https://www.inaturalist.org/observations/23268377
COL_ANURA_0007,Pristimantis achatinus,21659338,6.2035501993,-75.5549184213,8,2019-03-26,camilojotage,interior,https://www.inaturalist.org/observations/21659338
COL_ANURA_0007,Pristimantis achatinus,21632842,6.157919697,-75.6341797464,100,2019-01-20,luchogu,interior,https://www.inaturalist.org/observations/21632842
COL_ANURA_0007,Pristimantis achatinus,21233153,6.0662237536,-75.4539088172,2221,2018-05-22,altodesanmiguel,interior,https://www.inaturalist.org/observations/21233153
COL_ANURA_0007,Pristimantis achatinus,21226230,6.2711047918,-75.5631604663,15,2019-03-13,camilojotage,interior,https://www.inaturalist.org/observations/21226230
COL_ANURA_0007,Pristimantis achatinus,20933825,6.270848164,-75.5643124581,,2019-02-28,sesernam,interior,https://www.inaturalist.org/observations/20933825
COL_ANURA_0007,Pristimantis achatinus,20862017,6.2701175832,-75.5640496536,33,2019-02-28,camilojotage,interior,https://www.inaturalist.org/observations/20862017
COL_ANURA_0007,Pristimantis achatinus,20862013,6.270035513,-75.5640979332,37,2019-02-28,camilojotage,interior,https://www.inaturalist.org/observations/20862013
COL_ANURA_0007,Pristimantis achatinus,20862003,6.2702129979,-75.5640882253,30,2019-02-28,camilojotage,interior,https://www.inaturalist.org/observations/20862003
COL_ANURA_0007,Pristimantis achatinus,19960750,5.920033,-75.4487207,212,2019-01-18,julianavillaberrio,interior,https://www.inaturalist.org/observations/19960750
COL_ANURA_0007,Pristimantis achatinus,17550493,6.160346166,-75.5886150035,8,2018-07-29,ricardo_sanchez,interior,https://www.inaturalist.org/observations/17550493
COL_ANURA_0007,Pristimantis achatinus,17550489,6.159583707,-75.5877979899,9,2018-09-26,ricardo_sanchez,interior,https://www.inaturalist.org/observations/17550489
COL_ANURA_0007,Pristimantis achatinus,16907913,6.031252249,-75.603008661,8,2018-09-22,sesernam,interior,https://www.inaturalist.org/observations/16907913
COL_ANURA_0007,Pristimantis achatinus,16890513,6.0366576777,-75.5929908093,122,2018-09-22,julianbiol,interior,https://www.inaturalist.org/observations/16890513
COL_ANURA_0007,Pristimantis achatinus,16613570,5.6119337082,-75.8336715698,,2018-09-16,lauraalazar,interior,https://www.inaturalist.org/observations/16613570
COL_ANURA_0007,Pristimantis achatinus,15706801,5.7870070161,-76.0148162223,244,2018-04-29,bioexploradoresfarallones,interior,https://www.inaturalist.org/observations/15706801
COL_ANURA_0007,Pristimantis achatinus,14556514,6.1780117451,-75.5765566037,16,2018-07-20,samuel122,interior,https://www.inaturalist.org/observations/14556514
COL_ANURA_0007,Pristimantis achatinus,12842692,5.7724516947,-76.0164642334,977,2016-07-02,bioexploradoresfarallones,interior,https://www.inaturalist.org/observations/12842692
COL_ANURA_0007,Pristimantis achatinus,12066083,6.0809036947,-75.677985549,1376,2017-12-11,alexgranados,interior,https://www.inaturalist.org/observations/12066083
COL_ANURA_0007,Pristimantis achatinus,10342534,6.2010216667,-75.5689916667,65,2017-10-22,berefender,interior,https://www.inaturalist.org/observations/10342534
COL_ANURA_0007,Pristimantis achatinus,9888813,6.1800847374,-75.5672585964,8,2018-02-02,camilojotage,interior,https://www.inaturalist.org/observations/9888813
COL_ANURA_0007,Pristimantis achatinus,9864395,6.0280671853,-75.5967092514,31,2014-11-02,estebanalzate,interior,https://www.inaturalist.org/observations/9864395
COL_ANURA_0007,Pristimantis achatinus,8715246,6.1675682,-75.6146712,4879,2017-11-03,melissamuriel,interior,https://www.inaturalist.org/observations/8715246
COL_ANURA_0007,Pristimantis achatinus,8715243,6.1675682,-75.6146712,4879,2017-11-03,melissamuriel,interior,https://www.inaturalist.org/observations/8715243
COL_ANURA_0007,Pristimantis achatinus,7840256,6.0505579382,-75.6261377968,13,2017-05-10,santyrestrepo,interior,https://www.inaturalist.org/observations/7840256
COL_ANURA_0007,Pristimantis achatinus,7840255,6.0500196315,-75.6269310788,38,2017-08-25,santyrestrepo,interior,https://www.inaturalist.org/observations/7840255
COL_ANURA_0007,Pristimantis achatinus,7625186,5.9513159817,-75.7289957989,16,2017-07-29,camilojotage,interior,https://www.inaturalist.org/observations/7625186
COL_ANURA_0007,Pristimantis achatinus,5164651,5.7858586227,-76.0142326355,122,2015-02-28,bioexploradoresfarallones,interior,https://www.inaturalist.org/observations/5164651
COL_ANURA_0007,Pristimantis achatinus,467910,6.39946,-76.259557,1080,2013-06-28,estebanalzate,interior,http://www.inaturalist.org/observations/467910
COL_ANURA_0007,Pristimantis achatinus,39495,6.1395307227,-75.5255126953,,,biodiversitario,interior,http://www.inaturalist.org/observations/39495
COL_ANURA_0007,Pristimantis achatinus,38865,6.0271282674,-75.595035553,,2011-09-10,estebanalzate,interior,http://www.inaturalist.org/observations/38865
COL_ANURA_0002,Rhinella alata,397006799,5.8981755523,-74.8589862227,31,2026-07-27,bernhardlettneraustria,interior,https://www.inaturalist.org/observations/397006799
COL_ANURA_0002,Rhinella alata,394537458,5.8034472222,-74.8471638889,,2026-08-25,fincaelprado,interior,https://www.inaturalist.org/observations/394537458
COL_ANURA_0002,Rhinella alata,393956755,6.2553297,-75.0359138697,,2026-08-21,mauricio32154,interior,https://www.inaturalist.org/observations/393956755
COL_ANURA_0002,Rhinella alata,388549943,5.8961857807,-74.8597183451,323,2026-08-04,chris_sahli,interior,https://www.inaturalist.org/observations/388549943
COL_ANURA_0002,Rhinella alata,388069047,5.8899499722,-74.8557789722,,2026-08-03,fabianschneider,interior,https://www.inaturalist.org/observations/388069047
COL_ANURA_0002,Rhinella alata,386471088,6.52333,-75.08906,,2026-07-28,dario_jose,interior,https://www.inaturalist.org/observations/386471088
COL_ANURA_0002,Rhinella alata,386250072,6.5521659851,-74.7853012085,6,2026-07-12,laura_gs,interior,https://www.inaturalist.org/observations/386250072
COL_ANURA_0002,Rhinella alata,385069937,6.255456,-75.035885,41,2026-07-25,juanitamc02,interior,https://www.inaturalist.org/observations/385069937
COL_ANURA_0002,Rhinella alata,376828807,5.8877135,-74.8554199,,2026-01-14,afrusak,interior,https://www.inaturalist.org/observations/376828807
COL_ANURA_0002,Rhinella alata,376419581,6.2545216667,-75.0382221667,5,2026-06-28,haydendavis1,interior,https://www.inaturalist.org/observations/376419581
COL_ANURA_0002,Rhinella alata,368814673,5.993997,-75.1639615,7605,2026-06-02,verdemar23,interior,https://www.inaturalist.org/observations/368814673
COL_ANURA_0002,Rhinella alata,366881367,6.3879540729,-75.0666507706,600,2026-05-30,mayerly54044,interior,https://www.inaturalist.org/observations/366881367
COL_ANURA_0002,Rhinella alata,366881252,6.3872243764,-75.0654032081,600,2026-05-30,mayerly54044,interior,https://www.inaturalist.org/observations/366881252
COL_ANURA_0002,Rhinella alata,366881018,6.3877821445,-75.0645643473,600,2026-05-30,mayerly54044,interior,https://www.inaturalist.org/observations/366881018
COL_ANURA_0002,Rhinella alata,366880809,6.3879534065,-75.0626730546,600,2026-05-30,mayerly54044,interior,https://www.inaturalist.org/observations/366880809
COL_ANURA_0002,Rhinella alata,366862369,6.3889153381,-75.0642257184,600,2026-05-30,mayerly54044,interior,https://www.inaturalist.org/observations/366862369
COL_ANURA_0002,Rhinella alata,366861109,6.3877444935,-75.0654441118,600,2026-05-30,mayerly54044,interior,https://www.inaturalist.org/observations/366861109
COL_ANURA_0002,Rhinella alata,366860965,6.3880443686,-75.0648526847,600,2026-05-30,mayerly54044,interior,https://www.inaturalist.org/observations/366860965
COL_ANURA_0002,Rhinella alata,366860770,6.3879380795,-75.0653502345,600,2026-05-30,mayerly54044,interior,https://www.inaturalist.org/observations/366860770
COL_ANURA_0002,Rhinella alata,366859571,6.3879664011,-75.064120777,600,2026-05-30,mayerly54044,interior,https://www.inaturalist.org/observations/366859571
COL_ANURA_0002,Rhinella alata,366856346,6.3869011771,-75.0664382055,600,2026-05-30,mayerly54044,interior,https://www.inaturalist.org/observations/366856346
COL_ANURA_0002,Rhinella alata,366445484,6.3515452827,-75.0554927811,16,2026-05-25,dsypg,interior,https://www.inaturalist.org/observations/366445484
COL_ANURA_0002,Rhinella alata,366197188,7.2764310781,-76.5609147772,542,2026-05-28,mileydigranada,interior,https://www.inaturalist.org/observations/366197188
COL_ANURA_0002,Rhinella alata,366017027,5.8620458,-74.8703845,224,2026-05-07,emilioecheverri,interior,https://www.inaturalist.org/observations/366017027
COL_ANURA_0002,Rhinella alata,365817583,6.3503123741,-75.0035437569,206,2026-05-27,valeriaecheverri57356,interior,https://www.inaturalist.org/observations/365817583
COL_ANURA_0002,Rhinella alata,365756484,6.3384026581,-75.0728151575,72,2026-05-17,valentina60917,interior,https://www.inaturalist.org/observations/365756484
COL_ANURA_0002,Rhinella alata,365307366,6.0384301944,-75.1858596667,,2026-05-20,palmonte,interior,https://www.inaturalist.org/observations/365307366
COL_ANURA_0002,Rhinella alata,363721433,6.3921982869,-75.0617245585,977,2026-05-10,zoraida3626,interior,https://www.inaturalist.org/observations/363721433
COL_ANURA_0002,Rhinella alata,363514291,6.3518528429,-75.0539924204,43,2026-05-10,moi61,interior,https://www.inaturalist.org/observations/363514291
COL_ANURA_0002,Rhinella alata,363228372,5.862045759,-74.8703844845,224,2026-05-18,simon_silva,interior,https://www.inaturalist.org/observations/363228372
COL_ANURA_0002,Rhinella alata,363201453,6.2951217031,-75.0278663635,929,2026-05-19,valeria19140,interior,https://www.inaturalist.org/observations/363201453
COL_ANURA_0002,Rhinella alata,362600411,5.833309691,-74.9333902448,1631,2026-05-14,luisarendon31,interior,https://www.inaturalist.org/observations/362600411
COL_ANURA_0002,Rhinella alata,361145102,6.3310866667,-75.0327138333,19,2026-05-09,laura83757,interior,https://www.inaturalist.org/observations/361145102
COL_ANURA_0002,Rhinella alata,361144532,6.33107,-75.0325695,10,2026-05-09,laura83757,interior,https://www.inaturalist.org/observations/361144532
COL_ANURA_0002,Rhinella alata,360867553,6.3518035267,-75.0077367201,206,2026-05-12,valeriaecheverri57356,interior,https://www.inaturalist.org/observations/360867553
COL_ANURA_0002,Rhinella alata,360751718,5.833309691,-74.9333902448,1631,2026-05-10,luisarendon31,interior,https://www.inaturalist.org/observations/360751718
COL_ANURA_0002,Rhinella alata,360011332,6.4094899795,-74.9433201179,996,2026-05-09,wilder62261,interior,https://www.inaturalist.org/observations/360011332
COL_ANURA_0002,Rhinella alata,359574131,5.865299452,-74.9157030049,27,2026-05-08,f2025-0302,interior,https://www.inaturalist.org/observations/359574131
COL_ANURA_0002,Rhinella alata,359352885,5.833309691,-74.9333902448,1631,2026-05-07,luisarendon31,interior,https://www.inaturalist.org/observations/359352885
COL_ANURA_0002,Rhinella alata,359036556,6.2281969018,-74.9535453692,18,2026-05-05,paulina68639,interior,https://www.inaturalist.org/observations/359036556
COL_ANURA_0002,Rhinella alata,357022546,6.3515312875,-75.0557050109,16,2026-04-27,dsypg,interior,https://www.inaturalist.org/observations/357022546
COL_ANURA_0002,Rhinella alata,356694185,6.3886501157,-75.0643641874,600,2026-04-29,mayerly54044,interior,https://www.inaturalist.org/observations/356694185
COL_ANURA_0002,Rhinella alata,356694084,6.3877804785,-75.0653911382,600,2026-04-29,mayerly54044,interior,https://www.inaturalist.org/observations/356694084
COL_ANURA_0002,Rhinella alata,356691063,6.3889336638,-75.0617218763,600,2026-04-29,mayerly54044,interior,https://www.inaturalist.org/observations/356691063
COL_ANURA_0002,Rhinella alata,356690354,6.3899449062,-75.0639051944,600,2026-04-29,mayerly54044,interior,https://www.inaturalist.org/observations/356690354
COL_ANURA_0002,Rhinella alata,356690148,6.3889233348,-75.061725229,600,2026-04-29,mayerly54044,interior,https://www.inaturalist.org/observations/356690148
COL_ANURA_0002,Rhinella alata,356684505,6.3884312072,-75.0642622635,600,2026-04-29,mayerly54044,interior,https://www.inaturalist.org/observations/356684505
COL_ANURA_0002,Rhinella alata,356684109,6.3872836851,-75.0656308606,600,2026-04-29,mayerly54044,interior,https://www.inaturalist.org/observations/356684109
COL_ANURA_0002,Rhinella alata,356683915,6.3879983877,-75.0643303245,600,2026-04-29,mayerly54044,interior,https://www.inaturalist.org/observations/356683915
COL_ANURA_0002,Rhinella alata,356682360,6.3454483542,-75.0871934742,5,2026-04-28,derly_morales,interior,https://www.inaturalist.org/observations/356682360
COL_ANURA_0002,Rhinella alata,356682187,6.3453084009,-75.0872350484,5,2026-04-29,derly_morales,interior,https://www.inaturalist.org/observations/356682187
COL_ANURA_0002,Rhinella alata,356634974,6.3856520268,-75.1076510176,302,2026-04-28,tomas58130,interior,https://www.inaturalist.org/observations/356634974
COL_ANURA_0002,Rhinella alata,356534728,6.4307361111,-75.1444930556,,2026-04-28,daniel90418,interior,https://www.inaturalist.org/observations/356534728
COL_ANURA_0002,Rhinella alata,356069935,6.2648779771,-75.0024319813,469,2026-04-27,tiago_roman,interior,https://www.inaturalist.org/observations/356069935
COL_ANURA_0002,Rhinella alata,355751623,6.3374347222,-74.9374830556,,2026-04-27,alexispamplona,interior,https://www.inaturalist.org/observations/355751623
COL_ANURA_0002,Rhinella alata,354901734,6.3284610786,-75.0418527424,5,2026-04-21,shirley27679,interior,https://www.inaturalist.org/observations/354901734
COL_ANURA_0002,Rhinella alata,352346034,6.3847823845,-75.0638126582,600,2026-04-23,mayerly54044,interior,https://www.inaturalist.org/observations/352346034
COL_ANURA_0002,Rhinella alata,352253690,5.8104400554,-75.192730017,211,2026-04-22,norelis2,interior,https://www.inaturalist.org/observations/352253690
COL_ANURA_0002,Rhinella alata,352140408,6.3900045478,-75.0704662129,39,2026-04-19,yesica_yohana,interior,https://www.inaturalist.org/observations/352140408
COL_ANURA_0002,Rhinella alata,351944912,6.3275450201,-75.0421508029,110,2026-04-21,diego11543,interior,https://www.inaturalist.org/observations/351944912
COL_ANURA_0002,Rhinella alata,351891293,6.3360897268,-75.0479725376,49,2026-04-21,brayan61078,interior,https://www.inaturalist.org/observations/351891293
COL_ANURA_0002,Rhinella alata,351013757,6.187979,-74.993227,4603,2026-02-06,laurasalcedo,interior,https://www.inaturalist.org/observations/351013757
COL_ANURA_0002,Rhinella alata,350925800,6.3540270854,-75.0572623685,54,2026-04-03,moi61,interior,https://www.inaturalist.org/observations/350925800
COL_ANURA_0002,Rhinella alata,350628836,6.20732,-75.0028138833,14,2026-04-16,jhoanc,interior,https://www.inaturalist.org/observations/350628836
COL_ANURA_0002,Rhinella alata,350482075,6.3256544444,-75.0454,,2026-04-10,carolina42133,interior,https://www.inaturalist.org/observations/350482075
COL_ANURA_0002,Rhinella alata,350355161,6.3027439503,-75.0121198239,9,2026-04-16,sara_isabela,interior,https://www.inaturalist.org/observations/350355161
COL_ANURA_0002,Rhinella alata,350156538,6.2576078903,-75.0609336421,13,2026-04-09,isabela64667,interior,https://www.inaturalist.org/observations/350156538
COL_ANURA_0002,Rhinella alata,349791990,5.833309691,-74.9333902448,1631,2026-04-13,luisarendon31,interior,https://www.inaturalist.org/observations/349791990
COL_ANURA_0002,Rhinella alata,349097849,6.7596083333,-75.2625666667,4,2026-02-15,dawydux,interior,https://www.inaturalist.org/observations/349097849
COL_ANURA_0002,Rhinella alata,348398637,6.3296200619,-75.0640738383,5,2026-04-08,eliana12856,interior,https://www.inaturalist.org/observations/348398637
COL_ANURA_0002,Rhinella alata,348183656,6.4200330331,-74.9423789978,6,2026-04-07,karig1016,interior,https://www.inaturalist.org/observations/348183656
COL_ANURA_0002,Rhinella alata,348175725,6.5511797984,-75.2112101018,8,2026-04-07,jucagobu,interior,https://www.inaturalist.org/observations/348175725
COL_ANURA_0002,Rhinella alata,347969154,6.3224678472,-75.0299661979,17,2026-04-05,edwin_alberto2,interior,https://www.inaturalist.org/observations/347969154
COL_ANURA_0002,Rhinella alata,347065438,6.3758293143,-75.1417372003,600,2026-04-03,jeseli2026,interior,https://www.inaturalist.org/observations/347065438
COL_ANURA_0002,Rhinella alata,347063839,6.3758293143,-75.1417372003,600,2026-04-03,jeseli2026,interior,https://www.inaturalist.org/observations/347063839
COL_ANURA_0002,Rhinella alata,346677957,6.4085327511,-75.0822615623,92,2026-03-31,diana80547,interior,https://www.inaturalist.org/observations/346677957
COL_ANURA_0002,Rhinella alata,346649533,6.389092264,-75.063126348,600,2026-04-01,mayerly54044,interior,https://www.inaturalist.org/observations/346649533
COL_ANURA_0002,Rhinella alata,346275651,6.3023133333,-75.0124666667,14,2026-03-30,sara_isabela,interior,https://www.inaturalist.org/observations/346275651
COL_ANURA_0002,Rhinella alata,345555170,6.3325871539,-75.0247727707,86,2026-03-27,diego11543,interior,https://www.inaturalist.org/observations/345555170
COL_ANURA_0002,Rhinella alata,345537155,6.3896683557,-75.0604900718,600,2026-03-27,mayerly54044,interior,https://www.inaturalist.org/observations/345537155
COL_ANURA_0002,Rhinella alata,345535713,6.3870724394,-75.0609882921,600,2026-03-27,mayerly54044,interior,https://www.inaturalist.org/observations/345535713
COL_ANURA_0002,Rhinella alata,345285194,6.2571432999,-74.911663346,6,,vanesa51002,interior,https://www.inaturalist.org/observations/345285194
COL_ANURA_0002,Rhinella alata,344959572,6.3514976325,-75.0555279851,13,2026-03-23,dsypg,interior,https://www.inaturalist.org/observations/344959572
COL_ANURA_0002,Rhinella alata,344178749,5.8279780556,-75.1963866667,,2026-03-18,leilany29760,interior,https://www.inaturalist.org/observations/344178749
COL_ANURA_0002,Rhinella alata,344049334,6.3407832238,-75.0720135123,9,2026-03-20,dguarin,interior,https://www.inaturalist.org/observations/344049334
COL_ANURA_0002,Rhinella alata,343966326,6.3405369704,-75.0735591352,6,2026-03-19,svelasquez,interior,https://www.inaturalist.org/observations/343966326
COL_ANURA_0002,Rhinella alata,343694957,6.0798628512,-75.1098269597,58,2026-03-17,karen92785,interior,https://www.inaturalist.org/observations/343694957
COL_ANURA_0002,Rhinella alata,343400963,6.3961306008,-75.0047872961,67,2026-02-28,emmanuel27150,interior,https://www.inaturalist.org/observations/343400963
COL_ANURA_0002,Rhinella alata,342902469,6.352002791,-75.0554646179,20,2026-03-13,dsypg,interior,https://www.inaturalist.org/observations/342902469
COL_ANURA_0002,Rhinella alata,342514317,6.3214951277,-75.0298049301,17,2026-03-11,edwin_alberto2,interior,https://www.inaturalist.org/observations/342514317
COL_ANURA_0002,Rhinella alata,342162649,6.2951217031,-75.0278663635,929,2026-03-04,valeria19140,interior,https://www.inaturalist.org/observations/342162649
COL_ANURA_0002,Rhinella alata,341994636,6.2521518881,-75.0161398758,8,2026-02-08,ricardo_sanchez,interior,https://www.inaturalist.org/observations/341994636
COL_ANURA_0002,Rhinella alata,341730377,6.24503,-74.9607147222,,2026-03-07,estefa5,interior,https://www.inaturalist.org/observations/341730377
COL_ANURA_0002,Rhinella alata,341467710,6.2451971179,-75.0116105005,235,2026-03-05,tiago_roman,interior,https://www.inaturalist.org/observations/341467710
COL_ANURA_0002,Rhinella alata,341452607,6.4094899795,-74.9433201179,996,2026-03-04,wilder62261,interior,https://www.inaturalist.org/observations/341452607
COL_ANURA_0002,Rhinella alata,341386828,6.3452327594,-75.0429564714,929,2026-03-04,xiomararios,interior,https://www.inaturalist.org/observations/341386828
COL_ANURA_0002,Rhinella alata,340368442,6.389904923,-75.0714750588,16,2026-02-26,yesica_yohana,interior,https://www.inaturalist.org/observations/340368442
COL_ANURA_0002,Rhinella alata,340312698,6.4399097222,-74.9818516667,,2026-02-26,manuela6371,interior,https://www.inaturalist.org/observations/340312698
COL_ANURA_0002,Rhinella alata,340185035,6.3509961389,-75.0537691265,35,2026-02-24,moi61,interior,https://www.inaturalist.org/observations/340185035
COL_ANURA_0002,Rhinella alata,340182730,6.5818171111,-75.1933898889,,2026-02-25,p_sanchez-aguirre,interior,https://www.inaturalist.org/observations/340182730
COL_ANURA_0002,Rhinella alata,339831904,6.4474016667,-75.1152847222,,2026-02-19,alejandro72077,interior,https://www.inaturalist.org/observations/339831904
COL_ANURA_0002,Rhinella alata,339681436,6.2147453476,-74.6278673901,8,2026-02-21,alexcamano12,interior,https://www.inaturalist.org/observations/339681436
COL_ANURA_0002,Rhinella alata,339648010,6.4474377778,-75.1154155556,,2026-02-19,adrian88405,interior,https://www.inaturalist.org/observations/339648010
COL_ANURA_0002,Rhinella alata,339299839,5.89213,-74.86027,19,2026-02-19,braden1,interior,https://www.inaturalist.org/observations/339299839
COL_ANURA_0002,Rhinella alata,339171549,6.2093276832,-75.1824000419,1,2017-04-08,khristimantis,interior,https://www.inaturalist.org/observations/339171549
COL_ANURA_0002,Rhinella alata,338738101,6.1857416667,-75.0019611167,1529,2026-02-14,jhoanc,interior,https://www.inaturalist.org/observations/338738101
COL_ANURA_0002,Rhinella alata,338555132,6.3513826722,-75.0536407158,15,2026-02-02,moi61,interior,https://www.inaturalist.org/observations/338555132
COL_ANURA_0002,Rhinella alata,338377996,6.3758293143,-75.1417372003,600,2026-02-11,jeseli2026,interior,https://www.inaturalist.org/observations/338377996
COL_ANURA_0002,Rhinella alata,338353010,6.082575,-75.1020533333,8,2026-02-12,fernandalopera,interior,https://www.inaturalist.org/observations/338353010
COL_ANURA_0002,Rhinella alata,338336445,6.3922582614,-75.0609601289,9,2026-02-12,yesica_yohana,interior,https://www.inaturalist.org/observations/338336445
COL_ANURA_0002,Rhinella alata,338236508,6.3904506932,-75.0643900037,5,2026-02-11,yesica_yohana,interior,https://www.inaturalist.org/observations/338236508
COL_ANURA_0002,Rhinella alata,338198676,6.0432523551,-74.9945047125,632,2026-02-11,daiana_mongui,interior,https://www.inaturalist.org/observations/338198676
COL_ANURA_0002,Rhinella alata,338187919,6.3911117475,-75.0714053214,5,2026-02-11,yesica_yohana,interior,https://www.inaturalist.org/observations/338187919
COL_ANURA_0002,Rhinella alata,338136349,6.32776,-75.04142,,2026-02-10,diego11543,interior,https://www.inaturalist.org/observations/338136349
COL_ANURA_0002,Rhinella alata,338118602,6.3441116667,-75.0875047222,,2026-02-10,derly_morales,interior,https://www.inaturalist.org/observations/338118602
COL_ANURA_0002,Rhinella alata,338072350,6.2951217031,-75.0278663635,929,2024-03-18,valeria19140,interior,https://www.inaturalist.org/observations/338072350
COL_ANURA_0002,Rhinella alata,337832925,6.2826316667,-75.1193280556,,2026-02-08,jeseli2026,interior,https://www.inaturalist.org/observations/337832925
COL_ANURA_0002,Rhinella alata,337499968,6.3758293143,-75.1417372003,600,2026-02-05,jeseli2026,interior,https://www.inaturalist.org/observations/337499968
COL_ANURA_0002,Rhinella alata,337491752,6.3282284819,-75.0418309495,5,2026-02-05,diego11543,interior,https://www.inaturalist.org/observations/337491752
COL_ANURA_0002,Rhinella alata,337433214,6.3506022745,-75.0535619259,11,2026-02-02,moi61,interior,https://www.inaturalist.org/observations/337433214
COL_ANURA_0002,Rhinella alata,337414368,6.2501943906,-74.824773185,1150,2026-02-05,joan_andres1,interior,https://www.inaturalist.org/observations/337414368
COL_ANURA_0002,Rhinella alata,336825542,6.442236,-74.9682812,,2026-01-29,manuela6371,interior,https://www.inaturalist.org/observations/336825542
COL_ANURA_0002,Rhinella alata,336766355,6.4466478,-75.1069773,100,2026-01-30,alejandro72077,interior,https://www.inaturalist.org/observations/336766355
COL_ANURA_0002,Rhinella alata,336760814,6.4161805556,-75.1397611111,,2026-01-27,alejandro72077,interior,https://www.inaturalist.org/observations/336760814
COL_ANURA_0002,Rhinella alata,336639131,6.3513113635,-75.0525902957,19,2026-01-29,moi61,interior,https://www.inaturalist.org/observations/336639131
COL_ANURA_0002,Rhinella alata,336569191,6.4438040787,-75.1099020615,10,2026-01-27,adrian88405,interior,https://www.inaturalist.org/observations/336569191
COL_ANURA_0002,Rhinella alata,336537358,6.0437381813,-75.0021221013,15,2026-01-27,anadelmonte,interior,https://www.inaturalist.org/observations/336537358
COL_ANURA_0002,Rhinella alata,336523214,6.3360190824,-75.0489864126,27,2026-01-20,brayan61078,interior,https://www.inaturalist.org/observations/336523214
COL_ANURA_0002,Rhinella alata,336510257,6.0332376371,-74.9962487299,2,2026-01-20,anadelmonte,interior,https://www.inaturalist.org/observations/336510257
COL_ANURA_0002,Rhinella alata,336484341,6.3517018952,-75.0543746352,27,2026-01-28,moi61,interior,https://www.inaturalist.org/observations/336484341
COL_ANURA_0002,Rhinella alata,335882066,5.8608205808,-74.8727253706,8,2025-06-16,alexcamano12,interior,https://www.inaturalist.org/observations/335882066
COL_ANURA_0002,Rhinella alata,335548981,6.353824823,-75.0576080382,49,2026-01-19,moi61,interior,https://www.inaturalist.org/observations/335548981
COL_ANURA_0002,Rhinella alata,335327895,6.68421,-74.78685,500,2024-08-18,felipe_barrerao,interior,https://www.inaturalist.org/observations/335327895
COL_ANURA_0002,Rhinella alata,335327893,6.68421,-74.78685,500,2024-08-18,felipe_barrerao,interior,https://www.inaturalist.org/observations/335327893
COL_ANURA_0002,Rhinella alata,335327885,6.68397,-74.78431,50,2024-08-18,felipe_barrerao,interior,https://www.inaturalist.org/observations/335327885
COL_ANURA_0002,Rhinella alata,334727075,6.2951217031,-75.0278663635,929,2026-01-14,valeriaecheverri57356,interior,https://www.inaturalist.org/observations/334727075
COL_ANURA_0002,Rhinella alata,333788027,5.86118,-74.8721466667,4,2025-05-28,leidycarolinamv,interior,https://www.inaturalist.org/observations/333788027
COL_ANURA_0002,Rhinella alata,332299618,6.0041288,-75.1507136,229,2025-11-22,jacqueserard,interior,https://www.inaturalist.org/observations/332299618
COL_ANURA_0002,Rhinella alata,329991188,7.2262225994,-74.8604512587,7411,2025-12-04,camiloalejandro,interior,https://www.inaturalist.org/observations/329991188
COL_ANURA_0002,Rhinella alata,328275219,6.7758891185,-74.8482121311,1818,2024-12-13,sebastianbordacurrea,interior,https://www.inaturalist.org/observations/328275219
COL_ANURA_0002,Rhinella alata,320776693,5.8982360652,-74.8591256826,211,2025-09-20,the-andean-birder,interior,https://www.inaturalist.org/observations/320776693
COL_ANURA_0002,Rhinella alata,316118176,5.8884166667,-74.86195,,2025-09-20,the-andean-birder,interior,https://www.inaturalist.org/observations/316118176
COL_ANURA_0002,Rhinella alata,316117880,5.8902222222,-74.8607361111,,2025-09-20,the-andean-birder,interior,https://www.inaturalist.org/observations/316117880
COL_ANURA_0002,Rhinella alata,305124915,6.3242813194,-75.0977449492,726,2025-08-08,johnathan91,interior,https://www.inaturalist.org/observations/305124915
COL_ANURA_0002,Rhinella alata,302427848,7.88206666,-76.84459795,,2025-03-26,deisyacero,interior,https://www.inaturalist.org/observations/302427848
COL_ANURA_0002,Rhinella alata,294491845,5.892259,-74.855288,2000,2025-04-06,ryanfm,interior,https://www.inaturalist.org/observations/294491845
COL_ANURA_0002,Rhinella alata,292461191,7.1103275997,-75.5518705,,2025-06-24,alejandro_nohava,interior,https://www.inaturalist.org/observations/292461191
COL_ANURA_0002,Rhinella alata,286173175,6.532371,-75.225633,100,2024-10-14,felipe_barrerao,interior,https://www.inaturalist.org/observations/286173175
COL_ANURA_0002,Rhinella alata,286173148,6.532371,-75.225633,100,2024-06-27,felipe_barrerao,interior,https://www.inaturalist.org/observations/286173148
COL_ANURA_0002,Rhinella alata,280882691,6.0468333333,-74.9905888889,,2025-05-10,luz_amparo1,interior,https://www.inaturalist.org/observations/280882691
COL_ANURA_0002,Rhinella alata,278843907,6.29671247,-75.00263299,8,2025-04-27,fabian67916,interior,https://www.inaturalist.org/observations/278843907
COL_ANURA_0002,Rhinella alata,278494385,6.2396755019,-75.0026576145,3,2025-05-04,danyarbelaez,interior,https://www.inaturalist.org/observations/278494385
COL_ANURA_0002,Rhinella alata,271800835,5.8748585584,-74.8877486492,243,2025-01-04,pecosvalleydiamond,interior,https://www.inaturalist.org/observations/271800835
COL_ANURA_0002,Rhinella alata,269208583,5.9159266344,-74.8601659943,1785,2025-04-07,ryanfm,interior,https://www.inaturalist.org/observations/269208583
COL_ANURA_0002,Rhinella alata,268629793,5.8958794042,-74.8620976953,298,2025-02-01,jujurenoult,interior,https://www.inaturalist.org/observations/268629793
COL_ANURA_0002,Rhinella alata,268453046,6.2710955,-75.0681356972,,2025-04-03,uriel_gonzalez,interior,https://www.inaturalist.org/observations/268453046
COL_ANURA_0002,Rhinella alata,267819982,5.7056111466,-75.15827436,24,2025-02-28,biottero,interior,https://www.inaturalist.org/observations/267819982
COL_ANURA_0002,Rhinella alata,263933311,5.8935661693,-74.8595977967,4,2025-02-23,omarjavier48,interior,https://www.inaturalist.org/observations/263933311
COL_ANURA_0002,Rhinella alata,259702134,5.8918666667,-74.8602666667,54,2025-01-26,mikejordan,interior,https://www.inaturalist.org/observations/259702134
COL_ANURA_0002,Rhinella alata,258559521,5.8903762385,-74.8608863761,20,2024-02-18,sylvain_eichhorn,interior,https://www.inaturalist.org/observations/258559521
COL_ANURA_0002,Rhinella alata,256774737,6.5187830833,-75.2562560833,,2024-06-12,orlandopr,interior,https://www.inaturalist.org/observations/256774737
COL_ANURA_0002,Rhinella alata,256411978,5.901256,-74.737912,32,2024-12-26,stivenmt,interior,https://www.inaturalist.org/observations/256411978
COL_ANURA_0002,Rhinella alata,256178364,5.838083,-74.8283691,3718,2024-12-20,zulma_correa,interior,https://www.inaturalist.org/observations/256178364
COL_ANURA_0002,Rhinella alata,255185119,5.894766835,-74.8584239042,10,2024-02-17,sylvain_eichhorn,interior,https://www.inaturalist.org/observations/255185119
COL_ANURA_0002,Rhinella alata,254211437,6.5445823028,-75.1577566937,10,2024-12-05,carolenis,interior,https://www.inaturalist.org/observations/254211437
COL_ANURA_0002,Rhinella alata,254112115,6.5441922527,-75.1579290256,13,2024-12-04,carolenis,interior,https://www.inaturalist.org/observations/254112115
COL_ANURA_0002,Rhinella alata,250334199,5.8886747495,-74.8559761047,1315,2024-02-18,leo_mrn,interior,https://www.inaturalist.org/observations/250334199
COL_ANURA_0002,Rhinella alata,250334197,5.8886747495,-74.8559761047,1315,2024-02-18,leo_mrn,interior,https://www.inaturalist.org/observations/250334197
COL_ANURA_0002,Rhinella alata,250160936,5.8922785688,-74.8560711905,1134,2024-02-18,leo_mrn,interior,https://www.inaturalist.org/observations/250160936
COL_ANURA_0002,Rhinella alata,247838115,6.5009283333,-75.7439083333,1,2024-10-17,samuel_jimenez_deossa,interior,https://www.inaturalist.org/observations/247838115
COL_ANURA_0002,Rhinella alata,247753768,5.809557472,-74.8413254321,210,2024-08-07,fincaelprado,interior,https://www.inaturalist.org/observations/247753768
COL_ANURA_0002,Rhinella alata,244203544,6.8932624154,-75.0384550167,488,2024-06-06,camilo_moralesm,interior,https://www.inaturalist.org/observations/244203544
COL_ANURA_0002,Rhinella alata,242304714,7.7797033333,-74.885305,,2023-08-26,olmedo_sierra,interior,https://www.inaturalist.org/observations/242304714
COL_ANURA_0002,Rhinella alata,241223370,6.2047333333,-74.9778666667,13,2024-09-11,manuela_merino,interior,https://www.inaturalist.org/observations/241223370
COL_ANURA_0002,Rhinella alata,231459279,6.1879790551,-74.9932269752,1128,2024-06-15,simon_cardona_zapata,interior,https://www.inaturalist.org/observations/231459279
COL_ANURA_0002,Rhinella alata,231458420,6.1879790551,-74.9932269752,1128,2024-06-15,simon_cardona_zapata,interior,https://www.inaturalist.org/observations/231458420
COL_ANURA_0002,Rhinella alata,229764795,5.8909350941,-74.856014885,40,2024-07-13,benjobson,interior,https://www.inaturalist.org/observations/229764795
COL_ANURA_0002,Rhinella alata,229392570,5.8872211638,-74.8539271206,35,2024-07-14,benjobson,interior,https://www.inaturalist.org/observations/229392570
COL_ANURA_0002,Rhinella alata,229392319,5.8869827056,-74.8541242629,35,2024-07-14,benjobson,interior,https://www.inaturalist.org/observations/229392319
COL_ANURA_0002,Rhinella alata,229391566,5.887187146,-74.8537215963,35,2024-07-13,benjobson,interior,https://www.inaturalist.org/observations/229391566
COL_ANURA_0002,Rhinella alata,225646339,5.8620873403,-74.8705392434,71,2024-06-21,gero_y_ya,interior,https://www.inaturalist.org/observations/225646339
COL_ANURA_0002,Rhinella alata,223601037,5.7308305556,-75.1421944444,,2024-06-04,juancarmona,interior,https://www.inaturalist.org/observations/223601037
COL_ANURA_0002,Rhinella alata,217372111,6.538936695,-75.1446783264,5,2024-05-21,juanjoser17,interior,https://www.inaturalist.org/observations/217372111
COL_ANURA_0002,Rhinella alata,203851891,6.2700821988,-75.1020934376,2,2024-03-24,juan_ulloa93,interior,https://www.inaturalist.org/observations/203851891
COL_ANURA_0002,Rhinella alata,203851886,6.2700887967,-75.1021018188,61,2024-03-24,juan_ulloa93,interior,https://www.inaturalist.org/observations/203851886
COL_ANURA_0002,Rhinella alata,203851885,6.2700953177,-75.1021258663,9,2024-03-24,juan_ulloa93,interior,https://www.inaturalist.org/observations/203851885
COL_ANURA_0002,Rhinella alata,203851881,6.2701048282,-75.1025158156,1953,2024-03-24,juan_ulloa93,interior,https://www.inaturalist.org/observations/203851881
COL_ANURA_0002,Rhinella alata,203851880,6.2700999994,-75.1021129097,928,2024-03-24,juan_ulloa93,interior,https://www.inaturalist.org/observations/203851880
COL_ANURA_0002,Rhinella alata,203772192,5.8912416667,-74.8605116667,78,2024-02-18,ornisamu,interior,https://www.inaturalist.org/observations/203772192
COL_ANURA_0002,Rhinella alata,203772153,5.8903466667,-74.86068,2951,2024-02-18,ornisamu,interior,https://www.inaturalist.org/observations/203772153
COL_ANURA_0002,Rhinella alata,203714453,5.8929991894,-74.8558645018,15,2024-02-18,jaroschacht,interior,https://www.inaturalist.org/observations/203714453
COL_ANURA_0002,Rhinella alata,203505566,5.809557472,-74.8413254321,210,2024-02-01,fincaelprado,interior,https://www.inaturalist.org/observations/203505566
COL_ANURA_0002,Rhinella alata,202390275,5.8913500132,-74.8595774053,31,2024-02-18,jaroschacht,interior,https://www.inaturalist.org/observations/202390275
COL_ANURA_0002,Rhinella alata,201193623,6.2314317123,-75.1287661374,,2023-10-19,dbocanumenthe,interior,https://www.inaturalist.org/observations/201193623
COL_ANURA_0002,Rhinella alata,201028046,6.1970986894,-74.989254525,31,2024-02-19,betweenthelyons,interior,https://www.inaturalist.org/observations/201028046
COL_ANURA_0002,Rhinella alata,200732240,5.8986889979,-74.8612248086,317,2024-02-18,milanpestalozzi,interior,https://www.inaturalist.org/observations/200732240
COL_ANURA_0002,Rhinella alata,199278858,6.2196290867,-74.9129906603,,2023-09-23,dbocanumenthe,interior,https://www.inaturalist.org/observations/199278858
COL_ANURA_0002,Rhinella alata,199249670,6.2688151656,-74.8308531197,,2023-09-16,dbocanumenthe,interior,https://www.inaturalist.org/observations/199249670
COL_ANURA_0002,Rhinella alata,199139729,5.8920240346,-74.8602815,15,2023-02-28,adrien_jailloux,interior,https://www.inaturalist.org/observations/199139729
COL_ANURA_0002,Rhinella alata,198152406,5.8973079089,-74.8604742558,382,2024-01-10,langli,interior,https://www.inaturalist.org/observations/198152406
COL_ANURA_0002,Rhinella alata,195928898,6.3185809571,-75.087216273,246,2023-12-31,jonago,interior,https://www.inaturalist.org/observations/195928898
COL_ANURA_0002,Rhinella alata,195723558,6.5744633602,-75.209751986,1285,2023-04-05,santiago_pineda,interior,https://www.inaturalist.org/observations/195723558
COL_ANURA_0002,Rhinella alata,195723284,6.5774766473,-75.2118488029,904,2023-04-05,santiago_pineda,interior,https://www.inaturalist.org/observations/195723284
COL_ANURA_0002,Rhinella alata,194212239,6.5442578717,-75.2498292178,333,2023-12-12,gustavogo,interior,https://www.inaturalist.org/observations/194212239
COL_ANURA_0002,Rhinella alata,193483938,6.3513633333,-75.5323033333,4,2023-12-07,emilianamt,interior,https://www.inaturalist.org/observations/193483938
COL_ANURA_0002,Rhinella alata,193425592,7.447348328,-74.8608016223,1209,2023-08-28,vipolmos,interior,https://www.inaturalist.org/observations/193425592
COL_ANURA_0002,Rhinella alata,192943412,7.1032675077,-74.7225166485,538,2023-10-14,angeldam,interior,https://www.inaturalist.org/observations/192943412
COL_ANURA_0002,Rhinella alata,191427186,5.9214713,-74.8360998,216,2023-11-18,juand20,interior,https://www.inaturalist.org/observations/191427186
COL_ANURA_0002,Rhinella alata,186459981,6.0132679405,-75.0940643996,122,2023-09-29,daruizc,interior,https://www.inaturalist.org/observations/186459981
COL_ANURA_0002,Rhinella alata,186119801,6.5800638889,-75.2078055556,,2023-09-24,maria_paulina,interior,https://www.inaturalist.org/observations/186119801
COL_ANURA_0002,Rhinella alata,183791894,6.2988533333,-75.0843721667,37,2023-09-17,sebastian737,interior,https://www.inaturalist.org/observations/183791894
COL_ANURA_0002,Rhinella alata,182790226,5.9009681,-74.856937,211,2023-08-11,richardhall,interior,https://www.inaturalist.org/observations/182790226
COL_ANURA_0002,Rhinella alata,181084248,6.2951217031,-75.0278663635,928,2023-06-24,yas17,interior,https://www.inaturalist.org/observations/181084248
COL_ANURA_0002,Rhinella alata,180110071,6.76785735,-75.26041354,5,2023-08-25,josemilla,interior,https://www.inaturalist.org/observations/180110071
COL_ANURA_0002,Rhinella alata,180110012,6.78071802,-75.26109678,10,2023-08-24,josemilla,interior,https://www.inaturalist.org/observations/180110012
COL_ANURA_0002,Rhinella alata,179581570,5.8945678622,-74.8574523296,192,2023-02-28,galewski,interior,https://www.inaturalist.org/observations/179581570
COL_ANURA_0002,Rhinella alata,165528663,6.0436527839,-75.1788096875,241,2021-08-01,ana1124,interior,https://www.inaturalist.org/observations/165528663
COL_ANURA_0002,Rhinella alata,156488738,6.5652782382,-75.1951515337,981,2022-05-16,mateogarciameja,interior,https://www.inaturalist.org/observations/156488738
COL_ANURA_0002,Rhinella alata,151170327,6.0354743965,-74.6949690886,8,2023-03-12,smejiadu,interior,https://www.inaturalist.org/observations/151170327
COL_ANURA_0002,Rhinella alata,149799441,6.2937856667,-75.1378409333,,2023-02-21,dbocanumenthe,interior,https://www.inaturalist.org/observations/149799441
COL_ANURA_0002,Rhinella alata,149356743,6.5775800419,-75.2112656218,2,2022-12-28,lauravicmc,interior,https://www.inaturalist.org/observations/149356743
COL_ANURA_0002,Rhinella alata,149356742,6.5775720482,-75.2113527936,2,2022-12-28,lauravicmc,interior,https://www.inaturalist.org/observations/149356742
COL_ANURA_0002,Rhinella alata,149356740,6.5775680514,-75.2114037555,2,2022-12-28,lauravicmc,interior,https://www.inaturalist.org/observations/149356740
COL_ANURA_0002,Rhinella alata,146535997,6.3014700708,-74.6882977038,61,2022-12-30,luis_puerto_canoa,interior,https://www.inaturalist.org/observations/146535997
COL_ANURA_0002,Rhinella alata,146349410,5.8940960965,-74.8578464062,1001,2022-11-17,elliklaus,interior,https://www.inaturalist.org/observations/146349410
COL_ANURA_0002,Rhinella alata,145440792,5.886755,-74.8528966667,,2022-12-19,pfaucher,interior,https://www.inaturalist.org/observations/145440792
COL_ANURA_0002,Rhinella alata,141926426,6.308416,-74.987475,8300,2022-11-04,manuelaml,interior,https://www.inaturalist.org/observations/141926426
COL_ANURA_0002,Rhinella alata,141336064,6.7984003537,-74.3729706715,488,2022-09-07,laurasiabatto,interior,https://www.inaturalist.org/observations/141336064
COL_ANURA_0002,Rhinella alata,136629296,6.4788930612,-75.3016112745,334,2022-09-25,sebasmc_foto,interior,https://www.inaturalist.org/observations/136629296
COL_ANURA_0002,Rhinella alata,135619861,7.5658319394,-75.3512029722,1732,,baldemarthanus,interior,https://www.inaturalist.org/observations/135619861
COL_ANURA_0002,Rhinella alata,135020316,5.966924,-74.871985,,2022-09-10,felipe_barrerao,interior,https://www.inaturalist.org/observations/135020316
COL_ANURA_0002,Rhinella alata,133259187,6.4112374712,-75.1363366684,488,2022-04-09,biottero,interior,https://www.inaturalist.org/observations/133259187
COL_ANURA_0002,Rhinella alata,133001522,6.739288,-74.2026509,211,2022-06-24,pedrojosecardonacamacho,interior,https://www.inaturalist.org/observations/133001522
COL_ANURA_0002,Rhinella alata,132040407,6.800503176,-74.206440188,8,2022-06-24,pedrojosecardonacamacho,interior,https://www.inaturalist.org/observations/132040407
COL_ANURA_0002,Rhinella alata,131634916,6.3757380169,-75.5001718551,53,2021-12-07,dianadavid81,interior,https://www.inaturalist.org/observations/131634916
COL_ANURA_0002,Rhinella alata,129940705,6.0436,-75.0029666667,12,2022-07-01,gmc1913,interior,https://www.inaturalist.org/observations/129940705
COL_ANURA_0002,Rhinella alata,129940054,5.9806366667,-74.985445,24,2022-07-27,gmc1913,interior,https://www.inaturalist.org/observations/129940054
COL_ANURA_0002,Rhinella alata,128829499,6.0432523551,-74.9945047125,631,2022-07-08,aaniira,interior,https://www.inaturalist.org/observations/128829499
COL_ANURA_0002,Rhinella alata,128828057,6.0432523551,-74.9945047125,631,2022-07-09,aaniira,interior,https://www.inaturalist.org/observations/128828057
COL_ANURA_0002,Rhinella alata,128384274,6.0494124568,-74.9917413667,246,2022-07-09,yleontolosa,interior,https://www.inaturalist.org/observations/128384274
COL_ANURA_0002,Rhinella alata,127927413,6.513889,-75.267222,,2020-08-17,biofotografo,interior,https://www.inaturalist.org/observations/127927413
COL_ANURA_0002,Rhinella alata,127315529,6.2568882247,-75.0272360049,143,2022-07-09,juanhenao35,interior,https://www.inaturalist.org/observations/127315529
COL_ANURA_0002,Rhinella alata,127315506,6.2568882247,-75.0272360049,143,2022-07-08,juanhenao35,interior,https://www.inaturalist.org/observations/127315506
COL_ANURA_0002,Rhinella alata,126744706,5.805565816,-74.8423077911,206,2022-07-17,marinolopezalcaraz,interior,https://www.inaturalist.org/observations/126744706
COL_ANURA_0002,Rhinella alata,122079069,6.762213,-74.210135,,2022-04-22,srosado,interior,https://www.inaturalist.org/observations/122079069
COL_ANURA_0002,Rhinella alata,118107250,6.3458333333,-75.5385944444,,2022-05-20,jeronimo_castrillon,interior,https://www.inaturalist.org/observations/118107250
COL_ANURA_0002,Rhinella alata,115813329,6.9279495,-74.7370518,,2022-04-30,camiloalejandro,interior,https://www.inaturalist.org/observations/115813329
COL_ANURA_0002,Rhinella alata,112339980,6.4097841778,-75.1404225826,600,2022-04-10,alejandroarangogio,interior,https://www.inaturalist.org/observations/112339980
COL_ANURA_0002,Rhinella alata,111271021,6.3567083333,-75.5405947222,,2021-07-29,jeronimo_castrillon,interior,https://www.inaturalist.org/observations/111271021
COL_ANURA_0002,Rhinella alata,106750536,6.8012151681,-74.2174005481,488,2022-02-08,danielvanderpost,interior,https://www.inaturalist.org/observations/106750536
COL_ANURA_0002,Rhinella alata,99458401,6.5782227768,-75.2118619264,35,2021-10-13,edmundocat,interior,https://www.inaturalist.org/observations/99458401
COL_ANURA_0002,Rhinella alata,99368341,6.2783236488,-75.0857439823,91,2018-02-11,simonmrog,interior,https://www.inaturalist.org/observations/99368341
COL_ANURA_0002,Rhinella alata,94962973,6.5779030307,-75.2117224522,122,2019-04-17,edmundocat,interior,https://www.inaturalist.org/observations/94962973
COL_ANURA_0002,Rhinella alata,94870330,6.5773701206,-75.2096410562,122,2013-12-29,edmundocat,interior,https://www.inaturalist.org/observations/94870330
COL_ANURA_0002,Rhinella alata,94487058,6.3527581953,-75.5394404009,118,2021-09-11,bima,interior,https://www.inaturalist.org/observations/94487058
COL_ANURA_0002,Rhinella alata,92562148,6.762101,-74.210136,,2021-08-14,srosado,interior,https://www.inaturalist.org/observations/92562148
COL_ANURA_0002,Rhinella alata,91784497,5.889028599,-75.187424487,35,2021-08-15,biottero,interior,https://www.inaturalist.org/observations/91784497
COL_ANURA_0002,Rhinella alata,89563548,6.800284,-74.203785,,2021-07-21,srosado,interior,https://www.inaturalist.org/observations/89563548
COL_ANURA_0002,Rhinella alata,86270049,6.807783,-74.204128,,2021-04-24,srosado,interior,https://www.inaturalist.org/observations/86270049
COL_ANURA_0002,Rhinella alata,86270024,6.786988,-74.210308,,2021-06-21,srosado,interior,https://www.inaturalist.org/observations/86270024
COL_ANURA_0002,Rhinella alata,86103384,6.2711754821,-75.0678319484,177,2021-07-07,uriel_gonzalez,interior,https://www.inaturalist.org/observations/86103384
COL_ANURA_0002,Rhinella alata,72028619,6.0358336111,-74.9842778611,,2018-05-11,meligy,interior,https://www.inaturalist.org/observations/72028619
COL_ANURA_0002,Rhinella alata,70004550,6.7985872201,-74.204342128,151,2021-02-18,danielvanderpost,interior,https://www.inaturalist.org/observations/70004550
COL_ANURA_0002,Rhinella alata,69513619,6.2951217031,-75.0278663635,929,2021-02-13,santiagoceli,interior,https://www.inaturalist.org/observations/69513619
COL_ANURA_0002,Rhinella alata,69122161,5.79404396,-74.94159129,1000,2021-01-23,camiloalejandro,interior,https://www.inaturalist.org/observations/69122161
COL_ANURA_0002,Rhinella alata,68696917,6.2711804812,-75.0680361316,15,2021-01-23,uriel_gonzalez,interior,https://www.inaturalist.org/observations/68696917
COL_ANURA_0002,Rhinella alata,67272032,6.262160206,-75.0486368345,5,2020-12-27,llimi,interior,https://www.inaturalist.org/observations/67272032
COL_ANURA_0002,Rhinella alata,66951762,5.9009728535,-74.8569368944,226,2020-03-10,jessusjg,interior,https://www.inaturalist.org/observations/66951762
COL_ANURA_0002,Rhinella alata,56810661,6.5216390215,-75.1991668761,2351,2020-08-17,danielplow,interior,https://www.inaturalist.org/observations/56810661
COL_ANURA_0002,Rhinella alata,52135750,5.9265725927,-74.8387166933,31,2015-01-05,vireo27,interior,https://www.inaturalist.org/observations/52135750
COL_ANURA_0002,Rhinella alata,52095758,7.0814120716,-75.1433156803,48,2020-07-05,jorgeluismejia,interior,https://www.inaturalist.org/observations/52095758
COL_ANURA_0002,Rhinella alata,44772374,5.8909272916,-74.856279621,232,2017-12-08,eligross,interior,https://www.inaturalist.org/observations/44772374
COL_ANURA_0002,Rhinella alata,41498980,7.242286584,-74.4604707463,244,2020-01-19,sebastianberrio,interior,https://www.inaturalist.org/observations/41498980
COL_ANURA_0002,Rhinella alata,41498972,7.2041952949,-74.4663072331,488,2020-01-15,sebastianberrio,interior,https://www.inaturalist.org/observations/41498972
COL_ANURA_0002,Rhinella alata,38821125,6.5397406419,-75.0776206673,4,2020-02-18,camilojotage,interior,https://www.inaturalist.org/observations/38821125
COL_ANURA_0002,Rhinella alata,38301801,5.85945,-74.8966499,2158,2019-12-20,herlaine_marin,interior,https://www.inaturalist.org/observations/38301801
COL_ANURA_0002,Rhinella alata,38041327,5.862834654,-74.8613184421,15,2019-08-24,clamozu,interior,https://www.inaturalist.org/observations/38041327
COL_ANURA_0002,Rhinella alata,37860242,6.61148,-75.17319,,2019-11-19,wilmar_agudelo,interior,https://www.inaturalist.org/observations/37860242
COL_ANURA_0002,Rhinella alata,37823864,6.005745785,-75.0951325391,15,2019-02-26,clamozu,interior,https://www.inaturalist.org/observations/37823864
COL_ANURA_0002,Rhinella alata,31445657,7.7286670589,-76.5233168536,61,2013-06-28,camilojotage,interior,https://www.inaturalist.org/observations/31445657
COL_ANURA_0002,Rhinella alata,28261289,6.0310401667,-74.9770660278,,2019-04-16,wilmar_agudelo,interior,https://www.inaturalist.org/observations/28261289
COL_ANURA_0002,Rhinella alata,28216375,5.99882,-75.11043,,2019-06-28,wilmar_agudelo,interior,https://www.inaturalist.org/observations/28216375
COL_ANURA_0002,Rhinella alata,25845832,6.32705175,-75.5729135556,,2019-03-07,ricardo_sanchez,interior,https://www.inaturalist.org/observations/25845832
COL_ANURA_0002,Rhinella alata,25318968,7.244106,-76.436567,4033,2019-01-18,desertnaturalist,interior,https://www.inaturalist.org/observations/25318968
COL_ANURA_0002,Rhinella alata,25046183,6.3276235833,-75.5715847778,,2019-03-23,ricardo_sanchez,interior,https://www.inaturalist.org/observations/25046183
COL_ANURA_0002,Rhinella alata,24758688,6.37488,-75.141637,684,2017-12-24,laned,interior,https://www.inaturalist.org/observations/24758688
COL_ANURA_0002,Rhinella alata,22964709,5.8868903239,-74.9215714261,8415,2016-03-18,llimi,interior,https://www.inaturalist.org/observations/22964709
COL_ANURA_0002,Rhinella alata,22689173,5.910575,-74.7806916667,12,2018-12-12,hanibanani,interior,https://www.inaturalist.org/observations/22689173
COL_ANURA_0002,Rhinella alata,22335615,6.893290206,-75.0616363809,698,2019-04-10,juliettealzate,interior,https://www.inaturalist.org/observations/22335615
COL_ANURA_0002,Rhinella alata,21964647,6.1700316619,-74.824419395,74,2017-04-16,veroncawi,interior,https://www.inaturalist.org/observations/21964647
COL_ANURA_0002,Rhinella alata,19468225,6.16318,-74.954101,2157,2018-12-17,wilmar_agudelo,interior,https://www.inaturalist.org/observations/19468225
COL_ANURA_0002,Rhinella alata,19468116,6.134379,-74.995278,122,2018-12-19,wilmar_agudelo,interior,https://www.inaturalist.org/observations/19468116
COL_ANURA_0002,Rhinella alata,19003696,5.8901880411,-74.8583591357,1052,2018-12-08,pao29,interior,https://www.inaturalist.org/observations/19003696
COL_ANURA_0002,Rhinella alata,17370627,6.1410507084,-75.0617672937,1,2018-10-01,camilojotage,interior,https://www.inaturalist.org/observations/17370627
COL_ANURA_0002,Rhinella alata,17370626,6.1410490028,-75.0617679643,8,2018-10-01,camilojotage,interior,https://www.inaturalist.org/observations/17370626
COL_ANURA_0002,Rhinella alata,15773611,6.7976679677,-74.2190540447,61,2018-08-19,danielvanderpost,interior,https://www.inaturalist.org/observations/15773611
COL_ANURA_0002,Rhinella alata,13996301,6.1420604328,-74.9752773063,20,2018-05-11,dbocanumenthe,interior,https://www.inaturalist.org/observations/13996301
COL_ANURA_0002,Rhinella alata,13878351,6.3285830085,-75.5708046983,31,2018-05-28,ricardo_sanchez,interior,https://www.inaturalist.org/observations/13878351
COL_ANURA_0002,Rhinella alata,13878334,6.3271495761,-75.5727159951,7,2018-06-26,ricardo_sanchez,interior,https://www.inaturalist.org/observations/13878334
COL_ANURA_0002,Rhinella alata,13831834,6.328762,-75.570831,38,2018-06-27,amesac,interior,https://www.inaturalist.org/observations/13831834
COL_ANURA_0002,Rhinella alata,12365225,6.0387026555,-74.9837048729,5,2018-05-10,juandaza,interior,https://www.inaturalist.org/observations/12365225
COL_ANURA_0002,Rhinella alata,6696481,5.9992800802,-74.8113799095,31,2017-04-19,stivensaldarriaga,interior,https://www.inaturalist.org/observations/6696481
COL_ANURA_0002,Rhinella alata,91261,6.5816185956,-75.1953833715,,2008-04-22,estebanalzate,interior,http://www.inaturalist.org/observations/91261
COL_ANURA_0024,Boana pugnax,397322774,8.855060252,-76.4269689471,32,2026-09-04,veronica353,interior,https://www.inaturalist.org/observations/397322774
COL_ANURA_0024,Boana pugnax,396620876,6.2541121203,-75.6039056182,10,2021-11-18,maria_velez,interior,https://www.inaturalist.org/observations/396620876
COL_ANURA_0024,Boana pugnax,395699620,7.5140593437,-76.5695458248,26,2026-08-28,brand2330,interior,https://www.inaturalist.org/observations/395699620
COL_ANURA_0024,Boana pugnax,394291213,6.5814508889,-75.19553375,,2026-08-24,p_sanchez-aguirre,interior,https://www.inaturalist.org/observations/394291213
COL_ANURA_0024,Boana pugnax,388465997,7.79517,-76.787575,4,2026-08-05,natorom,interior,https://www.inaturalist.org/observations/388465997
COL_ANURA_0024,Boana pugnax,379578955,7.7544047947,-76.6634227708,470,2026-07-08,thomas35028,interior,https://www.inaturalist.org/observations/379578955
COL_ANURA_0024,Boana pugnax,371450190,7.9691157461,-75.1855158806,27,2026-06-13,vipolmos,interior,https://www.inaturalist.org/observations/371450190
COL_ANURA_0024,Boana pugnax,371420318,7.9634395112,-75.1869032532,6,2026-06-13,vipolmos,interior,https://www.inaturalist.org/observations/371420318
COL_ANURA_0024,Boana pugnax,370480394,8.1394749722,-76.721648,,2026-06-10,ingrid22711,interior,https://www.inaturalist.org/observations/370480394
COL_ANURA_0024,Boana pugnax,369914033,7.8714606322,-76.6954677925,19,2026-06-08,alex_antojo,interior,https://www.inaturalist.org/observations/369914033
COL_ANURA_0024,Boana pugnax,369914023,7.8714048365,-76.6952522099,17,2026-06-08,alex_antojo,interior,https://www.inaturalist.org/observations/369914023
COL_ANURA_0024,Boana pugnax,369346632,7.2799090159,-76.5576874103,47,2026-06-06,juberlys_renteria,interior,https://www.inaturalist.org/observations/369346632
COL_ANURA_0024,Boana pugnax,368703881,8.2982025621,-76.7531158403,219,2026-06-05,jhicellopez2628,interior,https://www.inaturalist.org/observations/368703881
COL_ANURA_0024,Boana pugnax,367966478,7.7625283333,-76.66027,4,2025-12-12,brand2330,interior,https://www.inaturalist.org/observations/367966478
COL_ANURA_0024,Boana pugnax,366917996,8.5712405556,-76.6361469444,,2026-05-30,angela__2005,interior,https://www.inaturalist.org/observations/366917996
COL_ANURA_0024,Boana pugnax,366908739,7.9352484278,-76.7133815959,80,2026-05-29,yorleperez05,interior,https://www.inaturalist.org/observations/366908739
COL_ANURA_0024,Boana pugnax,366908235,7.9353616622,-76.7133551091,8,2026-05-30,yorleperez05,interior,https://www.inaturalist.org/observations/366908235
COL_ANURA_0024,Boana pugnax,366865802,8.1032885,-76.5329395,1299,2026-05-30,alexandra14817,interior,https://www.inaturalist.org/observations/366865802
COL_ANURA_0024,Boana pugnax,366489887,7.99448445,-76.6376075,756,2026-05-29,paula_ramires,interior,https://www.inaturalist.org/observations/366489887
COL_ANURA_0024,Boana pugnax,366467628,7.9357163082,-76.7176587135,971,2026-05-29,litzy7115,interior,https://www.inaturalist.org/observations/366467628
COL_ANURA_0024,Boana pugnax,366065001,8.1272583333,-76.6965183333,,2026-05-27,diego200803,interior,https://www.inaturalist.org/observations/366065001
COL_ANURA_0024,Boana pugnax,365906533,7.2798363848,-76.5577122667,21,2026-05-27,juberlys_renteria,interior,https://www.inaturalist.org/observations/365906533
COL_ANURA_0024,Boana pugnax,365264664,6.3364279532,-75.0486350432,561,2026-05-24,brayan61078,interior,https://www.inaturalist.org/observations/365264664
COL_ANURA_0024,Boana pugnax,365120679,7.5725283333,-76.6977780556,,2026-05-23,yesica64415,interior,https://www.inaturalist.org/observations/365120679
COL_ANURA_0024,Boana pugnax,364476997,8.4511448765,-76.778014116,179,2026-05-23,yaidis,interior,https://www.inaturalist.org/observations/364476997
COL_ANURA_0024,Boana pugnax,364113390,8.5245413889,-76.5364,,2026-05-18,maria_eugenia10334,interior,https://www.inaturalist.org/observations/364113390
COL_ANURA_0024,Boana pugnax,363997538,8.5400216667,-76.5543366667,6,2026-05-22,mabel65174,interior,https://www.inaturalist.org/observations/363997538
COL_ANURA_0024,Boana pugnax,363717218,8.1273947222,-76.6966997222,,2026-05-21,diego200803,interior,https://www.inaturalist.org/observations/363717218
COL_ANURA_0024,Boana pugnax,363494308,7.2799537416,-76.5576982909,113,2026-05-18,juberlys_renteria,interior,https://www.inaturalist.org/observations/363494308
COL_ANURA_0024,Boana pugnax,362480692,8.1253456291,-76.6986951604,28,2026-05-15,kiarayu2020,interior,https://www.inaturalist.org/observations/362480692
COL_ANURA_0024,Boana pugnax,361750786,7.2798243222,-76.5577723891,18,2026-05-14,juberlys_renteria,interior,https://www.inaturalist.org/observations/361750786
COL_ANURA_0024,Boana pugnax,360878445,8.5400283333,-76.5543366667,7,2026-05-09,mabel65174,interior,https://www.inaturalist.org/observations/360878445
COL_ANURA_0024,Boana pugnax,360058503,8.5244147222,-76.5368613889,,2026-05-02,tannia4223,interior,https://www.inaturalist.org/observations/360058503
COL_ANURA_0024,Boana pugnax,359786471,5.9528987748,-75.8630457368,9,2026-05-09,francisco_sornoza,interior,https://www.inaturalist.org/observations/359786471
COL_ANURA_0024,Boana pugnax,359483328,7.9347984784,-76.7002334073,9,2026-05-08,yorleperez05,interior,https://www.inaturalist.org/observations/359483328
COL_ANURA_0024,Boana pugnax,359206236,8.5212548614,-76.5306671709,5,2026-04-26,sirlyssantacruz2007,interior,https://www.inaturalist.org/observations/359206236
COL_ANURA_0024,Boana pugnax,358600663,6.3402233333,-75.035035,,2026-04-24,jhoana35540,interior,https://www.inaturalist.org/observations/358600663
COL_ANURA_0024,Boana pugnax,358354283,7.6117722335,-76.6443247721,198,2026-05-01,dilson64487,interior,https://www.inaturalist.org/observations/358354283
COL_ANURA_0024,Boana pugnax,358327062,7.1934034819,-76.4106540063,61,2026-04-22,srosado,interior,https://www.inaturalist.org/observations/358327062
COL_ANURA_0024,Boana pugnax,357795379,8.168125,-76.7366633333,14,2026-05-02,stefania41328,interior,https://www.inaturalist.org/observations/357795379
COL_ANURA_0024,Boana pugnax,357519849,8.4271735151,-76.7876781151,1845,2026-04-29,jorge47237,interior,https://www.inaturalist.org/observations/357519849
COL_ANURA_0024,Boana pugnax,355525279,7.8956723382,-76.6080710931,283,2026-04-26,juan_estevan_marin,interior,https://www.inaturalist.org/observations/355525279
COL_ANURA_0024,Boana pugnax,355000095,7.2764310781,-76.5609147772,542,2026-04-26,yorla,interior,https://www.inaturalist.org/observations/355000095
COL_ANURA_0024,Boana pugnax,354636400,8.5006751057,-76.5539051592,8,2026-04-25,edison32054,interior,https://www.inaturalist.org/observations/354636400
COL_ANURA_0024,Boana pugnax,353141513,6.2441286005,-74.8959472775,395,2026-04-24,esneider55640,interior,https://www.inaturalist.org/observations/353141513
COL_ANURA_0024,Boana pugnax,352442079,7.8071632,-76.5473665,,2026-04-23,vanessa95747,interior,https://www.inaturalist.org/observations/352442079
COL_ANURA_0024,Boana pugnax,352129242,8.5245088889,-76.5322944444,,2026-04-11,anamilethhoyoslozano,interior,https://www.inaturalist.org/observations/352129242
COL_ANURA_0024,Boana pugnax,352005102,8.5188466667,-76.5267297222,,2026-04-19,donadis,interior,https://www.inaturalist.org/observations/352005102
COL_ANURA_0024,Boana pugnax,351856334,8.4344438,-76.7855006,,2026-04-21,daniela63769,interior,https://www.inaturalist.org/observations/351856334
COL_ANURA_0024,Boana pugnax,350840405,8.0000120913,-76.6431212637,18,2026-04-16,mairaalejandra,interior,https://www.inaturalist.org/observations/350840405
COL_ANURA_0024,Boana pugnax,350664779,7.7958616667,-76.6479716667,4,2026-04-16,juanes0812,interior,https://www.inaturalist.org/observations/350664779
COL_ANURA_0024,Boana pugnax,350637245,7.5715936469,-76.7072762176,309,,nelson_enrrique,interior,https://www.inaturalist.org/observations/350637245
COL_ANURA_0024,Boana pugnax,350452596,7.7452055556,-76.5616444444,,2026-04-13,franyer_bladimi,interior,https://www.inaturalist.org/observations/350452596
COL_ANURA_0024,Boana pugnax,350423889,6.581531,-75.195549,,2026-04-16,p_sanchez-aguirre,interior,https://www.inaturalist.org/observations/350423889
COL_ANURA_0024,Boana pugnax,349792826,5.833309691,-74.9333902448,1631,2026-04-13,luisarendon31,interior,https://www.inaturalist.org/observations/349792826
COL_ANURA_0024,Boana pugnax,349769654,7.9052983268,-76.7079300061,5,2026-04-14,alexvillalupe,interior,https://www.inaturalist.org/observations/349769654
COL_ANURA_0024,Boana pugnax,349573879,5.833309691,-74.9333902448,1631,2026-04-13,luisarendon31,interior,https://www.inaturalist.org/observations/349573879
COL_ANURA_0024,Boana pugnax,349322930,8.5230038889,-76.5312836111,,2026-04-09,lidis2,interior,https://www.inaturalist.org/observations/349322930
COL_ANURA_0024,Boana pugnax,349088598,7.864661,-76.584119,84,2026-04-09,ingrid_johana2,interior,https://www.inaturalist.org/observations/349088598
COL_ANURA_0024,Boana pugnax,348834635,8.5223580556,-76.5277263889,,2026-04-10,donadis,interior,https://www.inaturalist.org/observations/348834635
COL_ANURA_0024,Boana pugnax,348162441,7.7591454076,-76.6602886096,5,2026-04-07,andrew82167,interior,https://www.inaturalist.org/observations/348162441
COL_ANURA_0024,Boana pugnax,346647543,7.8647089689,-76.5841162205,224,,dalida6,interior,https://www.inaturalist.org/observations/346647543
COL_ANURA_0024,Boana pugnax,346635306,7.2790504,-76.557134,,2026-03-31,starly16,interior,https://www.inaturalist.org/observations/346635306
COL_ANURA_0024,Boana pugnax,346259490,7.0240601335,-76.1315900087,496,2026-03-30,mardely,interior,https://www.inaturalist.org/observations/346259490
COL_ANURA_0024,Boana pugnax,346204367,8.5233338889,-76.5321308333,,2026-03-30,ingri97515,interior,https://www.inaturalist.org/observations/346204367
COL_ANURA_0024,Boana pugnax,345799449,7.9372082752,-76.7154834419,8,2026-03-28,yorleperez05,interior,https://www.inaturalist.org/observations/345799449
COL_ANURA_0024,Boana pugnax,345502908,7.3327170283,-76.4848701283,203,2026-03-27,andres_2009,interior,https://www.inaturalist.org/observations/345502908
COL_ANURA_0024,Boana pugnax,345355817,6.5121509457,-74.8981413816,1711,2026-02-16,santiagovarelaf,interior,https://www.inaturalist.org/observations/345355817
COL_ANURA_0024,Boana pugnax,345355816,6.5121509457,-74.8981413816,1711,2026-02-16,santiagovarelaf,interior,https://www.inaturalist.org/observations/345355816
COL_ANURA_0024,Boana pugnax,344897748,8.0846417319,-76.7184442654,18,2026-03-24,melisa31436,interior,https://www.inaturalist.org/observations/344897748
COL_ANURA_0024,Boana pugnax,344794643,8.4720625523,-76.7482573539,178,2026-03-23,osneider3,interior,https://www.inaturalist.org/observations/344794643
COL_ANURA_0024,Boana pugnax,344782851,8.4271735151,-76.7876781151,1845,2026-03-23,yudis4,interior,https://www.inaturalist.org/observations/344782851
COL_ANURA_0024,Boana pugnax,344606042,7.9150922063,-76.6651306674,416,2026-03-19,dannis1,interior,https://www.inaturalist.org/observations/344606042
COL_ANURA_0024,Boana pugnax,344048974,7.6977335679,-76.7149228603,1568,2026-03-20,ludysyanes09,interior,https://www.inaturalist.org/observations/344048974
COL_ANURA_0024,Boana pugnax,342788268,7.8541157255,-76.6626036074,7,2026-03-13,javier64535,interior,https://www.inaturalist.org/observations/342788268
COL_ANURA_0024,Boana pugnax,342779771,7.2764310781,-76.5609147772,542,2026-03-11,yurleidis1,interior,https://www.inaturalist.org/observations/342779771
COL_ANURA_0024,Boana pugnax,342659379,8.5216875665,-76.5310782194,211,2026-03-03,sirlyssantacruz2007,interior,https://www.inaturalist.org/observations/342659379
COL_ANURA_0024,Boana pugnax,342538813,6.5446916667,-74.7870416667,,2026-03-12,agni_yurani,interior,https://www.inaturalist.org/observations/342538813
COL_ANURA_0024,Boana pugnax,342509492,8.5187063889,-76.5273347222,,2026-03-07,donadis,interior,https://www.inaturalist.org/observations/342509492
COL_ANURA_0024,Boana pugnax,342264026,7.679953,-76.7631295,2391,2026-03-09,miguel_ramirez21,interior,https://www.inaturalist.org/observations/342264026
COL_ANURA_0024,Boana pugnax,342161783,7.332327,-76.4850604,,2026-03-09,miguel40249,interior,https://www.inaturalist.org/observations/342161783
COL_ANURA_0024,Boana pugnax,342119019,6.3582,-75.011025,9,2026-03-07,carolina18751,interior,https://www.inaturalist.org/observations/342119019
COL_ANURA_0024,Boana pugnax,342091785,7.2797604886,-76.5581710924,970,2026-03-08,unirse_manuel_ramos,interior,https://www.inaturalist.org/observations/342091785
COL_ANURA_0024,Boana pugnax,342015940,8.6361893,-76.7201345,,2026-03-08,esteban76083,interior,https://www.inaturalist.org/observations/342015940
COL_ANURA_0024,Boana pugnax,341764300,8.5399913889,-76.5542847222,,2026-02-13,mabel65174,interior,https://www.inaturalist.org/observations/341764300
COL_ANURA_0024,Boana pugnax,341605888,5.874939,-74.9239685,937,2026-02-06,marta200917,interior,https://www.inaturalist.org/observations/341605888
COL_ANURA_0024,Boana pugnax,341577041,8.5206508333,-76.6273719444,,2026-03-01,yinis_edith,interior,https://www.inaturalist.org/observations/341577041
COL_ANURA_0024,Boana pugnax,341453409,7.796209,-76.7877409722,,2026-01-21,andry_marcela,interior,https://www.inaturalist.org/observations/341453409
COL_ANURA_0024,Boana pugnax,341453039,7.864661,-76.584119,84,2026-03-05,ingrid_johana2,interior,https://www.inaturalist.org/observations/341453039
COL_ANURA_0024,Boana pugnax,341330050,6.9848583333,-75.1118083333,4,2026-03-04,camerondeckert,interior,https://www.inaturalist.org/observations/341330050
COL_ANURA_0024,Boana pugnax,341216307,6.9847666667,-75.1118305,7,2026-03-03,camerondeckert,interior,https://www.inaturalist.org/observations/341216307
COL_ANURA_0024,Boana pugnax,341096478,8.445854406,-76.7915364712,383,2026-03-01,mariapaz64936,interior,https://www.inaturalist.org/observations/341096478
COL_ANURA_0024,Boana pugnax,340981168,8.5306613889,-76.539495,,2026-03-02,ingris5,interior,https://www.inaturalist.org/observations/340981168
COL_ANURA_0024,Boana pugnax,340794077,7.6620816997,-76.6194191,,2026-02-17,david33048,interior,https://www.inaturalist.org/observations/340794077
COL_ANURA_0024,Boana pugnax,340771678,8.6360818,-76.7203292,,2026-03-01,esteban76083,interior,https://www.inaturalist.org/observations/340771678
COL_ANURA_0024,Boana pugnax,340253549,8.5478465825,-76.6681971028,211,,harleydis,interior,https://www.inaturalist.org/observations/340253549
COL_ANURA_0024,Boana pugnax,340233594,8.4271735151,-76.7876781151,1845,2026-02-23,lidis2,interior,https://www.inaturalist.org/observations/340233594
COL_ANURA_0024,Boana pugnax,340165783,5.862045759,-74.8703844845,224,2026-01-28,emanuel34736,interior,https://www.inaturalist.org/observations/340165783
COL_ANURA_0024,Boana pugnax,339953685,6.5788407365,-75.2547738731,2,2018-03-27,khristimantis,interior,https://www.inaturalist.org/observations/339953685
COL_ANURA_0024,Boana pugnax,339796207,6.3580273414,-75.0109804484,20,2026-02-22,carolina18751,interior,https://www.inaturalist.org/observations/339796207
COL_ANURA_0024,Boana pugnax,339500068,7.9358820088,-76.7002773285,6,2026-01-15,yorleperez05,interior,https://www.inaturalist.org/observations/339500068
COL_ANURA_0024,Boana pugnax,339499238,7.9397764516,-76.7169992253,5,2026-02-18,yorleperez05,interior,https://www.inaturalist.org/observations/339499238
COL_ANURA_0024,Boana pugnax,339498967,7.9421563338,-76.7201826721,27,2026-02-17,yorleperez05,interior,https://www.inaturalist.org/observations/339498967
COL_ANURA_0024,Boana pugnax,339233884,7.6794299214,-76.7616784573,5,2026-02-17,mildreye,interior,https://www.inaturalist.org/observations/339233884
COL_ANURA_0024,Boana pugnax,339208065,7.0513781745,-74.6514505716,2,2021-08-14,khristimantis,interior,https://www.inaturalist.org/observations/339208065
COL_ANURA_0024,Boana pugnax,339083939,8.5566727237,-76.6285825521,24,2026-02-16,juanmarcos_marin,interior,https://www.inaturalist.org/observations/339083939
COL_ANURA_0024,Boana pugnax,339023520,7.9280793975,-76.7263135314,56,2026-01-19,yorleperez05,interior,https://www.inaturalist.org/observations/339023520
COL_ANURA_0024,Boana pugnax,338974867,7.9352082478,-76.7133681849,8,2025-12-04,yorleperez05,interior,https://www.inaturalist.org/observations/338974867
COL_ANURA_0024,Boana pugnax,338786760,8.5006766667,-76.553725,,2026-02-15,dayanis22,interior,https://www.inaturalist.org/observations/338786760
COL_ANURA_0024,Boana pugnax,338648980,7.2799333671,-76.5576745115,79,2026-02-09,juberlys_renteria,interior,https://www.inaturalist.org/observations/338648980
COL_ANURA_0024,Boana pugnax,338638796,7.8687495516,-76.5776323155,576,2026-02-14,alejandra98369,interior,https://www.inaturalist.org/observations/338638796
COL_ANURA_0024,Boana pugnax,338596229,7.2799053321,-76.5576362427,49,2026-02-14,juberlys_renteria,interior,https://www.inaturalist.org/observations/338596229
COL_ANURA_0024,Boana pugnax,338446208,8.541311,-76.5565899722,,2026-02-12,yeison80969,interior,https://www.inaturalist.org/observations/338446208
COL_ANURA_0024,Boana pugnax,338364253,7.7899720389,-76.5518861264,7,2026-02-11,darlisc,interior,https://www.inaturalist.org/observations/338364253
COL_ANURA_0024,Boana pugnax,338339292,8.4271735151,-76.7876781151,1845,2026-02-12,angie2335,interior,https://www.inaturalist.org/observations/338339292
COL_ANURA_0024,Boana pugnax,338312660,5.7980100445,-74.8482700065,211,2026-02-12,arelis375,interior,https://www.inaturalist.org/observations/338312660
COL_ANURA_0024,Boana pugnax,338167705,5.8232200572,-75.9324931231,2,2026-02-05,camilojotage,interior,https://www.inaturalist.org/observations/338167705
COL_ANURA_0024,Boana pugnax,338145605,8.0504779438,-76.6955710575,100,2026-02-10,eylin8,interior,https://www.inaturalist.org/observations/338145605
COL_ANURA_0024,Boana pugnax,337559496,7.279418252,-76.5588404729,35,2026-02-04,unirse_manuel_ramos,interior,https://www.inaturalist.org/observations/337559496
COL_ANURA_0024,Boana pugnax,337343873,7.3355399018,-76.4895090088,656,2026-02-04,dahianna_lucia,interior,https://www.inaturalist.org/observations/337343873
COL_ANURA_0024,Boana pugnax,337219741,7.76708232,-76.69480902,,2026-01-30,f_montanita,interior,https://www.inaturalist.org/observations/337219741
COL_ANURA_0024,Boana pugnax,336231861,8.0737491887,-76.7191806958,2028,2026-01-24,carlosnobles,interior,https://www.inaturalist.org/observations/336231861
COL_ANURA_0024,Boana pugnax,335759415,7.9349983822,-76.7002833635,5,2026-01-22,yorleperez05,interior,https://www.inaturalist.org/observations/335759415
COL_ANURA_0024,Boana pugnax,335439267,8.6741590928,-76.6237961501,574,2026-01-19,ronald43505,interior,https://www.inaturalist.org/observations/335439267
COL_ANURA_0024,Boana pugnax,333245948,5.8702138889,-75.7579361111,,2026-01-02,sgv_amazonas,interior,https://www.inaturalist.org/observations/333245948
COL_ANURA_0024,Boana pugnax,333047156,6.4821747623,-75.8202673495,229,2025-12-24,sara_96003,interior,https://www.inaturalist.org/observations/333047156
COL_ANURA_0024,Boana pugnax,329859660,6.4430410685,-74.4505673851,61,2024-09-26,juliandariorios,interior,https://www.inaturalist.org/observations/329859660
COL_ANURA_0024,Boana pugnax,326896418,5.85465528,-74.87066849,,2025-09-30,bnatalia_parraa,interior,https://www.inaturalist.org/observations/326896418
COL_ANURA_0024,Boana pugnax,325339274,7.9961391,-75.1982413,,2025-10-17,carlos_mario4,interior,https://www.inaturalist.org/observations/325339274
COL_ANURA_0024,Boana pugnax,325187456,5.6951910817,-75.6659442578,26,2025-11-06,kellybrujadelmonte,interior,https://www.inaturalist.org/observations/325187456
COL_ANURA_0024,Boana pugnax,325182258,5.6951375,-75.66580278,10,2025-11-06,sebastian1145,interior,https://www.inaturalist.org/observations/325182258
COL_ANURA_0024,Boana pugnax,325180254,5.6950463997,-75.6658371997,,2025-11-06,juan_manuel73,interior,https://www.inaturalist.org/observations/325180254
COL_ANURA_0024,Boana pugnax,324655587,8.2251138889,-76.7528777778,,2023-01-13,erikpalacio_92,interior,https://www.inaturalist.org/observations/324655587
COL_ANURA_0024,Boana pugnax,324655586,8.2250333333,-76.7526333333,,2023-01-11,erikpalacio_92,interior,https://www.inaturalist.org/observations/324655586
COL_ANURA_0024,Boana pugnax,324224619,7.7901601667,-76.671051,,2025-10-29,jaison_alamos,interior,https://www.inaturalist.org/observations/324224619
COL_ANURA_0024,Boana pugnax,323822538,5.8608520794,-74.8712501675,84,2025-10-27,sebasmc_foto,interior,https://www.inaturalist.org/observations/323822538
COL_ANURA_0024,Boana pugnax,320744587,6.985334263,-75.1138693839,122,2025-10-11,fundacion_proaves,interior,https://www.inaturalist.org/observations/320744587
COL_ANURA_0024,Boana pugnax,320669010,7.871459968,-76.6952337697,6,2025-10-13,alex_antojo,interior,https://www.inaturalist.org/observations/320669010
COL_ANURA_0024,Boana pugnax,319045276,6.5767408966,-75.2101124078,30,2025-10-05,lauravicmc,interior,https://www.inaturalist.org/observations/319045276
COL_ANURA_0024,Boana pugnax,317919129,7.7701531276,-76.8723487882,1169,2025-09-29,alexa_costa_rica,interior,https://www.inaturalist.org/observations/317919129
COL_ANURA_0024,Boana pugnax,315417106,6.0530361667,-75.514375,52,2025-09-20,samuelbio,interior,https://www.inaturalist.org/observations/315417106
COL_ANURA_0024,Boana pugnax,300695477,5.853473,-74.8699699722,,2025-07-20,camilo_gz,interior,https://www.inaturalist.org/observations/300695477
COL_ANURA_0024,Boana pugnax,300433689,7.7875005971,-76.7795389518,20,2025-07-16,camilo_laesperanzaviveros,interior,https://www.inaturalist.org/observations/300433689
COL_ANURA_0024,Boana pugnax,296672361,6.5316718507,-75.8260387927,211,2025-07-09,juanitaramirez,interior,https://www.inaturalist.org/observations/296672361
COL_ANURA_0024,Boana pugnax,296157182,5.7594873519,-75.6789487145,36,2021-07-18,josemuribe,interior,https://www.inaturalist.org/observations/296157182
COL_ANURA_0024,Boana pugnax,295383283,6.581576,-75.195413,,2025-07-03,p_sanchez-aguirre,interior,https://www.inaturalist.org/observations/295383283
COL_ANURA_0024,Boana pugnax,293967864,8.4641553,-76.800739,20,2025-06-30,norberto3,interior,https://www.inaturalist.org/observations/293967864
COL_ANURA_0024,Boana pugnax,292423488,5.68083,-75.7089166667,9,2025-04-08,aleja_agu,interior,https://www.inaturalist.org/observations/292423488
COL_ANURA_0024,Boana pugnax,290920932,6.5822072079,-75.1941817626,1036,2025-05-27,p_sanchez-aguirre,interior,https://www.inaturalist.org/observations/290920932
COL_ANURA_0024,Boana pugnax,290841242,7.0631133,-75.6898702,,2024-11-19,bowserjk,interior,https://www.inaturalist.org/observations/290841242
COL_ANURA_0024,Boana pugnax,289880494,7.774187,-76.6640809722,,2025-06-13,vanevepi20,interior,https://www.inaturalist.org/observations/289880494
COL_ANURA_0024,Boana pugnax,289879801,7.7742769722,-76.6641199722,,2025-06-13,vanevepi20,interior,https://www.inaturalist.org/observations/289879801
COL_ANURA_0024,Boana pugnax,288904718,5.9557424784,-75.7978744176,63,2025-06-11,juancaf10,interior,https://www.inaturalist.org/observations/288904718
COL_ANURA_0024,Boana pugnax,288627658,7.7863901045,-76.6547002271,491,2025-06-02,cecilia61592,interior,https://www.inaturalist.org/observations/288627658
COL_ANURA_0024,Boana pugnax,287761640,8.2249429722,-76.752564,,2025-06-07,camilo_gz,interior,https://www.inaturalist.org/observations/287761640
COL_ANURA_0024,Boana pugnax,287745625,8.2251989722,-76.752553,,2025-06-07,camilo_gz,interior,https://www.inaturalist.org/observations/287745625
COL_ANURA_0024,Boana pugnax,272461001,7.8870091648,-74.7960752749,61,2025-02-18,dinagerman,interior,https://www.inaturalist.org/observations/272461001
COL_ANURA_0024,Boana pugnax,270857264,8.3303274652,-76.7528938875,37,,salomeqm,interior,https://www.inaturalist.org/observations/270857264
COL_ANURA_0024,Boana pugnax,269304122,6.6184259158,-75.1583072361,2,2025-03-09,camilojotage,interior,https://www.inaturalist.org/observations/269304122
COL_ANURA_0024,Boana pugnax,269304121,6.6184955623,-75.1583213564,4,2025-03-09,camilojotage,interior,https://www.inaturalist.org/observations/269304121
COL_ANURA_0024,Boana pugnax,267393623,7.5842006395,-74.8008709422,61,2025-03-20,dayanavillegas,interior,https://www.inaturalist.org/observations/267393623
COL_ANURA_0024,Boana pugnax,267391964,7.5843388195,-74.8006510997,1,2025-03-05,sergiosvs,interior,https://www.inaturalist.org/observations/267391964
COL_ANURA_0024,Boana pugnax,267390175,7.584659051,-74.8006297458,61,2025-03-15,fernandaroqueme,interior,https://www.inaturalist.org/observations/267390175
COL_ANURA_0024,Boana pugnax,267385023,7.5848397539,-74.8008211159,61,2025-03-27,yurmeilisvergara,interior,https://www.inaturalist.org/observations/267385023
COL_ANURA_0024,Boana pugnax,266406128,7.6664021144,-76.6792833433,2316,2025-03-22,tomas74348,interior,https://www.inaturalist.org/observations/266406128
COL_ANURA_0024,Boana pugnax,266337352,6.496696,-75.7835019722,,2025-03-22,camilo_gz,interior,https://www.inaturalist.org/observations/266337352
COL_ANURA_0024,Boana pugnax,264894166,6.4456107011,-75.7245771477,61,2025-02-22,alberto82359,interior,https://www.inaturalist.org/observations/264894166
COL_ANURA_0024,Boana pugnax,262853801,6.3494739945,-75.7744039223,958,2025-02-22,nicozambranod98,interior,https://www.inaturalist.org/observations/262853801
COL_ANURA_0024,Boana pugnax,262166273,6.3382873233,-75.532338707,2,2022-10-19,davidangel-v,interior,https://www.inaturalist.org/observations/262166273
COL_ANURA_0024,Boana pugnax,262166266,6.3382873233,-75.532338707,2,2022-11-23,davidangel-v,interior,https://www.inaturalist.org/observations/262166266
COL_ANURA_0024,Boana pugnax,260858225,7.8716509722,-76.6951619722,,2025-02-06,dwkfoster,interior,https://www.inaturalist.org/observations/260858225
COL_ANURA_0024,Boana pugnax,257189943,5.8702583414,-75.7592916667,20,2025-01-01,coleman3,interior,https://www.inaturalist.org/observations/257189943
COL_ANURA_0024,Boana pugnax,257189647,5.8701604714,-75.7584338139,20,2025-01-01,coleman3,interior,https://www.inaturalist.org/observations/257189647
COL_ANURA_0024,Boana pugnax,257092339,5.8707721814,-75.7592944091,20,2025-01-01,coleman3,interior,https://www.inaturalist.org/observations/257092339
COL_ANURA_0024,Boana pugnax,256923072,6.9078452,-75.0744564,4125,2022-12-10,barinasuchus_arveloi,interior,https://www.inaturalist.org/observations/256923072
COL_ANURA_0024,Boana pugnax,256880743,7.755354,-76.655431,1288,2023-01-14,practicante_sp,interior,https://www.inaturalist.org/observations/256880743
COL_ANURA_0024,Boana pugnax,256828472,5.9694987513,-75.8377778158,571,2024-12-30,markvigliotti,interior,https://www.inaturalist.org/observations/256828472
COL_ANURA_0024,Boana pugnax,256722346,5.8688666714,-75.7609866667,20,2024-12-29,coleman3,interior,https://www.inaturalist.org/observations/256722346
COL_ANURA_0024,Boana pugnax,256178354,5.8342316688,-74.8319739928,1870,2024-12-12,zulma_correa,interior,https://www.inaturalist.org/observations/256178354
COL_ANURA_0024,Boana pugnax,255819528,5.7733283333,-75.633445,5,2024-12-21,andres_piedrahita,interior,https://www.inaturalist.org/observations/255819528
COL_ANURA_0024,Boana pugnax,254744789,7.5967945614,-75.3178966418,5,2024-12-10,vipolmos,interior,https://www.inaturalist.org/observations/254744789
COL_ANURA_0024,Boana pugnax,254526133,7.7759796508,-76.6644769246,634,2024-09-24,damarinzu,interior,https://www.inaturalist.org/observations/254526133
COL_ANURA_0024,Boana pugnax,253410931,8.0141213967,-75.0716618076,407,2024-11-02,yuliana_vanessa_1416,interior,https://www.inaturalist.org/observations/253410931
COL_ANURA_0024,Boana pugnax,251732843,7.73817,-76.69776,100,2024-03-24,felipe_barrerao,interior,https://www.inaturalist.org/observations/251732843
COL_ANURA_0024,Boana pugnax,250858615,6.581703,-75.195581,,2024-11-07,p_sanchez-aguirre,interior,https://www.inaturalist.org/observations/250858615
COL_ANURA_0024,Boana pugnax,249395988,7.9163189155,-76.6231906414,198,2024-10-19,shaira76066,interior,https://www.inaturalist.org/observations/249395988
COL_ANURA_0024,Boana pugnax,245262752,7.7853055556,-76.7767944444,,2024-10-02,cristian9110,interior,https://www.inaturalist.org/observations/245262752
COL_ANURA_0024,Boana pugnax,244030360,7.7587510783,-76.7262374237,4019,,orlando51850,interior,https://www.inaturalist.org/observations/244030360
COL_ANURA_0024,Boana pugnax,243710093,7.77413,-76.6635757,179,2019-10-02,amarsepu,interior,https://www.inaturalist.org/observations/243710093
COL_ANURA_0024,Boana pugnax,240939523,6.5815307502,-75.1955228671,20,2024-09-09,p_sanchez-aguirre,interior,https://www.inaturalist.org/observations/240939523
COL_ANURA_0024,Boana pugnax,240459260,8.4447734418,-76.7919602618,5,,marcela446,interior,https://www.inaturalist.org/observations/240459260
COL_ANURA_0024,Boana pugnax,238756825,7.7874083333,-76.6794194444,,2024-08-30,manusanta,interior,https://www.inaturalist.org/observations/238756825
COL_ANURA_0024,Boana pugnax,235344117,6.508737,-75.737171,6525,2019-12-28,molinina,interior,https://www.inaturalist.org/observations/235344117
COL_ANURA_0024,Boana pugnax,233374733,5.931948,-74.813451,184,2022-07-13,ivanlau,interior,https://www.inaturalist.org/observations/233374733
COL_ANURA_0024,Boana pugnax,225527577,7.889500646,-74.7906947215,1577,2024-06-26,dinagerman,interior,https://www.inaturalist.org/observations/225527577
COL_ANURA_0024,Boana pugnax,224309511,6.5820096997,-75.195289515,80,2024-06-21,p_sanchez-aguirre,interior,https://www.inaturalist.org/observations/224309511
COL_ANURA_0024,Boana pugnax,224017282,7.8847133333,-74.7859033333,4,2024-06-13,olmedo_sierra,interior,https://www.inaturalist.org/observations/224017282
COL_ANURA_0024,Boana pugnax,222214331,6.5812916083,-75.1958816126,7,2022-08-18,p_sanchez-aguirre,interior,https://www.inaturalist.org/observations/222214331
COL_ANURA_0024,Boana pugnax,219461688,8.4446519722,-76.79188,,2023-09-21,marcela446,interior,https://www.inaturalist.org/observations/219461688
COL_ANURA_0024,Boana pugnax,214247419,6.3275336902,-75.5573800206,48,,elianavergara,interior,https://www.inaturalist.org/observations/214247419
COL_ANURA_0024,Boana pugnax,212307071,5.6551079415,-75.6469148397,211,2024-04-30,elkinusma,interior,https://www.inaturalist.org/observations/212307071
COL_ANURA_0024,Boana pugnax,212007614,5.8397218683,-74.8380592495,138,2024-02-15,tour_de,interior,https://www.inaturalist.org/observations/212007614
COL_ANURA_0024,Boana pugnax,212002445,5.8395133333,-74.8148583333,5,2023-04-14,tour_de,interior,https://www.inaturalist.org/observations/212002445
COL_ANURA_0024,Boana pugnax,211996582,5.84802,-74.8251883333,11,2024-01-20,tour_de,interior,https://www.inaturalist.org/observations/211996582
COL_ANURA_0024,Boana pugnax,211145205,5.8696722222,-75.7602638889,,2024-04-20,sesernam,interior,https://www.inaturalist.org/observations/211145205
COL_ANURA_0024,Boana pugnax,209193286,6.2132493478,-75.5535413849,2271,2024-04-24,jota16798,interior,https://www.inaturalist.org/observations/209193286
COL_ANURA_0024,Boana pugnax,207743520,5.934017833,-74.7563743963,33,2024-04-14,danny1331,interior,https://www.inaturalist.org/observations/207743520
COL_ANURA_0024,Boana pugnax,206316406,5.9293204968,-74.8214609086,9310,2024-03-24,nagudelos,interior,https://www.inaturalist.org/observations/206316406
COL_ANURA_0024,Boana pugnax,205170261,6.3308833419,-75.7630489145,984,2024-04-02,yulianacm,interior,https://www.inaturalist.org/observations/205170261
COL_ANURA_0024,Boana pugnax,204268618,5.930788,-74.71678645,3525,2024-03-27,pabloospinaa,interior,https://www.inaturalist.org/observations/204268618
COL_ANURA_0024,Boana pugnax,202492014,6.4428257,-75.7277669,794,2017-04-14,claudia149,interior,https://www.inaturalist.org/observations/202492014
COL_ANURA_0024,Boana pugnax,196539586,7.5310333333,-75.3678966667,4,2024-01-12,danielasalazarsuaza,interior,https://www.inaturalist.org/observations/196539586
COL_ANURA_0024,Boana pugnax,196479638,5.7469418974,-75.6064030901,1026,2024-01-12,isabela85,interior,https://www.inaturalist.org/observations/196479638
COL_ANURA_0024,Boana pugnax,195727994,6.5755601628,-75.2099886909,1375,2023-04-04,santiago_pineda,interior,https://www.inaturalist.org/observations/195727994
COL_ANURA_0024,Boana pugnax,193939733,5.7564198055,-75.649349615,923,2023-12-12,tene_19,interior,https://www.inaturalist.org/observations/193939733
COL_ANURA_0024,Boana pugnax,193378134,7.8809564152,-76.6385710984,37,2023-11-18,carlosbranun,interior,https://www.inaturalist.org/observations/193378134
COL_ANURA_0024,Boana pugnax,189351688,8.4271735151,-76.7876781151,1845,2022-01-07,isabel32629,interior,https://www.inaturalist.org/observations/189351688
COL_ANURA_0024,Boana pugnax,188523936,6.0112107624,-75.7554283377,244,2023-10-07,jajp,interior,https://www.inaturalist.org/observations/188523936
COL_ANURA_0024,Boana pugnax,188358914,6.4293632661,-75.7202954757,23,2023-10-21,juan_santana_07,interior,https://www.inaturalist.org/observations/188358914
COL_ANURA_0024,Boana pugnax,186783174,6.0299361111,-75.1753388889,,2023-04-22,martin12501,interior,https://www.inaturalist.org/observations/186783174
COL_ANURA_0024,Boana pugnax,182771628,8.4386111111,-76.7919444444,50,2023-07-22,felipe_barrerao,interior,https://www.inaturalist.org/observations/182771628
COL_ANURA_0024,Boana pugnax,178628066,5.6799682092,-75.715481249,317,2023-07-26,alejandro145,interior,https://www.inaturalist.org/observations/178628066
COL_ANURA_0024,Boana pugnax,172254535,6.2638944444,-75.5778972222,,2023-07-10,maybedoya,interior,https://www.inaturalist.org/observations/172254535
COL_ANURA_0024,Boana pugnax,171144858,6.4592427467,-75.7375406052,21,2023-07-03,johnwilmar,interior,https://www.inaturalist.org/observations/171144858
COL_ANURA_0024,Boana pugnax,163530624,6.583333333,-74.84027778,,2013-08-21,juditycarmona,interior,https://www.inaturalist.org/observations/163530624
COL_ANURA_0024,Boana pugnax,161434443,5.8940960965,-74.8578464062,1001,2022-11-18,elliklaus,interior,https://www.inaturalist.org/observations/161434443
COL_ANURA_0024,Boana pugnax,160138822,6.4536108224,-75.7881019637,472,2023-03-25,speedbas_sc,interior,https://www.inaturalist.org/observations/160138822
COL_ANURA_0024,Boana pugnax,158813074,6.3576367091,-75.4980064455,2,2023-04-30,danielhincapie,interior,https://www.inaturalist.org/observations/158813074
COL_ANURA_0024,Boana pugnax,156922004,7.6743295599,-76.6309130564,175,2021-07-05,carlosbranun,interior,https://www.inaturalist.org/observations/156922004
COL_ANURA_0024,Boana pugnax,156619761,7.55487628,-76.59246639,5,2023-04-25,juan_fernando19,interior,https://www.inaturalist.org/observations/156619761
COL_ANURA_0024,Boana pugnax,156490663,5.6820128587,-75.7132848257,340,2022-03-05,mateogarciameja,interior,https://www.inaturalist.org/observations/156490663
COL_ANURA_0024,Boana pugnax,154105200,6.5766519066,-75.2097848401,15,2023-04-04,edmundocat,interior,https://www.inaturalist.org/observations/154105200
COL_ANURA_0024,Boana pugnax,146238589,5.850515421,-75.7512762398,6,2023-01-09,edmundocat,interior,https://www.inaturalist.org/observations/146238589
COL_ANURA_0024,Boana pugnax,146095174,6.2363495833,-75.5473918818,42,2022-12-29,vagomezc,interior,https://www.inaturalist.org/observations/146095174
COL_ANURA_0024,Boana pugnax,145922463,6.5765918765,-75.2100345612,4,2022-12-27,lauravicmc,interior,https://www.inaturalist.org/observations/145922463
COL_ANURA_0024,Boana pugnax,145230155,6.5765876845,-75.209986344,28,2022-12-27,edmundocat,interior,https://www.inaturalist.org/observations/145230155
COL_ANURA_0024,Boana pugnax,144971537,6.3997583333,-75.7294433333,9,2022-12-24,romeroandres,interior,https://www.inaturalist.org/observations/144971537
COL_ANURA_0024,Boana pugnax,141500617,5.9332966667,-74.813805,16,2022-11-08,dmehlman,interior,https://www.inaturalist.org/observations/141500617
COL_ANURA_0024,Boana pugnax,138329542,5.8992833333,-74.7224416667,16,2022-10-10,miguelmoreno7,interior,https://www.inaturalist.org/observations/138329542
COL_ANURA_0024,Boana pugnax,137228719,6.4717082901,-75.2872265875,201,2022-10-01,edison_yarce,interior,https://www.inaturalist.org/observations/137228719
COL_ANURA_0024,Boana pugnax,136583468,7.7749195268,-76.6676101677,288,2022-09-13,sesernam,interior,https://www.inaturalist.org/observations/136583468
COL_ANURA_0024,Boana pugnax,135614390,7.7737608425,-76.6634588756,15,2022-09-13,julianbiol,interior,https://www.inaturalist.org/observations/135614390
COL_ANURA_0024,Boana pugnax,133127608,7.1058523984,-74.7069905198,908,2022-02-17,biottero,interior,https://www.inaturalist.org/observations/133127608
COL_ANURA_0024,Boana pugnax,132198370,6.8005972544,-74.2064506531,4,2021-04-17,pedrojosecardonacamacho,interior,https://www.inaturalist.org/observations/132198370
COL_ANURA_0024,Boana pugnax,132198368,6.8005788516,-74.2064498901,4,2021-04-17,pedrojosecardonacamacho,interior,https://www.inaturalist.org/observations/132198368
COL_ANURA_0024,Boana pugnax,132198365,6.800599,-74.206428,2,2021-04-17,pedrojosecardonacamacho,interior,https://www.inaturalist.org/observations/132198365
COL_ANURA_0024,Boana pugnax,132198362,6.800588,-74.206445,2,2021-04-17,pedrojosecardonacamacho,interior,https://www.inaturalist.org/observations/132198362
COL_ANURA_0024,Boana pugnax,131821179,6.7259481288,-74.1943246527,3,2021-04-17,pedrojosecardonacamacho,interior,https://www.inaturalist.org/observations/131821179
COL_ANURA_0024,Boana pugnax,130787374,6.1787123678,-75.5845108031,,2022-08-01,ttom74,interior,https://www.inaturalist.org/observations/130787374
COL_ANURA_0024,Boana pugnax,129612144,6.560725,-75.8316583333,,2022-07-29,julian451,interior,https://www.inaturalist.org/observations/129612144
COL_ANURA_0018,Dendrobates truncatus,397008787,7.0809778333,-74.7011866667,4,2026-05-05,brand2330,interior,https://www.inaturalist.org/observations/397008787
COL_ANURA_0018,Dendrobates truncatus,394118627,6.0186465915,-74.966756925,237,2026-08-24,ecocagui,interior,https://www.inaturalist.org/observations/394118627
COL_ANURA_0018,Dendrobates truncatus,392934828,6.5541081429,-74.7880935669,,2026-08-18,dulcemaria_preciado,interior,https://www.inaturalist.org/observations/392934828
COL_ANURA_0018,Dendrobates truncatus,392293011,7.1112855763,-75.5360899866,450,2024-10-10,san_semilla,interior,https://www.inaturalist.org/observations/392293011
COL_ANURA_0018,Dendrobates truncatus,384632854,5.9761926647,-75.1153308429,9,2026-07-24,david_corsello,interior,https://www.inaturalist.org/observations/384632854
COL_ANURA_0018,Dendrobates truncatus,384632777,5.976232223,-75.1154071554,2,2026-07-24,david_corsello,interior,https://www.inaturalist.org/observations/384632777
COL_ANURA_0018,Dendrobates truncatus,384632725,5.9762322133,-75.1154071439,2,2026-07-24,david_corsello,interior,https://www.inaturalist.org/observations/384632725
COL_ANURA_0018,Dendrobates truncatus,383676792,6.2181994831,-74.9192980864,6,2026-07-21,laingjoe,interior,https://www.inaturalist.org/observations/383676792
COL_ANURA_0018,Dendrobates truncatus,381882758,5.9737533262,-75.1038882136,673,2026-07-12,juan_jose4072,interior,https://www.inaturalist.org/observations/381882758
COL_ANURA_0018,Dendrobates truncatus,381480407,5.9540064,-74.8695513,20,2026-03-09,jmhill,interior,https://www.inaturalist.org/observations/381480407
COL_ANURA_0018,Dendrobates truncatus,369064323,6.187979,-74.993227,1126,2026-06-05,profe_mire,interior,https://www.inaturalist.org/observations/369064323
COL_ANURA_0018,Dendrobates truncatus,366922346,6.2729815,-74.9134295,685,2026-05-30,yamith1,interior,https://www.inaturalist.org/observations/366922346
COL_ANURA_0018,Dendrobates truncatus,366896108,6.2498204638,-74.9606953977,80,2026-05-06,yamith1,interior,https://www.inaturalist.org/observations/366896108
COL_ANURA_0018,Dendrobates truncatus,366886999,5.874939,-74.9239685,937,2026-05-30,marta200917,interior,https://www.inaturalist.org/observations/366886999
COL_ANURA_0018,Dendrobates truncatus,366874852,5.8785338851,-74.8646401986,211,2026-05-30,urias_salomon,interior,https://www.inaturalist.org/observations/366874852
COL_ANURA_0018,Dendrobates truncatus,366501293,6.3791899827,-74.8574901,1449,2026-05-29,lina70595,interior,https://www.inaturalist.org/observations/366501293
COL_ANURA_0018,Dendrobates truncatus,366330921,6.3316077889,-75.0105976313,529,2026-04-17,luisa66124,interior,https://www.inaturalist.org/observations/366330921
COL_ANURA_0018,Dendrobates truncatus,366050169,7.9260991068,-76.6172540985,18,2026-05-28,grupo20sa,interior,https://www.inaturalist.org/observations/366050169
COL_ANURA_0018,Dendrobates truncatus,365415850,5.9590026293,-74.9795941341,10,2026-05-25,plantsbymarc,interior,https://www.inaturalist.org/observations/365415850
COL_ANURA_0018,Dendrobates truncatus,365296323,7.2437794444,-76.4139394444,,2026-05-25,leidy95355,interior,https://www.inaturalist.org/observations/365296323
COL_ANURA_0018,Dendrobates truncatus,365246149,7.0633277941,-75.6817171723,6,2026-05-14,dsbc26,interior,https://www.inaturalist.org/observations/365246149
COL_ANURA_0018,Dendrobates truncatus,365139170,6.2531240086,-74.8962670985,1086,2026-05-25,jamilton_arboleda,interior,https://www.inaturalist.org/observations/365139170
COL_ANURA_0018,Dendrobates truncatus,365109450,7.791034688,-76.5519531816,6,2026-05-25,darlisc,interior,https://www.inaturalist.org/observations/365109450
COL_ANURA_0018,Dendrobates truncatus,365069670,6.5446666667,-74.7871638889,,2026-05-25,agni_yurani,interior,https://www.inaturalist.org/observations/365069670
COL_ANURA_0018,Dendrobates truncatus,364516856,7.5978854895,-76.6411692704,641,2026-05-23,monicamestra_,interior,https://www.inaturalist.org/observations/364516856
COL_ANURA_0018,Dendrobates truncatus,363660374,6.6009308329,-74.6594756842,565,2026-05-14,agni_yurani,interior,https://www.inaturalist.org/observations/363660374
COL_ANURA_0018,Dendrobates truncatus,363511728,8.5346133333,-76.5659083333,22,2026-05-07,miguel10160,interior,https://www.inaturalist.org/observations/363511728
COL_ANURA_0018,Dendrobates truncatus,361415424,6.0092722167,-75.0730055,5,2024-08-29,nixonforerog,interior,https://www.inaturalist.org/observations/361415424
COL_ANURA_0018,Dendrobates truncatus,360954108,7.864661,-76.584119,84,2026-05-12,yasmin8564,interior,https://www.inaturalist.org/observations/360954108
COL_ANURA_0018,Dendrobates truncatus,360485692,6.3408378727,-75.0719970837,11,2026-05-09,svelasquez,interior,https://www.inaturalist.org/observations/360485692
COL_ANURA_0018,Dendrobates truncatus,360056044,8.4271735151,-76.7876781151,1845,2026-05-03,tannia4223,interior,https://www.inaturalist.org/observations/360056044
COL_ANURA_0018,Dendrobates truncatus,359520386,5.8934090328,-74.8599040881,1503,2026-05-08,estivenmario,interior,https://www.inaturalist.org/observations/359520386
COL_ANURA_0018,Dendrobates truncatus,359095714,7.7020352488,-76.5558568016,211,2026-05-06,yeri45413,interior,https://www.inaturalist.org/observations/359095714
COL_ANURA_0018,Dendrobates truncatus,358584266,6.0459703303,-74.9915589765,93,2026-05-05,fabian_steven,interior,https://www.inaturalist.org/observations/358584266
COL_ANURA_0018,Dendrobates truncatus,358463824,6.2201830422,-74.9510391802,447,2026-05-04,juan_pablo144,interior,https://www.inaturalist.org/observations/358463824
COL_ANURA_0018,Dendrobates truncatus,357636185,8.4271735151,-76.7876781151,1845,2026-05-02,jorge47237,interior,https://www.inaturalist.org/observations/357636185
COL_ANURA_0018,Dendrobates truncatus,356671326,6.4858308806,-75.0196229294,759,2026-04-21,luis17478,interior,https://www.inaturalist.org/observations/356671326
COL_ANURA_0018,Dendrobates truncatus,356669200,6.4422642997,-74.9685687997,,2026-04-09,manuela6371,interior,https://www.inaturalist.org/observations/356669200
COL_ANURA_0018,Dendrobates truncatus,356582276,7.8864502778,-76.5717763889,,2026-04-29,yenifer84258,interior,https://www.inaturalist.org/observations/356582276
COL_ANURA_0018,Dendrobates truncatus,356519958,8.5154583333,-76.5471533333,,2026-04-27,leilacastillo,interior,https://www.inaturalist.org/observations/356519958
COL_ANURA_0018,Dendrobates truncatus,355008515,7.7759716601,-76.6668627039,599,2025-06-11,ldmontoya,interior,https://www.inaturalist.org/observations/355008515
COL_ANURA_0018,Dendrobates truncatus,354958224,5.8611148959,-74.9069617689,5,2026-04-16,yuliana14203,interior,https://www.inaturalist.org/observations/354958224
COL_ANURA_0018,Dendrobates truncatus,352233424,7.8667857257,-76.5435887128,38,2026-03-24,sarith_pabon25,interior,https://www.inaturalist.org/observations/352233424
COL_ANURA_0018,Dendrobates truncatus,352114006,8.4271735151,-76.7876781151,1845,2026-04-21,maria_eugenia10334,interior,https://www.inaturalist.org/observations/352114006
COL_ANURA_0018,Dendrobates truncatus,352066178,7.950230424,-76.5926167949,118,2026-04-21,deisyacero,interior,https://www.inaturalist.org/observations/352066178
COL_ANURA_0018,Dendrobates truncatus,352050718,6.2729815,-74.9134295,685,2026-04-17,manuela42309,interior,https://www.inaturalist.org/observations/352050718
COL_ANURA_0018,Dendrobates truncatus,352015559,6.2467113889,-74.9594463889,,2026-04-22,paulina68639,interior,https://www.inaturalist.org/observations/352015559
COL_ANURA_0018,Dendrobates truncatus,352013900,6.2466933333,-74.9594833333,,2026-04-22,estefa5,interior,https://www.inaturalist.org/observations/352013900
COL_ANURA_0018,Dendrobates truncatus,351333701,7.795855,-76.6482866667,12,2026-04-18,juanes0812,interior,https://www.inaturalist.org/observations/351333701
COL_ANURA_0018,Dendrobates truncatus,350893305,6.043369652,-75.0014883582,3245,2026-04-18,sebas1122,interior,https://www.inaturalist.org/observations/350893305
COL_ANURA_0018,Dendrobates truncatus,350689366,6.5908005726,-74.8168040067,352,2026-04-16,yakeline23,interior,https://www.inaturalist.org/observations/350689366
COL_ANURA_0018,Dendrobates truncatus,350602125,8.4932147222,-76.71588,,2026-04-17,yoiner2,interior,https://www.inaturalist.org/observations/350602125
COL_ANURA_0018,Dendrobates truncatus,350522841,6.2444515556,-74.9637508392,6,2026-04-17,valentina44778,interior,https://www.inaturalist.org/observations/350522841
COL_ANURA_0018,Dendrobates truncatus,350331487,6.2555108977,-74.9682204053,1128,2026-04-07,jose29063,interior,https://www.inaturalist.org/observations/350331487
COL_ANURA_0018,Dendrobates truncatus,350329745,6.250821296,-74.9692470208,1128,2026-04-07,yudy_alejandra2,interior,https://www.inaturalist.org/observations/350329745
COL_ANURA_0018,Dendrobates truncatus,349854496,6.2753856631,-74.9165734649,1127,2026-04-05,luisa66124,interior,https://www.inaturalist.org/observations/349854496
COL_ANURA_0018,Dendrobates truncatus,349082260,7.5250009722,-74.7615059722,,2026-04-09,stefany92301,interior,https://www.inaturalist.org/observations/349082260
COL_ANURA_0018,Dendrobates truncatus,348776165,6.442225,-74.9681783333,4,2026-04-09,valentina88066,interior,https://www.inaturalist.org/observations/348776165
COL_ANURA_0018,Dendrobates truncatus,348753246,6.5192226717,-74.6865554715,3,2026-04-05,amarilis78433,interior,https://www.inaturalist.org/observations/348753246
COL_ANURA_0018,Dendrobates truncatus,348409346,8.1926507276,-76.7429029942,108,2026-04-08,michaelcarvajal,interior,https://www.inaturalist.org/observations/348409346
COL_ANURA_0018,Dendrobates truncatus,348392028,6.2636463889,-74.9133780556,,2026-02-22,darwin34925,interior,https://www.inaturalist.org/observations/348392028
COL_ANURA_0018,Dendrobates truncatus,348056161,6.2281505735,-74.9535611272,16,2026-04-07,paulina68639,interior,https://www.inaturalist.org/observations/348056161
COL_ANURA_0018,Dendrobates truncatus,347803142,6.4275650323,-74.7814850137,27,2026-04-04,santiagoospina,interior,https://www.inaturalist.org/observations/347803142
COL_ANURA_0018,Dendrobates truncatus,347085256,6.0411749454,-74.9908867478,9,2026-04-03,daiana_mongui,interior,https://www.inaturalist.org/observations/347085256
COL_ANURA_0018,Dendrobates truncatus,346705695,6.0383785459,-74.9932816037,5565,2026-03-30,dilan_alexander,interior,https://www.inaturalist.org/observations/346705695
COL_ANURA_0018,Dendrobates truncatus,346502566,8.5694266849,-76.6272984445,6,2026-03-29,samary3,interior,https://www.inaturalist.org/observations/346502566
COL_ANURA_0018,Dendrobates truncatus,346499115,8.5632665,-76.6239415,810,2026-03-31,mary88684,interior,https://www.inaturalist.org/observations/346499115
COL_ANURA_0018,Dendrobates truncatus,345774725,5.844835047,-74.9712952226,177,2026-03-28,breynerjj,interior,https://www.inaturalist.org/observations/345774725
COL_ANURA_0018,Dendrobates truncatus,345767433,6.2744701774,-74.9159666151,501,2026-03-25,luisa66124,interior,https://www.inaturalist.org/observations/345767433
COL_ANURA_0018,Dendrobates truncatus,345373996,8.4501251016,-76.7930533195,49,2026-03-23,mariapaz64936,interior,https://www.inaturalist.org/observations/345373996
COL_ANURA_0018,Dendrobates truncatus,345315183,6.278541,-74.923903,26,2026-03-26,xirzzi,interior,https://www.inaturalist.org/observations/345315183
COL_ANURA_0018,Dendrobates truncatus,343821901,6.3321721133,-75.0182799442,861,2026-03-11,lis_mabel,interior,https://www.inaturalist.org/observations/343821901
COL_ANURA_0018,Dendrobates truncatus,343307743,6.0484699084,-74.8870601133,211,2026-03-16,valen85848,interior,https://www.inaturalist.org/observations/343307743
COL_ANURA_0018,Dendrobates truncatus,343217743,6.1634416042,-74.9354692921,100,2026-03-15,dayana83412,interior,https://www.inaturalist.org/observations/343217743
COL_ANURA_0018,Dendrobates truncatus,342681643,8.486025,-76.7321916667,4,2025-06-02,gilson97385,interior,https://www.inaturalist.org/observations/342681643
COL_ANURA_0018,Dendrobates truncatus,342651956,6.3782670173,-74.8549517244,800,2026-03-12,lina70595,interior,https://www.inaturalist.org/observations/342651956
COL_ANURA_0018,Dendrobates truncatus,342647298,6.5444743812,-74.7890102863,254,2026-03-12,agni_yurani,interior,https://www.inaturalist.org/observations/342647298
COL_ANURA_0018,Dendrobates truncatus,342637582,6.0522516667,-74.87711,,2026-02-21,daniel4618,interior,https://www.inaturalist.org/observations/342637582
COL_ANURA_0018,Dendrobates truncatus,342371698,6.2572642949,-74.91339462,43,2026-03-10,johan33437,interior,https://www.inaturalist.org/observations/342371698
COL_ANURA_0018,Dendrobates truncatus,342366000,5.8653979873,-74.9155491963,100,,diego90615,interior,https://www.inaturalist.org/observations/342366000
COL_ANURA_0018,Dendrobates truncatus,342316933,6.1245166203,-75.1327635348,7,2026-03-10,diana_aristizabal1,interior,https://www.inaturalist.org/observations/342316933
COL_ANURA_0018,Dendrobates truncatus,342285042,6.2729815,-74.9134295,685,2026-03-10,yamith1,interior,https://www.inaturalist.org/observations/342285042
COL_ANURA_0018,Dendrobates truncatus,342266561,6.2729815,-74.9134295,685,2026-03-10,manuela42309,interior,https://www.inaturalist.org/observations/342266561
COL_ANURA_0018,Dendrobates truncatus,342184566,7.8836564564,-76.5604859591,106,,yini1,interior,https://www.inaturalist.org/observations/342184566
COL_ANURA_0018,Dendrobates truncatus,342167109,6.5583387835,-74.6570368856,430,2026-03-08,juanp37717,interior,https://www.inaturalist.org/observations/342167109
COL_ANURA_0018,Dendrobates truncatus,342069793,8.1359619736,-76.5498962626,1620,,katalina18715,interior,https://www.inaturalist.org/observations/342069793
COL_ANURA_0018,Dendrobates truncatus,342018845,6.2784430556,-74.9166513889,,2026-03-07,felipe2009,interior,https://www.inaturalist.org/observations/342018845
COL_ANURA_0018,Dendrobates truncatus,342000153,6.2572209538,-74.8950769007,9,2026-03-08,mari85508,interior,https://www.inaturalist.org/observations/342000153
COL_ANURA_0018,Dendrobates truncatus,341293831,7.7755002777,-76.6688381508,210,2026-03-04,diego_luis4,interior,https://www.inaturalist.org/observations/341293831
COL_ANURA_0018,Dendrobates truncatus,341157828,6.035363204,-74.9971198,58,2026-03-03,anadelmonte,interior,https://www.inaturalist.org/observations/341157828
COL_ANURA_0018,Dendrobates truncatus,340968388,7.7027273279,-76.5563107654,502,2026-03-01,edwin23021,interior,https://www.inaturalist.org/observations/340968388
COL_ANURA_0018,Dendrobates truncatus,340692781,8.4670444043,-76.7990843245,853,2026-02-25,mariapaz64936,interior,https://www.inaturalist.org/observations/340692781
COL_ANURA_0018,Dendrobates truncatus,340689508,6.2577288704,-74.9022658914,465,2026-02-28,esneider55640,interior,https://www.inaturalist.org/observations/340689508
COL_ANURA_0018,Dendrobates truncatus,340471502,6.4094899795,-74.9433201179,996,2026-02-26,william92947,interior,https://www.inaturalist.org/observations/340471502
COL_ANURA_0018,Dendrobates truncatus,340325963,6.1879790551,-74.9932269752,1128,,vanesa51002,interior,https://www.inaturalist.org/observations/340325963
COL_ANURA_0018,Dendrobates truncatus,340041752,6.2577533333,-74.91185,4,2026-02-24,yamith1,interior,https://www.inaturalist.org/observations/340041752
COL_ANURA_0018,Dendrobates truncatus,339960349,8.6167616942,-76.9100742382,4,2023-12-05,khristimantis,frontera,https://www.inaturalist.org/observations/339960349
COL_ANURA_0018,Dendrobates truncatus,339903325,6.0454958859,-74.9933342636,100,,luisa290523,interior,https://www.inaturalist.org/observations/339903325
COL_ANURA_0018,Dendrobates truncatus,339787833,6.3296313918,-75.0640101358,6,2026-02-22,eliana12856,interior,https://www.inaturalist.org/observations/339787833
COL_ANURA_0018,Dendrobates truncatus,339681434,6.212402557,-74.6318431787,8,2026-02-21,alexcamano12,interior,https://www.inaturalist.org/observations/339681434
COL_ANURA_0018,Dendrobates truncatus,339504455,6.2463526206,-74.9595857039,6,2026-02-20,estefa5,interior,https://www.inaturalist.org/observations/339504455
COL_ANURA_0018,Dendrobates truncatus,339469250,7.8647089689,-76.5841162205,224,2026-02-20,lina_florez,interior,https://www.inaturalist.org/observations/339469250
COL_ANURA_0018,Dendrobates truncatus,339453154,8.3056675555,-76.7502478883,251,2026-02-19,jhicellopez2628,interior,https://www.inaturalist.org/observations/339453154
COL_ANURA_0018,Dendrobates truncatus,339310738,6.0484699084,-74.8870601133,211,2026-02-19,valen85848,interior,https://www.inaturalist.org/observations/339310738
COL_ANURA_0018,Dendrobates truncatus,339208214,7.0202982165,-74.6027860756,2,2021-08-10,khristimantis,interior,https://www.inaturalist.org/observations/339208214
COL_ANURA_0018,Dendrobates truncatus,339208185,7.0528562065,-74.6615129861,2,2021-08-10,khristimantis,interior,https://www.inaturalist.org/observations/339208185
COL_ANURA_0018,Dendrobates truncatus,339208184,7.1797573541,-74.7394943247,2,2021-08-10,khristimantis,interior,https://www.inaturalist.org/observations/339208184
COL_ANURA_0018,Dendrobates truncatus,339208183,7.1032516023,-74.6544973489,4,2021-08-14,khristimantis,interior,https://www.inaturalist.org/observations/339208183
COL_ANURA_0018,Dendrobates truncatus,339182746,6.4907197047,-74.66991395,2,2019-05-04,khristimantis,interior,https://www.inaturalist.org/observations/339182746
COL_ANURA_0018,Dendrobates truncatus,339074002,5.888983787,-74.8548804205,15,2026-01-21,brian13224,interior,https://www.inaturalist.org/observations/339074002
COL_ANURA_0018,Dendrobates truncatus,338737539,5.6135946,-75.134173,101,2026-02-15,gustavo_alonso3,interior,https://www.inaturalist.org/observations/338737539
COL_ANURA_0018,Dendrobates truncatus,338624902,7.8635383333,-76.54383,4,2026-02-13,vanessa-13,interior,https://www.inaturalist.org/observations/338624902
COL_ANURA_0018,Dendrobates truncatus,338455254,8.5213069444,-76.5305122222,,2026-02-13,lidis2,interior,https://www.inaturalist.org/observations/338455254
COL_ANURA_0018,Dendrobates truncatus,338439855,8.5216875665,-76.5310782194,211,2026-02-13,sirlyssantacruz2007,interior,https://www.inaturalist.org/observations/338439855
COL_ANURA_0018,Dendrobates truncatus,338347788,6.5383247222,-74.7149916667,,2026-02-06,michael98563,interior,https://www.inaturalist.org/observations/338347788
COL_ANURA_0018,Dendrobates truncatus,338254575,8.4678201458,-76.7271500453,211,2026-02-11,johana_solano26,interior,https://www.inaturalist.org/observations/338254575
COL_ANURA_0018,Dendrobates truncatus,338227427,8.5360680556,-76.5434816667,,2026-02-08,mateo82302,interior,https://www.inaturalist.org/observations/338227427
COL_ANURA_0018,Dendrobates truncatus,338123149,6.3218920135,-75.0295504555,9,2026-02-10,edwin_alberto2,interior,https://www.inaturalist.org/observations/338123149
COL_ANURA_0018,Dendrobates truncatus,338110894,6.2519937837,-74.8243483901,568,2026-02-10,joan_andres1,interior,https://www.inaturalist.org/observations/338110894
COL_ANURA_0018,Dendrobates truncatus,337552429,6.0473559855,-74.9930704013,212,2026-02-06,diego37979,interior,https://www.inaturalist.org/observations/337552429
COL_ANURA_0018,Dendrobates truncatus,337484615,6.25646741,-74.8279066756,135,2026-02-05,joan_andres1,interior,https://www.inaturalist.org/observations/337484615
COL_ANURA_0018,Dendrobates truncatus,336733162,6.2264414224,-74.9453535676,116,2026-01-30,valentina44778,interior,https://www.inaturalist.org/observations/336733162
COL_ANURA_0018,Dendrobates truncatus,336512016,8.0839567668,-76.7154366229,2412,2026-01-28,carlosnobles,interior,https://www.inaturalist.org/observations/336512016
COL_ANURA_0018,Dendrobates truncatus,336510359,8.0823491036,-76.7163936506,2015,2026-01-28,carlosnobles,interior,https://www.inaturalist.org/observations/336510359
COL_ANURA_0018,Dendrobates truncatus,336353602,6.3295084627,-74.9635845128,2,2025-12-17,alnitak,interior,https://www.inaturalist.org/observations/336353602
COL_ANURA_0018,Dendrobates truncatus,336267174,7.8233374,-76.733444,,2026-01-25,maquinaria_amarilla,interior,https://www.inaturalist.org/observations/336267174
COL_ANURA_0018,Dendrobates truncatus,336065970,7.7151772495,-76.5364319086,51,2026-01-23,jhoinerbailarin,interior,https://www.inaturalist.org/observations/336065970
COL_ANURA_0018,Dendrobates truncatus,335849335,8.6775242006,-76.6130076349,8,2026-01-21,ronald43505,interior,https://www.inaturalist.org/observations/335849335
COL_ANURA_0018,Dendrobates truncatus,335783085,7.8270096945,-76.654856801,116,2025-04-24,julianesteban_25,interior,https://www.inaturalist.org/observations/335783085
COL_ANURA_0018,Dendrobates truncatus,335368403,6.6009308329,-74.6594756842,565,2026-01-19,miladysm,interior,https://www.inaturalist.org/observations/335368403
COL_ANURA_0018,Dendrobates truncatus,335327883,6.67916,-74.78603,50,2024-08-18,felipe_barrerao,interior,https://www.inaturalist.org/observations/335327883
COL_ANURA_0018,Dendrobates truncatus,335327881,6.67916,-74.78603,50,2024-08-18,felipe_barrerao,interior,https://www.inaturalist.org/observations/335327881
COL_ANURA_0018,Dendrobates truncatus,334766794,6.8983178,-76.1735781997,,2025-12-16,nanchotorrez,interior,https://www.inaturalist.org/observations/334766794
COL_ANURA_0018,Dendrobates truncatus,333212151,6.5278351914,-74.9032522738,590,,camilo75058,interior,https://www.inaturalist.org/observations/333212151
COL_ANURA_0018,Dendrobates truncatus,332963709,8.427174,-76.787678,1842,2025-06-21,pablo_correa,interior,https://www.inaturalist.org/observations/332963709
COL_ANURA_0018,Dendrobates truncatus,332047343,6.2186642,-74.9382759,265,2025-12-19,sesernam,interior,https://www.inaturalist.org/observations/332047343
COL_ANURA_0018,Dendrobates truncatus,331976147,5.8608083333,-74.952555,,2025-08-15,ballesta,interior,https://www.inaturalist.org/observations/331976147
COL_ANURA_0018,Dendrobates truncatus,331253787,7.7840815,-76.6573344,,2025-07-13,juan_davidra,interior,https://www.inaturalist.org/observations/331253787
COL_ANURA_0018,Dendrobates truncatus,328273617,6.4431392105,-74.6370753687,244,2024-12-03,sebastianbordacurrea,interior,https://www.inaturalist.org/observations/328273617
COL_ANURA_0018,Dendrobates truncatus,322849045,6.2996159539,-75.0136426091,243,2025-06-10,angela94846,interior,https://www.inaturalist.org/observations/322849045
COL_ANURA_0018,Dendrobates truncatus,322675470,5.9695964545,-75.10474585,561,,diana_cristina_ramirez_gomez,interior,https://www.inaturalist.org/observations/322675470
COL_ANURA_0018,Dendrobates truncatus,317442250,7.9547266667,-76.5934883333,,2025-09-28,smejiadu,interior,https://www.inaturalist.org/observations/317442250
COL_ANURA_0018,Dendrobates truncatus,316185085,5.8921103664,-74.8548595235,25,2025-09-23,luisalbertohernandezguanipa,interior,https://www.inaturalist.org/observations/316185085
COL_ANURA_0018,Dendrobates truncatus,307373873,7.7743083656,-76.6678688675,47,2025-07-16,alexcamano12,interior,https://www.inaturalist.org/observations/307373873
COL_ANURA_0018,Dendrobates truncatus,299192461,7.77413,-76.6635757,179,2025-07-16,juand20,interior,https://www.inaturalist.org/observations/299192461
COL_ANURA_0018,Dendrobates truncatus,292969334,7.77413,-76.6635757,179,2025-06-22,julianagallo,interior,https://www.inaturalist.org/observations/292969334
COL_ANURA_0018,Dendrobates truncatus,289870915,7.789906,-76.652642,,2025-06-11,vanevepi20,interior,https://www.inaturalist.org/observations/289870915
COL_ANURA_0018,Dendrobates truncatus,288604897,6.3296383333,-74.9629533333,4,2025-06-10,nikycarrera,interior,https://www.inaturalist.org/observations/288604897
COL_ANURA_0018,Dendrobates truncatus,287651112,7.7755760178,-76.6692274064,384,2025-05-28,juanmruiz19,interior,https://www.inaturalist.org/observations/287651112
COL_ANURA_0018,Dendrobates truncatus,285594991,5.9928706616,-74.6198651612,775,2025-05-30,tadeo55,interior,https://www.inaturalist.org/observations/285594991
COL_ANURA_0018,Dendrobates truncatus,284165520,6.044555,-74.986905,,2025-05-22,smejiadu,interior,https://www.inaturalist.org/observations/284165520
COL_ANURA_0018,Dendrobates truncatus,283248765,6.2659083333,-75.5689833333,,2025-05-22,ruffusimba,interior,https://www.inaturalist.org/observations/283248765
COL_ANURA_0018,Dendrobates truncatus,282044939,7.9548916667,-76.59085,4,2025-05-14,limpkin,interior,https://www.inaturalist.org/observations/282044939
COL_ANURA_0018,Dendrobates truncatus,278844048,6.295486,-75.0277518,98,2025-05-05,fabian67916,interior,https://www.inaturalist.org/observations/278844048
COL_ANURA_0018,Dendrobates truncatus,276838937,7.3165849722,-75.056156,,2025-04-29,joanbocanegra,interior,https://www.inaturalist.org/observations/276838937
COL_ANURA_0018,Dendrobates truncatus,273070669,7.2312596642,-75.5397800356,2155,2024-05-29,kmytabaresdavid,interior,https://www.inaturalist.org/observations/273070669
COL_ANURA_0018,Dendrobates truncatus,272314739,5.8607917117,-74.872796461,22,2025-03-18,luis_alejandro1,interior,https://www.inaturalist.org/observations/272314739
COL_ANURA_0018,Dendrobates truncatus,271835720,7.135951835,-74.6214684392,23,2025-04-19,alejandrolezcanog,interior,https://www.inaturalist.org/observations/271835720
COL_ANURA_0018,Dendrobates truncatus,271708623,6.57757,-74.73237,4,2025-04-20,bealeiderman,interior,https://www.inaturalist.org/observations/271708623
COL_ANURA_0018,Dendrobates truncatus,265343194,5.859895,-74.8728333333,21,2024-11-19,wilder_jhoan,interior,https://www.inaturalist.org/observations/265343194
COL_ANURA_0018,Dendrobates truncatus,264147592,7.8250275147,-76.6497318904,21,2025-03-06,mago_29,interior,https://www.inaturalist.org/observations/264147592
COL_ANURA_0018,Dendrobates truncatus,260466047,7.773725364,-76.6633154824,105,2024-05-05,coloradoiral,interior,https://www.inaturalist.org/observations/260466047
COL_ANURA_0018,Dendrobates truncatus,257168044,7.0945423957,-75.6662835311,122,2018-01-18,orlandopr,interior,https://www.inaturalist.org/observations/257168044
COL_ANURA_0018,Dendrobates truncatus,257145489,7.0932807123,-75.6656200803,15,2018-02-23,orlandopr,interior,https://www.inaturalist.org/observations/257145489
COL_ANURA_0018,Dendrobates truncatus,256957179,7.0953627641,-75.6844157559,31,2017-12-22,orlandopr,interior,https://www.inaturalist.org/observations/256957179
COL_ANURA_0018,Dendrobates truncatus,256322139,6.1979022892,-74.8682584569,3906,2023-12-18,juliandariorios,interior,https://www.inaturalist.org/observations/256322139
COL_ANURA_0018,Dendrobates truncatus,255450989,6.0186938161,-74.9675183285,1000,2024-06-09,rada-birding,interior,https://www.inaturalist.org/observations/255450989
COL_ANURA_0018,Dendrobates truncatus,254017042,5.8601805556,-74.8732444444,,2024-11-29,vanessa_8,interior,https://www.inaturalist.org/observations/254017042
COL_ANURA_0018,Dendrobates truncatus,252770627,8.1828961,-76.7438042,,2024-03-29,felipe_barrerao,interior,https://www.inaturalist.org/observations/252770627
COL_ANURA_0018,Dendrobates truncatus,252770626,8.1828961,-76.7438042,,2024-03-29,felipe_barrerao,interior,https://www.inaturalist.org/observations/252770626
COL_ANURA_0018,Dendrobates truncatus,247405927,5.86294,-74.7383739722,,2024-10-13,juano,interior,https://www.inaturalist.org/observations/247405927
COL_ANURA_0018,Dendrobates truncatus,245516581,6.247638,-75.565815,8586,2023-06-19,xander_pauli30,interior,https://www.inaturalist.org/observations/245516581
COL_ANURA_0018,Dendrobates truncatus,244601965,6.0659438145,-75.1040006865,,2024-09-28,smejiadu,interior,https://www.inaturalist.org/observations/244601965
COL_ANURA_0018,Dendrobates truncatus,243951721,6.2984755656,-75.0303745642,41,2024-05-10,dianamagia,interior,https://www.inaturalist.org/observations/243951721
COL_ANURA_0018,Dendrobates truncatus,243869649,7.8176936342,-76.6578855485,8,2024-09-20,mago_29,interior,https://www.inaturalist.org/observations/243869649
COL_ANURA_0018,Dendrobates truncatus,242978185,6.0514885913,-74.992243275,361,,elianavergara,interior,https://www.inaturalist.org/observations/242978185
COL_ANURA_0018,Dendrobates truncatus,242317943,7.3855944864,-74.9741717092,122,2024-09-12,dinagerman,interior,https://www.inaturalist.org/observations/242317943
COL_ANURA_0018,Dendrobates truncatus,241527785,7.3167409273,-75.0556285928,35,2024-09-10,dinagerman,interior,https://www.inaturalist.org/observations/241527785
COL_ANURA_0018,Dendrobates truncatus,241338505,7.3129916667,-75.0580138333,4,2024-09-11,olmedo_sierra,interior,https://www.inaturalist.org/observations/241338505
COL_ANURA_0018,Dendrobates truncatus,239435004,7.8693782653,-76.666427254,92,2024-08-19,julianes_25,interior,https://www.inaturalist.org/observations/239435004
COL_ANURA_0018,Dendrobates truncatus,238676056,7.8182836964,-76.658191355,4,2024-08-22,mago_29,interior,https://www.inaturalist.org/observations/238676056
COL_ANURA_0018,Dendrobates truncatus,238676050,7.8187891928,-76.6593381185,4,2024-08-23,mago_29,interior,https://www.inaturalist.org/observations/238676050
COL_ANURA_0018,Dendrobates truncatus,238676046,7.8192094324,-76.6598582286,8,2024-08-20,mago_29,interior,https://www.inaturalist.org/observations/238676046
COL_ANURA_0018,Dendrobates truncatus,237978246,7.7741299772,-76.663575992,179,2024-08-24,alexcamano12,interior,https://www.inaturalist.org/observations/237978246
COL_ANURA_0018,Dendrobates truncatus,237290115,7.8182211759,-76.657859534,6,2024-08-21,miryamv,interior,https://www.inaturalist.org/observations/237290115
COL_ANURA_0018,Dendrobates truncatus,236888351,7.822455193,-76.6564513743,234,,liliana_muriel,interior,https://www.inaturalist.org/observations/236888351
COL_ANURA_0018,Dendrobates truncatus,236794180,6.2716287,-75.565433,203,2024-07-23,majo_val936,interior,https://www.inaturalist.org/observations/236794180
COL_ANURA_0018,Dendrobates truncatus,234223629,7.8230537866,-76.6505109351,226,2024-08-06,manupa31,interior,https://www.inaturalist.org/observations/234223629
COL_ANURA_0018,Dendrobates truncatus,224897270,6.0872111815,-74.842745858,817,2024-06-19,hervinhdez10,interior,https://www.inaturalist.org/observations/224897270
COL_ANURA_0018,Dendrobates truncatus,222318443,6.4309783333,-74.7841116667,26,2024-06-11,juandapez,interior,https://www.inaturalist.org/observations/222318443
COL_ANURA_0018,Dendrobates truncatus,218039991,6.2712866667,-75.565545,40,2024-05-04,garryfletcher,interior,https://www.inaturalist.org/observations/218039991
COL_ANURA_0018,Dendrobates truncatus,215693294,7.7406381,-76.584763,,2024-05-13,jdvergara1984,interior,https://www.inaturalist.org/observations/215693294
COL_ANURA_0018,Dendrobates truncatus,213640243,6.8056843612,-74.4053655973,61,2023-07-11,camilojotage,interior,https://www.inaturalist.org/observations/213640243
COL_ANURA_0018,Dendrobates truncatus,211999726,5.80307,-74.8470916667,89,2023-08-17,tour_de,interior,https://www.inaturalist.org/observations/211999726
COL_ANURA_0018,Dendrobates truncatus,210234008,6.0303867988,-74.972691983,3782,2024-04-27,tom83812,interior,https://www.inaturalist.org/observations/210234008
COL_ANURA_0018,Dendrobates truncatus,205887176,7.7961583333,-76.6479866667,4,2024-04-07,juanes0812,interior,https://www.inaturalist.org/observations/205887176
COL_ANURA_0018,Dendrobates truncatus,204451230,6.2974087185,-74.7632964812,7,2024-03-25,dannalopezz,interior,https://www.inaturalist.org/observations/204451230
COL_ANURA_0018,Dendrobates truncatus,204275133,5.930788,-74.71678645,3525,2024-03-28,pabloospinaa,interior,https://www.inaturalist.org/observations/204275133
COL_ANURA_0018,Dendrobates truncatus,202476666,6.0184886842,-74.967088916,32,2024-02-09,catalinavalencias,interior,https://www.inaturalist.org/observations/202476666
COL_ANURA_0018,Dendrobates truncatus,200804974,6.0428749316,-74.9943980947,224,2023-12-05,ecocagui,interior,https://www.inaturalist.org/observations/200804974
COL_ANURA_0018,Dendrobates truncatus,200014319,7.8417941706,-76.5594433714,4,2022-03-02,nefreyy,interior,https://www.inaturalist.org/observations/200014319
COL_ANURA_0018,Dendrobates truncatus,199308515,5.9224781526,-75.1643552631,211,2024-02-14,laisla3,interior,https://www.inaturalist.org/observations/199308515
COL_ANURA_0018,Dendrobates truncatus,199249667,6.3412865253,-74.8037623,,2023-09-15,dbocanumenthe,interior,https://www.inaturalist.org/observations/199249667
COL_ANURA_0018,Dendrobates truncatus,199195353,6.3451491778,-74.9010095771,,2023-09-15,dbocanumenthe,interior,https://www.inaturalist.org/observations/199195353
COL_ANURA_0018,Dendrobates truncatus,198528647,6.2056738594,-74.7978089377,1988,2024-02-02,daniel-arbelaez,interior,https://www.inaturalist.org/observations/198528647
COL_ANURA_0018,Dendrobates truncatus,198438532,6.7631570642,-74.208551757,211,2024-01-28,carlosbranun,interior,https://www.inaturalist.org/observations/198438532
COL_ANURA_0018,Dendrobates truncatus,197745173,7.81742,-76.6182,30,2023-12-15,felipe_barrerao,interior,https://www.inaturalist.org/observations/197745173
COL_ANURA_0018,Dendrobates truncatus,197545902,5.9477215071,-74.8668909073,172,2022-01-18,beatriz_eugenia1,interior,https://www.inaturalist.org/observations/197545902
COL_ANURA_0018,Dendrobates truncatus,193440273,6.4281957345,-74.7807921859,767,2022-04-17,euphoniaxs,interior,https://www.inaturalist.org/observations/193440273
COL_ANURA_0018,Dendrobates truncatus,192957264,7.1036218361,-74.7256581858,770,2023-11-19,angeldam,interior,https://www.inaturalist.org/observations/192957264
COL_ANURA_0018,Dendrobates truncatus,192638440,5.809557472,-74.8413254321,210,2021-10-14,fincaelprado,interior,https://www.inaturalist.org/observations/192638440
COL_ANURA_0018,Dendrobates truncatus,191008259,7.3008783333,-75.3837633333,,2022-08-20,tatiana_acevedo,interior,https://www.inaturalist.org/observations/191008259
COL_ANURA_0018,Dendrobates truncatus,187933861,6.258418466,-75.5623168608,6622,2023-09-10,marianaosorio_,interior,https://www.inaturalist.org/observations/187933861
COL_ANURA_0018,Dendrobates truncatus,187865247,5.8346912141,-74.8417151506,133,2023-10-16,danielasalazarsuaza,interior,https://www.inaturalist.org/observations/187865247
COL_ANURA_0018,Dendrobates truncatus,184480656,6.0467451774,-74.9887775257,632,2023-09-22,eduinon,interior,https://www.inaturalist.org/observations/184480656
COL_ANURA_0018,Dendrobates truncatus,184466865,7.5382510537,-74.8103093728,1881,2023-08-26,vipolmos,interior,https://www.inaturalist.org/observations/184466865
COL_ANURA_0018,Dendrobates truncatus,182771644,8.4372222222,-76.7933333333,50,2023-07-21,felipe_barrerao,interior,https://www.inaturalist.org/observations/182771644
COL_ANURA_0018,Dendrobates truncatus,180852334,6.0460361667,-74.8229966667,4,2023-08-27,gmc1913,interior,https://www.inaturalist.org/observations/180852334
COL_ANURA_0018,Dendrobates truncatus,178570005,6.2230633333,-75.5799633333,14,2023-08-15,vibian_herrera,interior,https://www.inaturalist.org/observations/178570005
COL_ANURA_0018,Dendrobates truncatus,176989892,7.7738935478,-76.6668893243,122,2017-02-02,rhegmatorhina,interior,https://www.inaturalist.org/observations/176989892
COL_ANURA_0018,Dendrobates truncatus,176099724,7.7957916667,-76.648055,4,2022-07-02,juanes0812,interior,https://www.inaturalist.org/observations/176099724
COL_ANURA_0018,Dendrobates truncatus,171112054,5.8623616051,-74.8705289885,218,2023-07-01,gero_y_ya,interior,https://www.inaturalist.org/observations/171112054
COL_ANURA_0018,Dendrobates truncatus,167271366,7.2465116667,-74.7139033333,,2020-09-22,davidrrv,interior,https://www.inaturalist.org/observations/167271366
COL_ANURA_0018,Dendrobates truncatus,163653553,7.47415,-74.67115,50,2023-05-17,vipolmos,interior,https://www.inaturalist.org/observations/163653553
COL_ANURA_0018,Dendrobates truncatus,158917136,5.9012766715,-74.7240206972,211,2023-05-01,marihminnie,interior,https://www.inaturalist.org/observations/158917136
COL_ANURA_0018,Dendrobates truncatus,156923936,7.669680037,-76.6119552031,322,2021-07-12,carlosbranun,interior,https://www.inaturalist.org/observations/156923936
COL_ANURA_0018,Dendrobates truncatus,156331326,7.7234383333,-76.64985,4,2023-04-23,juanes0812,interior,https://www.inaturalist.org/observations/156331326
COL_ANURA_0018,Dendrobates truncatus,155535194,5.9753366667,-75.1138888889,,2023-04-14,vapume,interior,https://www.inaturalist.org/observations/155535194
COL_ANURA_0018,Dendrobates truncatus,150324327,6.2951217031,-75.0278663635,928,2023-03-05,migueevam,interior,https://www.inaturalist.org/observations/150324327
COL_ANURA_0018,Dendrobates truncatus,149337543,6.0393754161,-74.7024513781,63,2023-02-21,yamit,interior,https://www.inaturalist.org/observations/149337543
COL_ANURA_0018,Dendrobates truncatus,145575384,6.5022845267,-75.7625885008,,2023-01-01,danielvanderpost,interior,https://www.inaturalist.org/observations/145575384
COL_ANURA_0018,Dendrobates truncatus,144211310,6.5082993004,-74.456771666,7535,2022-02-06,jjraw,interior,https://www.inaturalist.org/observations/144211310
COL_ANURA_0018,Dendrobates truncatus,141791617,8.4482775449,-76.793699339,2803,2022-11-12,daniela316,interior,https://www.inaturalist.org/observations/141791617
COL_ANURA_0018,Dendrobates truncatus,141102699,5.9528466667,-75.1175166667,3788,2022-11-04,isabel-velez,interior,https://www.inaturalist.org/observations/141102699
COL_ANURA_0018,Dendrobates truncatus,141101186,5.9390381798,-75.1116320863,48,2022-11-04,ismael_restrepo,interior,https://www.inaturalist.org/observations/141101186
COL_ANURA_0018,Dendrobates truncatus,141100408,5.9396757866,-75.1120438054,33,2022-11-04,alejandra2303,interior,https://www.inaturalist.org/observations/141100408
COL_ANURA_0018,Dendrobates truncatus,141100307,5.9397544869,-75.1118681207,319,2022-11-04,sebastian-gm,interior,https://www.inaturalist.org/observations/141100307
COL_ANURA_0018,Dendrobates truncatus,141099983,5.9477485183,-75.1006474346,7,2022-11-04,jose2275,interior,https://www.inaturalist.org/observations/141099983
COL_ANURA_0018,Dendrobates truncatus,140028133,6.0794502396,-74.7911394717,445,2012-11-05,speedbas_sc,interior,https://www.inaturalist.org/observations/140028133
COL_ANURA_0018,Dendrobates truncatus,139733934,6.2940041898,-74.6887137597,8,2021-01-26,luis_puerto_canoa,interior,https://www.inaturalist.org/observations/139733934
COL_ANURA_0018,Dendrobates truncatus,138516932,6.2929019662,-74.6882626042,31,2022-10-09,lauravicmc,interior,https://www.inaturalist.org/observations/138516932
COL_ANURA_0018,Dendrobates truncatus,136583425,7.7749195268,-76.6676101677,288,2022-09-15,sesernam,interior,https://www.inaturalist.org/observations/136583425
COL_ANURA_0018,Dendrobates truncatus,135615735,7.7725974019,-76.667586331,31,2022-09-15,julianbiol,interior,https://www.inaturalist.org/observations/135615735
COL_ANURA_0011,Pristimantis paisa,397000504,6.3360829706,-75.4531178351,8,2026-09-03,tiagogomez,interior,https://www.inaturalist.org/observations/397000504
COL_ANURA_0011,Pristimantis paisa,393359414,6.4517221389,-75.6521987778,,2026-08-15,acosadordeamimales2000,interior,https://www.inaturalist.org/observations/393359414
COL_ANURA_0011,Pristimantis paisa,392978462,6.1281111667,-75.5300366667,7,2026-08-18,bealeiderman,interior,https://www.inaturalist.org/observations/392978462
COL_ANURA_0011,Pristimantis paisa,392967018,6.4526171667,-75.6549377222,,2026-08-14,acosadordeamimales2000,interior,https://www.inaturalist.org/observations/392967018
COL_ANURA_0011,Pristimantis paisa,390473498,6.4379934369,-75.6485302001,234,,viajarytragar,interior,https://www.inaturalist.org/observations/390473498
COL_ANURA_0011,Pristimantis paisa,389530042,6.1280111667,-75.530045,3,2026-08-08,bealeiderman,interior,https://www.inaturalist.org/observations/389530042
COL_ANURA_0011,Pristimantis paisa,387410236,6.1351398341,-75.5748665418,61,2026-07-18,bowserjk,interior,https://www.inaturalist.org/observations/387410236
COL_ANURA_0011,Pristimantis paisa,387410235,6.1360544943,-75.5743089396,944,2026-07-18,bowserjk,interior,https://www.inaturalist.org/observations/387410235
COL_ANURA_0011,Pristimantis paisa,384749846,6.4557971944,-75.6647491389,,2026-07-24,acosadordeamimales2000,interior,https://www.inaturalist.org/observations/384749846
COL_ANURA_0011,Pristimantis paisa,376926669,6.4567727778,-75.6505508333,,2026-06-29,acosadordeamimales2000,interior,https://www.inaturalist.org/observations/376926669
COL_ANURA_0011,Pristimantis paisa,371003779,6.0857240751,-75.4941397942,80,2026-06-01,camilojotage,interior,https://www.inaturalist.org/observations/371003779
COL_ANURA_0011,Pristimantis paisa,371003778,6.0857358908,-75.4942074167,81,2026-06-01,camilojotage,interior,https://www.inaturalist.org/observations/371003778
COL_ANURA_0011,Pristimantis paisa,371003774,6.0855343581,-75.49412695,67,2026-06-01,camilojotage,interior,https://www.inaturalist.org/observations/371003774
COL_ANURA_0011,Pristimantis paisa,371003770,6.0855298015,-75.4940786702,70,2026-06-01,camilojotage,interior,https://www.inaturalist.org/observations/371003770
COL_ANURA_0011,Pristimantis paisa,371001698,6.0856447681,-75.4940779254,79,2026-06-01,camilojotage,interior,https://www.inaturalist.org/observations/371001698
COL_ANURA_0011,Pristimantis paisa,371001697,6.0856988874,-75.4941744849,72,2026-06-01,camilojotage,interior,https://www.inaturalist.org/observations/371001697
COL_ANURA_0011,Pristimantis paisa,371001692,6.0855173201,-75.4938002065,15,2026-06-01,camilojotage,interior,https://www.inaturalist.org/observations/371001692
COL_ANURA_0011,Pristimantis paisa,366487403,5.7980100445,-74.8482700065,211,2026-05-20,oswaldo94400,interior,https://www.inaturalist.org/observations/366487403
COL_ANURA_0011,Pristimantis paisa,358637933,6.0289957654,-75.3303635493,1489,,sebasmc_foto,interior,https://www.inaturalist.org/observations/358637933
COL_ANURA_0011,Pristimantis paisa,356044587,6.2464886012,-75.6682132557,211,2026-04-27,bonhomia,interior,https://www.inaturalist.org/observations/356044587
COL_ANURA_0011,Pristimantis paisa,355764061,6.2477194444,-75.6694916667,,2026-04-27,hernancastaeda,interior,https://www.inaturalist.org/observations/355764061
COL_ANURA_0011,Pristimantis paisa,355619454,6.2467266667,-75.6690016667,,2026-04-27,bonhomia,interior,https://www.inaturalist.org/observations/355619454
COL_ANURA_0011,Pristimantis paisa,355276682,6.3508475234,-75.0535223633,6,2026-04-27,moi61,interior,https://www.inaturalist.org/observations/355276682
COL_ANURA_0011,Pristimantis paisa,353660758,6.3517502118,-75.0538090244,27,2026-04-17,moi61,interior,https://www.inaturalist.org/observations/353660758
COL_ANURA_0011,Pristimantis paisa,344172585,6.1440180556,-75.1823108333,,2026-03-21,mariazuluaga,interior,https://www.inaturalist.org/observations/344172585
COL_ANURA_0011,Pristimantis paisa,343731890,5.9919239,-75.307017,100,2026-03-18,wilson906,interior,https://www.inaturalist.org/observations/343731890
COL_ANURA_0011,Pristimantis paisa,342857221,6.1281111667,-75.5298916667,5,2026-03-13,bealeiderman,interior,https://www.inaturalist.org/observations/342857221
COL_ANURA_0011,Pristimantis paisa,341812535,5.8930220469,-75.3347395879,4,2023-08-09,biottero,interior,https://www.inaturalist.org/observations/341812535
COL_ANURA_0011,Pristimantis paisa,341387378,6.2810944444,-75.5012888889,,2026-03-05,sebastianvieirau,interior,https://www.inaturalist.org/observations/341387378
COL_ANURA_0011,Pristimantis paisa,339963719,6.1178933695,-75.2137013308,4,2018-04-30,khristimantis,interior,https://www.inaturalist.org/observations/339963719
COL_ANURA_0011,Pristimantis paisa,339963718,6.0965486498,-75.3343766925,8,2018-04-30,khristimantis,interior,https://www.inaturalist.org/observations/339963718
COL_ANURA_0011,Pristimantis paisa,339963716,6.0986472519,-75.306440336,15,2018-04-30,khristimantis,interior,https://www.inaturalist.org/observations/339963716
COL_ANURA_0011,Pristimantis paisa,339963706,6.0056425973,-75.2594698832,8,2018-12-17,khristimantis,interior,https://www.inaturalist.org/observations/339963706
COL_ANURA_0011,Pristimantis paisa,339963703,5.8346206638,-75.2957939442,8,2019-02-23,khristimantis,interior,https://www.inaturalist.org/observations/339963703
COL_ANURA_0011,Pristimantis paisa,339963701,5.8270689312,-75.3647435297,8,2019-02-23,khristimantis,interior,https://www.inaturalist.org/observations/339963701
COL_ANURA_0011,Pristimantis paisa,339963700,5.9297865691,-75.3901778651,8,2019-02-23,khristimantis,interior,https://www.inaturalist.org/observations/339963700
COL_ANURA_0011,Pristimantis paisa,339963698,5.9063642731,-75.3202464318,4,2019-02-23,khristimantis,interior,https://www.inaturalist.org/observations/339963698
COL_ANURA_0011,Pristimantis paisa,339963689,5.9780625304,-75.3599635055,2,2018-05-19,khristimantis,interior,https://www.inaturalist.org/observations/339963689
COL_ANURA_0011,Pristimantis paisa,339963688,5.9047491522,-75.334015423,2,2018-05-19,khristimantis,interior,https://www.inaturalist.org/observations/339963688
COL_ANURA_0011,Pristimantis paisa,339963687,5.8795228882,-75.31761606,4,2018-05-19,khristimantis,interior,https://www.inaturalist.org/observations/339963687
COL_ANURA_0011,Pristimantis paisa,339953520,6.1450316407,-75.5349108998,8,2020-09-01,khristimantis,interior,https://www.inaturalist.org/observations/339953520
COL_ANURA_0011,Pristimantis paisa,339953518,6.0905101907,-75.4897004339,2,2022-02-03,khristimantis,interior,https://www.inaturalist.org/observations/339953518
COL_ANURA_0011,Pristimantis paisa,339953515,6.1902440668,-75.5573447659,8,2022-02-03,khristimantis,interior,https://www.inaturalist.org/observations/339953515
COL_ANURA_0011,Pristimantis paisa,339953514,6.0010723094,-75.5665794363,8,2022-02-03,khristimantis,interior,https://www.inaturalist.org/observations/339953514
COL_ANURA_0011,Pristimantis paisa,339953513,6.0761936756,-75.4829202322,4,2022-01-30,khristimantis,interior,https://www.inaturalist.org/observations/339953513
COL_ANURA_0011,Pristimantis paisa,339953512,6.1412755818,-75.5393574715,8,2022-01-30,khristimantis,interior,https://www.inaturalist.org/observations/339953512
COL_ANURA_0011,Pristimantis paisa,339953510,6.0154810427,-75.3940557476,2,2019-02-28,khristimantis,interior,https://www.inaturalist.org/observations/339953510
COL_ANURA_0011,Pristimantis paisa,339953509,6.1770844217,-75.2329523865,2,2019-04-02,khristimantis,interior,https://www.inaturalist.org/observations/339953509
COL_ANURA_0011,Pristimantis paisa,339953506,6.0876085398,-75.4094030786,2,2019-02-12,khristimantis,interior,https://www.inaturalist.org/observations/339953506
COL_ANURA_0011,Pristimantis paisa,339953504,6.1047111436,-75.4676315737,2,2019-02-12,khristimantis,interior,https://www.inaturalist.org/observations/339953504
COL_ANURA_0011,Pristimantis paisa,339953502,6.1840276917,-75.5410830848,4,2019-02-12,khristimantis,interior,https://www.inaturalist.org/observations/339953502
COL_ANURA_0011,Pristimantis paisa,339953500,6.0991855302,-75.5800103293,8,2019-02-12,khristimantis,interior,https://www.inaturalist.org/observations/339953500
COL_ANURA_0011,Pristimantis paisa,339211823,5.6798354724,-75.2193629096,8,2018-10-19,khristimantis,interior,https://www.inaturalist.org/observations/339211823
COL_ANURA_0011,Pristimantis paisa,339211822,5.7924309295,-75.3618801401,2,2018-10-19,khristimantis,interior,https://www.inaturalist.org/observations/339211822
COL_ANURA_0011,Pristimantis paisa,339211817,5.7409362398,-75.3380372412,1,2018-10-19,khristimantis,interior,https://www.inaturalist.org/observations/339211817
COL_ANURA_0011,Pristimantis paisa,339183215,6.2396935458,-75.6407108638,8,2019-12-03,khristimantis,interior,https://www.inaturalist.org/observations/339183215
COL_ANURA_0011,Pristimantis paisa,339183214,6.3033350181,-75.7899869669,15,2019-12-03,khristimantis,interior,https://www.inaturalist.org/observations/339183214
COL_ANURA_0011,Pristimantis paisa,339183213,6.3587306746,-75.6305203069,8,2019-12-03,khristimantis,interior,https://www.inaturalist.org/observations/339183213
COL_ANURA_0011,Pristimantis paisa,339166790,6.2455266234,-75.5552166492,,2021-08-31,khristimantis,interior,https://www.inaturalist.org/observations/339166790
COL_ANURA_0011,Pristimantis paisa,339166789,6.257004745,-75.5872379591,1,2021-08-30,khristimantis,interior,https://www.inaturalist.org/observations/339166789
COL_ANURA_0011,Pristimantis paisa,339166787,6.2435709742,-75.4306364406,,2021-08-31,khristimantis,interior,https://www.inaturalist.org/observations/339166787
COL_ANURA_0011,Pristimantis paisa,337985466,5.7089522923,-75.312509425,212,2026-02-09,dahiana87789,interior,https://www.inaturalist.org/observations/337985466
COL_ANURA_0011,Pristimantis paisa,337615009,6.053621523,-75.3173539284,,2026-02-06,sebasmc_foto,interior,https://www.inaturalist.org/observations/337615009
COL_ANURA_0011,Pristimantis paisa,336436097,6.12415,-75.56618,50,2024-10-28,felipe_barrerao,interior,https://www.inaturalist.org/observations/336436097
COL_ANURA_0011,Pristimantis paisa,336436094,6.12026,-75.56513,100,2024-10-28,felipe_barrerao,interior,https://www.inaturalist.org/observations/336436094
COL_ANURA_0011,Pristimantis paisa,336434197,6.25996,-75.50641,50,2024-09-24,felipe_barrerao,interior,https://www.inaturalist.org/observations/336434197
COL_ANURA_0011,Pristimantis paisa,336434195,6.26014,-75.50642,50,2024-09-24,felipe_barrerao,interior,https://www.inaturalist.org/observations/336434195
COL_ANURA_0011,Pristimantis paisa,336371364,6.1359528333,-75.0668805,5,2026-01-22,david_mauricio2,interior,https://www.inaturalist.org/observations/336371364
COL_ANURA_0011,Pristimantis paisa,335221657,6.1335530278,-75.2635803056,,2026-01-18,javier212,interior,https://www.inaturalist.org/observations/335221657
COL_ANURA_0011,Pristimantis paisa,332932744,6.456255,-75.319084,50,2024-07-20,felipe_barrerao,interior,https://www.inaturalist.org/observations/332932744
COL_ANURA_0011,Pristimantis paisa,332643999,6.1224407158,-75.5645435921,3411,2025-12-28,davidtrs,interior,https://www.inaturalist.org/observations/332643999
COL_ANURA_0011,Pristimantis paisa,331638507,6.0736992521,-75.4526804674,2,2025-12-21,navtombros,interior,https://www.inaturalist.org/observations/331638507
COL_ANURA_0011,Pristimantis paisa,331634709,6.075291208,-75.4514103242,31,2025-12-21,navtombros,interior,https://www.inaturalist.org/observations/331634709
COL_ANURA_0011,Pristimantis paisa,330674117,6.1282028333,-75.5298616667,3,2025-12-13,bealeiderman,interior,https://www.inaturalist.org/observations/330674117
COL_ANURA_0011,Pristimantis paisa,330507459,6.1281721667,-75.53,4,2025-12-12,bealeiderman,interior,https://www.inaturalist.org/observations/330507459
COL_ANURA_0011,Pristimantis paisa,328782033,6.4714987452,-75.1644736156,968,2025-11-26,andres2929,interior,https://www.inaturalist.org/observations/328782033
COL_ANURA_0011,Pristimantis paisa,328608398,6.5939902814,-75.6375904754,742,2025-10-13,bzapata,interior,https://www.inaturalist.org/observations/328608398
COL_ANURA_0011,Pristimantis paisa,325947491,6.1754124675,-75.6707068379,8,2025-11-10,orlandopr,interior,https://www.inaturalist.org/observations/325947491
COL_ANURA_0011,Pristimantis paisa,324655584,6.1347777778,-75.5645638889,,2022-07-20,erikpalacio_92,interior,https://www.inaturalist.org/observations/324655584
COL_ANURA_0011,Pristimantis paisa,323679223,6.4536070556,-75.6524200278,,2025-10-25,acosadordeamimales2000,interior,https://www.inaturalist.org/observations/323679223
COL_ANURA_0011,Pristimantis paisa,323513319,6.3462584164,-75.6670753285,211,2025-10-27,fertam,interior,https://www.inaturalist.org/observations/323513319
COL_ANURA_0011,Pristimantis paisa,296055070,6.1268399722,-75.548595,,2025-07-06,camilo_gz,interior,https://www.inaturalist.org/observations/296055070
COL_ANURA_0011,Pristimantis paisa,292425861,6.1954307811,-75.4152567096,217,2025-06-24,jcaicedo80s,interior,https://www.inaturalist.org/observations/292425861
COL_ANURA_0011,Pristimantis paisa,288156680,6.1693299894,-75.6789092347,377,2025-06-08,santiagoospina,interior,https://www.inaturalist.org/observations/288156680
COL_ANURA_0011,Pristimantis paisa,286371436,6.2155636,-75.4693983,,2024-02-18,felipe_barrerao,interior,https://www.inaturalist.org/observations/286371436
COL_ANURA_0011,Pristimantis paisa,286137242,6.148175,-75.3331666667,9,2025-06-01,cadelv,interior,https://www.inaturalist.org/observations/286137242
COL_ANURA_0011,Pristimantis paisa,268828142,6.1260927559,-75.600591749,211,2025-03-29,afzp99,interior,https://www.inaturalist.org/observations/268828142
COL_ANURA_0011,Pristimantis paisa,268827856,6.1260927559,-75.600591749,211,2025-03-29,afzp99,interior,https://www.inaturalist.org/observations/268827856
COL_ANURA_0011,Pristimantis paisa,268826847,6.1260927559,-75.600591749,211,2025-03-29,afzp99,interior,https://www.inaturalist.org/observations/268826847
COL_ANURA_0011,Pristimantis paisa,263443555,6.1245904553,-75.3505947366,208,2025-02-22,whatrewordsfor,interior,https://www.inaturalist.org/observations/263443555
COL_ANURA_0011,Pristimantis paisa,262808239,6.1659083333,-75.525825,2,2025-02-23,juanes0812,interior,https://www.inaturalist.org/observations/262808239
COL_ANURA_0011,Pristimantis paisa,262653356,6.2603153972,-75.5075440193,2,2025-02-15,ricardo_sanchez,interior,https://www.inaturalist.org/observations/262653356
COL_ANURA_0011,Pristimantis paisa,262161599,6.181155,-75.56443,4,2025-02-15,maryannrobledo,interior,https://www.inaturalist.org/observations/262161599
COL_ANURA_0011,Pristimantis paisa,261888180,6.3774241,-75.4455662,2033,2025-02-16,juand20,interior,https://www.inaturalist.org/observations/261888180
COL_ANURA_0011,Pristimantis paisa,260705577,6.1837123566,-75.4600671971,6,2025-02-05,verovar,interior,https://www.inaturalist.org/observations/260705577
COL_ANURA_0011,Pristimantis paisa,257736275,6.333070671,-75.3066209704,10,2025-01-07,barinasuchus_arveloi,interior,https://www.inaturalist.org/observations/257736275
COL_ANURA_0011,Pristimantis paisa,256419675,6.1721751574,-75.4789947289,4,2024-12-19,j-castro,interior,https://www.inaturalist.org/observations/256419675
COL_ANURA_0011,Pristimantis paisa,256419597,6.0440078468,-75.59224695,4,2024-12-23,j-castro,interior,https://www.inaturalist.org/observations/256419597
COL_ANURA_0011,Pristimantis paisa,255544640,6.2644080607,-75.4465491325,208,2024-12-06,emanuel34736,interior,https://www.inaturalist.org/observations/255544640
COL_ANURA_0011,Pristimantis paisa,253819286,6.2033363,-75.5213028,,2024-12-01,george79216,interior,https://www.inaturalist.org/observations/253819286
COL_ANURA_0011,Pristimantis paisa,252232394,6.26065,-75.3847972222,,2024-11-10,kruzkalke,interior,https://www.inaturalist.org/observations/252232394
COL_ANURA_0011,Pristimantis paisa,248153459,5.7540305556,-75.2760805556,,2024-10-15,juancarmona,interior,https://www.inaturalist.org/observations/248153459
COL_ANURA_0011,Pristimantis paisa,242960737,6.160405,-75.588124,338,2023-11-08,barinasuchus_arveloi,interior,https://www.inaturalist.org/observations/242960737
COL_ANURA_0011,Pristimantis paisa,233211233,6.26103,-75.493195,4,2023-10-02,medusandro,interior,https://www.inaturalist.org/observations/233211233
COL_ANURA_0011,Pristimantis paisa,218814857,5.9794969,-75.3582127,,2024-05-27,lula_pao1,interior,https://www.inaturalist.org/observations/218814857
COL_ANURA_0011,Pristimantis paisa,211825882,6.2459406794,-75.6683805585,8,2024-04-27,marisol252,interior,https://www.inaturalist.org/observations/211825882
COL_ANURA_0011,Pristimantis paisa,209918138,6.2710898318,-75.6655900553,215,2024-04-26,jeisson5,interior,https://www.inaturalist.org/observations/209918138
COL_ANURA_0011,Pristimantis paisa,204061361,6.2032133333,-75.4802383333,4,2024-03-25,danielasalazarsuaza,interior,https://www.inaturalist.org/observations/204061361
COL_ANURA_0011,Pristimantis paisa,202159280,6.2240752673,-75.2114706565,4,2022-02-09,khristimantis,interior,https://www.inaturalist.org/observations/202159280
COL_ANURA_0011,Pristimantis paisa,201878868,6.1690216579,-75.3639308645,56,2024-03-05,danielmesa1,interior,https://www.inaturalist.org/observations/201878868
COL_ANURA_0011,Pristimantis paisa,201193618,6.2198512664,-75.199042957,,2023-10-18,dbocanumenthe,interior,https://www.inaturalist.org/observations/201193618
COL_ANURA_0011,Pristimantis paisa,201193617,6.3648371322,-75.0863933838,,2023-10-18,dbocanumenthe,interior,https://www.inaturalist.org/observations/201193617
COL_ANURA_0011,Pristimantis paisa,199523709,6.3123750556,-75.4028243889,,2024-01-16,mentelateral,interior,https://www.inaturalist.org/observations/199523709
COL_ANURA_0011,Pristimantis paisa,192819135,6.3298546574,-75.6481469795,235,2023-11-29,wildlifechecho,interior,https://www.inaturalist.org/observations/192819135
COL_ANURA_0011,Pristimantis paisa,190914389,6.1660028333,-75.5259166667,9,2023-11-12,juanes0812,interior,https://www.inaturalist.org/observations/190914389
COL_ANURA_0011,Pristimantis paisa,188720196,6.2714054383,-75.6665130705,54,2023-10-13,sebastianospina,interior,https://www.inaturalist.org/observations/188720196
COL_ANURA_0011,Pristimantis paisa,185967840,6.1782942596,-75.6605283491,956,2023-09-29,sgarciao1,interior,https://www.inaturalist.org/observations/185967840
COL_ANURA_0011,Pristimantis paisa,182771614,6.0288614144,-75.5981511642,200,2023-08-07,felipe_barrerao,interior,https://www.inaturalist.org/observations/182771614
COL_ANURA_0011,Pristimantis paisa,182771613,6.0288614144,-75.5981511642,200,2023-08-06,felipe_barrerao,interior,https://www.inaturalist.org/observations/182771613
COL_ANURA_0011,Pristimantis paisa,179251710,7.0889439722,-75.4773519722,,2023-08-15,carlosmauriciomazo,interior,https://www.inaturalist.org/observations/179251710
COL_ANURA_0011,Pristimantis paisa,176447297,6.12336794,-75.565519,8,2023-08-03,josemilla,interior,https://www.inaturalist.org/observations/176447297
COL_ANURA_0011,Pristimantis paisa,165483640,6.3454840089,-75.4415032268,1117,2022-10-30,juan_pablo70,interior,https://www.inaturalist.org/observations/165483640
COL_ANURA_0011,Pristimantis paisa,165388445,6.1071527778,-75.6370027778,,2023-06-02,gero_y_ya,interior,https://www.inaturalist.org/observations/165388445
COL_ANURA_0011,Pristimantis paisa,163217385,6.1369872,-75.5693948,215,2023-02-11,agoutiboy,interior,https://www.inaturalist.org/observations/163217385
COL_ANURA_0011,Pristimantis paisa,163048746,6.2745201676,-75.6277618557,20,2023-05-21,aguadepanela,interior,https://www.inaturalist.org/observations/163048746
COL_ANURA_0011,Pristimantis paisa,163047519,6.1569842,-75.5653211997,,2023-05-21,davidpilliod,interior,https://www.inaturalist.org/observations/163047519
COL_ANURA_0011,Pristimantis paisa,162895561,6.1059523405,-75.4568323866,213,2023-05-12,nicozambranod98,interior,https://www.inaturalist.org/observations/162895561
COL_ANURA_0011,Pristimantis paisa,160149443,6.0256234413,-75.4895324561,28,2023-05-06,josemigueluribe,interior,https://www.inaturalist.org/observations/160149443
COL_ANURA_0011,Pristimantis paisa,159718910,6.3522416667,-75.6836361111,,2023-04-26,fertam,interior,https://www.inaturalist.org/observations/159718910
COL_ANURA_0011,Pristimantis paisa,159229891,6.128125,-75.5298216667,4,2023-05-02,bealeiderman,interior,https://www.inaturalist.org/observations/159229891
COL_ANURA_0011,Pristimantis paisa,159203642,6.2486916667,-75.4965638889,,2023-05-02,daniel_esteban,interior,https://www.inaturalist.org/observations/159203642
COL_ANURA_0011,Pristimantis paisa,158938757,6.2320111414,-75.6437669322,211,2023-05-01,marisol250,interior,https://www.inaturalist.org/observations/158938757
COL_ANURA_0011,Pristimantis paisa,157945933,6.1782802763,-75.6437344104,211,2023-04-29,jannethbetancur,interior,https://www.inaturalist.org/observations/157945933
COL_ANURA_0011,Pristimantis paisa,157677544,6.2032,-75.6414333333,8,2023-04-29,derlly,interior,https://www.inaturalist.org/observations/157677544
COL_ANURA_0011,Pristimantis paisa,157348958,6.2710898318,-75.6655900553,215,2023-04-28,sebastian1434,interior,https://www.inaturalist.org/observations/157348958
COL_ANURA_0011,Pristimantis paisa,157338501,6.2666790074,-75.6690218603,1371,2023-04-28,nejesava,interior,https://www.inaturalist.org/observations/157338501
COL_ANURA_0011,Pristimantis paisa,157188554,6.3565758524,-75.6893976778,191,2023-04-26,nayepesa,interior,https://www.inaturalist.org/observations/157188554
COL_ANURA_0011,Pristimantis paisa,153485165,6.1283083333,-75.52967,4,2023-04-04,bealeiderman,interior,https://www.inaturalist.org/observations/153485165
COL_ANURA_0011,Pristimantis paisa,151491066,6.2853383333,-75.4638133333,4,2023-03-18,jameskamstra,interior,https://www.inaturalist.org/observations/151491066
COL_ANURA_0011,Pristimantis paisa,151440979,6.2396722222,-75.4940916667,,2023-03-17,edafosrodo,interior,https://www.inaturalist.org/observations/151440979
COL_ANURA_0011,Pristimantis paisa,149877438,6.4046651704,-75.5034542084,390,2023-02-26,sebasmc_foto,interior,https://www.inaturalist.org/observations/149877438
COL_ANURA_0011,Pristimantis paisa,149792260,6.3785802154,-75.5351048798,8746,2023-02-25,hecateusjaguart,interior,https://www.inaturalist.org/observations/149792260
COL_ANURA_0011,Pristimantis paisa,149368566,6.3021536862,-75.1424146841,28,2023-02-21,salamandrita,interior,https://www.inaturalist.org/observations/149368566
COL_ANURA_0011,Pristimantis paisa,148834141,6.2103,-75.6182783333,4,2023-02-11,cerrostutelaresdemedellin,interior,https://www.inaturalist.org/observations/148834141
COL_ANURA_0011,Pristimantis paisa,148431327,5.6755028349,-75.2917666907,200,2023-01-12,dbocanumenthe,interior,https://www.inaturalist.org/observations/148431327
COL_ANURA_0011,Pristimantis paisa,146807836,5.6897515456,-75.2323646332,1000,2023-01-11,felipe_barrerao,interior,https://www.inaturalist.org/observations/146807836
COL_ANURA_0011,Pristimantis paisa,145311980,6.1379537167,-75.57313935,,2022-08-27,dbocanumenthe,interior,https://www.inaturalist.org/observations/145311980
COL_ANURA_0011,Pristimantis paisa,145311974,6.1389992167,-75.5730416667,,2022-08-27,dbocanumenthe,interior,https://www.inaturalist.org/observations/145311974
COL_ANURA_0011,Pristimantis paisa,145311970,6.1390198,-75.5730652833,,2022-08-27,dbocanumenthe,interior,https://www.inaturalist.org/observations/145311970
COL_ANURA_0011,Pristimantis paisa,141423378,6.7008559643,-75.3589532291,126,2021-12-11,estebanalzate,interior,https://www.inaturalist.org/observations/141423378
COL_ANURA_0011,Pristimantis paisa,137176333,6.0396470935,-75.4153051856,,2022-09-26,dbocanumenthe,interior,https://www.inaturalist.org/observations/137176333
COL_ANURA_0011,Pristimantis paisa,136583713,6.1391972222,-75.5731,,2022-08-27,sesernam,interior,https://www.inaturalist.org/observations/136583713
COL_ANURA_0011,Pristimantis paisa,136583704,6.1392444444,-75.5730638889,,2022-08-27,sesernam,interior,https://www.inaturalist.org/observations/136583704
COL_ANURA_0011,Pristimantis paisa,133259213,5.9412053483,-75.3801621965,31,2022-01-25,biottero,interior,https://www.inaturalist.org/observations/133259213
COL_ANURA_0011,Pristimantis paisa,133259183,5.9276373006,-75.3878788888,15,2022-01-12,biottero,interior,https://www.inaturalist.org/observations/133259183
COL_ANURA_0011,Pristimantis paisa,132500149,6.1384113503,-75.5697265461,323,2022-08-27,julianbiol,interior,https://www.inaturalist.org/observations/132500149
COL_ANURA_0011,Pristimantis paisa,128967123,6.0676195,-75.497445,9,2022-07-31,mclusal,interior,https://www.inaturalist.org/observations/128967123
COL_ANURA_0011,Pristimantis paisa,127114749,6.0879698415,-75.337488167,1768,2022-07-13,carolinagomezs,interior,https://www.inaturalist.org/observations/127114749
COL_ANURA_0011,Pristimantis paisa,124446882,6.2128516736,-75.614147298,187,,sebas8912,interior,https://www.inaturalist.org/observations/124446882
COL_ANURA_0011,Pristimantis paisa,118705996,6.3264410159,-75.6555730104,,2022-05-24,wildlifechecho,interior,https://www.inaturalist.org/observations/118705996
COL_ANURA_0011,Pristimantis paisa,115198456,6.0281357511,-75.596446345,8,2022-05-02,altodesanmiguel,interior,https://www.inaturalist.org/observations/115198456
COL_ANURA_0011,Pristimantis paisa,114888111,6.2323322992,-75.6469207143,,2022-05-02,nayepesa,interior,https://www.inaturalist.org/observations/114888111
COL_ANURA_0011,Pristimantis paisa,114819317,6.0367329579,-75.6174018623,15,2022-05-02,altodesanmiguel,interior,https://www.inaturalist.org/observations/114819317
COL_ANURA_0011,Pristimantis paisa,113849880,6.3264410159,-75.6555730104,,2022-04-30,catalina54,interior,https://www.inaturalist.org/observations/113849880
COL_ANURA_0011,Pristimantis paisa,110494518,6.277777516,-75.635522157,1804,2022-04-01,mario_cuervo,interior,https://www.inaturalist.org/observations/110494518
COL_ANURA_0011,Pristimantis paisa,109342162,6.2952611834,-75.4722597508,8746,2022-03-20,hecateusjaguart,interior,https://www.inaturalist.org/observations/109342162
COL_ANURA_0011,Pristimantis paisa,107451370,6.05843745,-75.4292827,4496,2021-03-28,jonathancoley,interior,https://www.inaturalist.org/observations/107451370
COL_ANURA_0011,Pristimantis paisa,103760460,6.079187139,-75.3687107537,31,2021-12-25,elizaocampo,interior,https://www.inaturalist.org/observations/103760460
COL_ANURA_0011,Pristimantis paisa,96721006,6.0491797372,-75.3201899305,1908,2020-01-22,daniel-arbelaez,interior,https://www.inaturalist.org/observations/96721006
COL_ANURA_0011,Pristimantis paisa,91216611,6.1933276459,-75.6244712515,9,2021-08-13,ricardo_sanchez,interior,https://www.inaturalist.org/observations/91216611
COL_ANURA_0011,Pristimantis paisa,90938675,6.151422,-75.374863,,2021-07-01,luis_miguel,interior,https://www.inaturalist.org/observations/90938675
COL_ANURA_0011,Pristimantis paisa,90505456,6.3848632902,-75.799621425,5,2021-06-26,dbocanumenthe,interior,https://www.inaturalist.org/observations/90505456
COL_ANURA_0011,Pristimantis paisa,90195837,5.7125305556,-75.3093083333,,2021-08-06,juancarmona,interior,https://www.inaturalist.org/observations/90195837
COL_ANURA_0011,Pristimantis paisa,88026946,6.3037171753,-75.4179319915,31,2021-07-14,sesernam,interior,https://www.inaturalist.org/observations/88026946
COL_ANURA_0011,Pristimantis paisa,86106616,5.9730320615,-75.2084601671,631,2021-07-03,davidsanchez10,interior,https://www.inaturalist.org/observations/86106616
COL_ANURA_0011,Pristimantis paisa,80431622,6.0260108824,-75.324331443,1423,2021-04-17,biottero,interior,https://www.inaturalist.org/observations/80431622
COL_ANURA_0011,Pristimantis paisa,77093090,6.2203814633,-75.7752530176,211,,nataliasernapatio,interior,https://www.inaturalist.org/observations/77093090
COL_ANURA_0011,Pristimantis paisa,76750816,6.0496844541,-75.6105119523,244,2021-04-30,altodesanmiguel,interior,https://www.inaturalist.org/observations/76750816
COL_ANURA_0011,Pristimantis paisa,76743225,6.2585369722,-75.4935679722,,2021-03-23,marliaguirrea,interior,https://www.inaturalist.org/observations/76743225
COL_ANURA_0011,Pristimantis paisa,76397739,6.1427217996,-75.5609817659,120,2021-04-30,estebanalzate,interior,https://www.inaturalist.org/observations/76397739
COL_ANURA_0011,Pristimantis paisa,76397673,6.1427217996,-75.5609817659,120,2021-04-30,estebanalzate,interior,https://www.inaturalist.org/observations/76397673
COL_ANURA_0011,Pristimantis paisa,76397542,6.1427217996,-75.5609817659,120,2021-04-30,estebanalzate,interior,https://www.inaturalist.org/observations/76397542
COL_ANURA_0011,Pristimantis paisa,75983641,6.2201047162,-75.5021466315,219,2019-06-25,ana1124,interior,https://www.inaturalist.org/observations/75983641
COL_ANURA_0011,Pristimantis paisa,74571466,6.6926699,-75.3831021,,2021-03-05,marleytgr,interior,https://www.inaturalist.org/observations/74571466
COL_ANURA_0011,Pristimantis paisa,74571287,6.8392233,-75.3040824,,2021-02-25,marleytgr,interior,https://www.inaturalist.org/observations/74571287
COL_ANURA_0011,Pristimantis paisa,69753900,6.330183055,-75.613848055,,2021-02-13,esteban_villa,interior,https://www.inaturalist.org/observations/69753900
COL_ANURA_0011,Pristimantis paisa,69563939,6.33005,-75.613847,14,2021-02-13,ricardo_sanchez,interior,https://www.inaturalist.org/observations/69563939
COL_ANURA_0011,Pristimantis paisa,69561126,6.33999,-75.59307,2035,2021-02-13,juand20,interior,https://www.inaturalist.org/observations/69561126
COL_ANURA_0011,Pristimantis paisa,68729018,6.2332650629,-75.6925626547,5,2021-01-20,llimi,interior,https://www.inaturalist.org/observations/68729018
COL_ANURA_0011,Pristimantis paisa,63700185,6.1092080617,-75.5814226717,1342,2020-10-23,jpcifuentes,interior,https://www.inaturalist.org/observations/63700185
COL_ANURA_0011,Pristimantis paisa,59837101,6.0003437699,-75.2658845501,,2019-11-02,mechas,interior,https://www.inaturalist.org/observations/59837101
COL_ANURA_0011,Pristimantis paisa,56799854,6.0506610724,-75.6298643723,5,2020-08-17,smejiadu,interior,https://www.inaturalist.org/observations/56799854
COL_ANURA_0011,Pristimantis paisa,55826816,7.0941153617,-75.4824365617,,2020-07-15,khristimantis,interior,https://www.inaturalist.org/observations/55826816
COL_ANURA_0011,Pristimantis paisa,55563103,6.0298996708,-75.4305712134,2813,2020-06-25,nico_nativo,interior,https://www.inaturalist.org/observations/55563103
COL_ANURA_0011,Pristimantis paisa,55563046,6.0298996708,-75.4305712134,2813,2020-04-11,nico_nativo,interior,https://www.inaturalist.org/observations/55563046
COL_ANURA_0011,Pristimantis paisa,55562897,6.0298996708,-75.4305712134,2813,2020-01-22,nico_nativo,interior,https://www.inaturalist.org/observations/55562897
COL_ANURA_0011,Pristimantis paisa,55562802,6.0298996708,-75.4305712134,2813,2020-01-20,nico_nativo,interior,https://www.inaturalist.org/observations/55562802
COL_ANURA_0011,Pristimantis paisa,55562657,6.0298996708,-75.4305712134,2813,2020-01-19,nico_nativo,interior,https://www.inaturalist.org/observations/55562657
COL_ANURA_0011,Pristimantis paisa,54555251,5.9429702887,-75.3799474917,384,2019-12-27,biottero,interior,https://www.inaturalist.org/observations/54555251
COL_ANURA_0011,Pristimantis paisa,54555250,6.0248189288,-75.3250532159,425,2019-09-07,biottero,interior,https://www.inaturalist.org/observations/54555250
COL_ANURA_0011,Pristimantis paisa,54448885,6.60004,-75.39994,2196,2018-05-06,andres_forero,interior,https://www.inaturalist.org/observations/54448885
COL_ANURA_0011,Pristimantis paisa,49026848,6.3356531977,-75.5087850988,5,2020-06-06,juliomontoyagio,interior,https://www.inaturalist.org/observations/49026848
COL_ANURA_0011,Pristimantis paisa,45883180,6.1599958768,-75.5308197811,100,2020-03-09,jpcifuentes,interior,https://www.inaturalist.org/observations/45883180
COL_ANURA_0011,Pristimantis paisa,45263819,6.0564508802,-75.5600693021,2,2018-12-14,dbocanumenthe,interior,https://www.inaturalist.org/observations/45263819
COL_ANURA_0011,Pristimantis paisa,42282880,6.4410277778,-75.5510555556,,2020-04-15,edafosrodo,interior,https://www.inaturalist.org/observations/42282880
COL_ANURA_0011,Pristimantis paisa,39657463,6.2755089719,-75.5162641034,125,2020-02-25,nicolasbetancourt,interior,https://www.inaturalist.org/observations/39657463
COL_ANURA_0011,Pristimantis paisa,37206863,6.0192184124,-75.2807162815,4,2019-12-25,dbocanumenthe,interior,https://www.inaturalist.org/observations/37206863
COL_ANURA_0011,Pristimantis paisa,36368109,6.3474464092,-75.7290553492,,2019-12-03,khristimantis,interior,https://www.inaturalist.org/observations/36368109
COL_ANURA_0011,Pristimantis paisa,33764660,6.0202719665,-75.4044043142,1783,2019-08-14,altodesanmiguel,interior,https://www.inaturalist.org/observations/33764660
COL_ANURA_0011,Pristimantis paisa,33663872,6.1183341244,-75.5212202011,901,2019-09-05,altodesanmiguel,interior,https://www.inaturalist.org/observations/33663872
COL_ANURA_0011,Pristimantis paisa,32587907,6.3955290977,-75.5144756926,15,2019-09-08,juliomontoyagio,interior,https://www.inaturalist.org/observations/32587907
COL_ANURA_0011,Pristimantis paisa,29034229,5.9862883114,-75.3527755083,1661,2019-06-16,biottero,interior,https://www.inaturalist.org/observations/29034229
COL_ANURA_0011,Pristimantis paisa,25640106,6.2456350327,-75.6687545776,,2019-05-23,llimi,interior,https://www.inaturalist.org/observations/25640106
COL_ANURA_0011,Pristimantis paisa,24858262,6.2754587846,-75.6704721531,4,2019-05-09,llimi,interior,https://www.inaturalist.org/observations/24858262
COL_ANURA_0011,Pristimantis paisa,24079465,6.2860365209,-75.5144979265,4685,2019-04-28,cristian223,interior,https://www.inaturalist.org/observations/24079465
COL_ANURA_0011,Pristimantis paisa,23237868,6.2663187181,-75.6525270268,1052,2019-04-26,sebastianospina,interior,https://www.inaturalist.org/observations/23237868
COL_ANURA_0011,Pristimantis paisa,22308069,6.2532639202,-75.6661962345,175,2019-04-05,marisol44,interior,https://www.inaturalist.org/observations/22308069
COL_ANURA_0011,Pristimantis paisa,21706607,6.3464667166,-75.4994340376,4,2019-03-24,sesernam,interior,https://www.inaturalist.org/observations/21706607
COL_ANURA_0011,Pristimantis paisa,21235424,6.1335300884,-75.5427313256,1992,,altodesanmiguel,interior,https://www.inaturalist.org/observations/21235424
COL_ANURA_0011,Pristimantis paisa,21235423,6.1490978529,-75.5816342122,2144,2018-07-23,altodesanmiguel,interior,https://www.inaturalist.org/observations/21235423
COL_ANURA_0011,Pristimantis paisa,21235421,6.1984688296,-75.4055972729,2448,2018-07-23,altodesanmiguel,interior,https://www.inaturalist.org/observations/21235421
COL_ANURA_0011,Pristimantis paisa,21235420,6.1221130141,-75.5039615831,2182,2018-07-23,altodesanmiguel,interior,https://www.inaturalist.org/observations/21235420
COL_ANURA_0011,Pristimantis paisa,21235419,6.0302964157,-75.5520805977,2087,2018-07-13,altodesanmiguel,interior,https://www.inaturalist.org/observations/21235419
COL_ANURA_0011,Pristimantis paisa,20820236,6.2959660158,-75.4722818818,2,2019-02-24,sesernam,interior,https://www.inaturalist.org/observations/20820236
COL_ANURA_0011,Pristimantis paisa,20783138,5.9421506674,-75.3851806386,0,2019-02-23,khristimantis,interior,https://www.inaturalist.org/observations/20783138
COL_ANURA_0011,Pristimantis paisa,20335980,6.1940920165,-75.4078443874,,2019-02-12,khristimantis,interior,https://www.inaturalist.org/observations/20335980
COL_ANURA_0011,Pristimantis paisa,19870480,5.9403419291,-75.3859243075,29,2019-01-10,biottero,interior,https://www.inaturalist.org/observations/19870480
COL_ANURA_0011,Pristimantis paisa,18223043,5.6944915938,-75.3026974009,,2018-10-19,khristimantis,interior,https://www.inaturalist.org/observations/18223043
COL_ANURA_0011,Pristimantis paisa,12441773,6.9848783333,-75.1118383333,,2017-11-11,danielvelez,interior,https://www.inaturalist.org/observations/12441773
COL_ANURA_0011,Pristimantis paisa,9629886,6.3727073538,-75.5440843105,9,2017-12-31,ricardo_sanchez,interior,https://www.inaturalist.org/observations/9629886
COL_ANURA_0011,Pristimantis paisa,8527608,6.0055563831,-75.3468742222,115,2017-06-10,biottero,interior,https://www.inaturalist.org/observations/8527608
COL_ANURA_0011,Pristimantis paisa,8233374,6.1670716667,-75.5554366667,,2017-10-03,juan_diaz-nieto,interior,https://www.inaturalist.org/observations/8233374
COL_ANURA_0011,Pristimantis paisa,6175645,6.0283148744,-75.4484187934,1802,2017-04-28,lucas1981,interior,http://colombia.inaturalist.org/observations/6175645
COL_ANURA_0011,Pristimantis paisa,68933,6.1619834685,-75.2883344625,,2012-04-06,juandaza,interior,http://www.inaturalist.org/observations/68933
COL_ANURA_0011,Pristimantis paisa,68932,6.1619834685,-75.2883344625,,2012-04-06,juandaza,interior,http://www.inaturalist.org/observations/68932
COL_ANURA_0011,Pristimantis paisa,40018,6.817,-75.244,,2011-10-19,estebanalzate,interior,http://www.inaturalist.org/observations/40018
COL_ANURA_0011,Pristimantis paisa,39724,6.0272136236,-75.5943489075,,,biodiversitario,interior,http://www.inaturalist.org/observations/39724
COL_ANURA_0011,Pristimantis paisa,39612,6.3706403272,-75.544154048,,2011-11-14,stevenmurillo,interior,http://www.inaturalist.org/observations/39612
COL_ANURA_0011,Pristimantis paisa,38861,6.0271282674,-75.5952501297,,2011-09-10,estebanalzate,interior,http://www.inaturalist.org/observations/38861
COL_ANURA_0011,Pristimantis paisa,38638,6.0264667561,-75.5963230133,,2003-06-17,juandaza,interior,http://www.inaturalist.org/observations/38638
COL_ANURA_0039,Engystomops pustulosus,394204736,5.8013850038,-74.8379448429,7,2026-02-12,fincaelprado,interior,https://www.inaturalist.org/observations/394204736
COL_ANURA_0039,Engystomops pustulosus,388441666,6.573861833,-74.7129720077,215,2026-07-10,mateo41324,interior,https://www.inaturalist.org/observations/388441666
COL_ANURA_0039,Engystomops pustulosus,386054267,6.5750115953,-74.7124439478,215,2026-07-10,talia17552,interior,https://www.inaturalist.org/observations/386054267
COL_ANURA_0039,Engystomops pustulosus,385050366,7.7958966667,-76.6483,10,2026-07-23,juanes0812,interior,https://www.inaturalist.org/observations/385050366
COL_ANURA_0039,Engystomops pustulosus,383316569,6.0492801667,-74.9927062778,,2026-07-19,jjacevedor,interior,https://www.inaturalist.org/observations/383316569
COL_ANURA_0039,Engystomops pustulosus,379578496,7.7550795131,-76.663072072,363,2026-07-08,thomas35028,interior,https://www.inaturalist.org/observations/379578496
COL_ANURA_0039,Engystomops pustulosus,375587957,7.9549909795,-76.6653684677,2,2026-06-24,f_retorno,interior,https://www.inaturalist.org/observations/375587957
COL_ANURA_0039,Engystomops pustulosus,372827254,7.7958883333,-76.648095,4,2026-06-17,juanes0812,interior,https://www.inaturalist.org/observations/372827254
COL_ANURA_0039,Engystomops pustulosus,365029720,7.2406788333,-76.4395705972,,2026-05-21,maritza21328,interior,https://www.inaturalist.org/observations/365029720
COL_ANURA_0039,Engystomops pustulosus,364906306,7.8647089689,-76.5841162205,224,2026-05-24,cindy39091,interior,https://www.inaturalist.org/observations/364906306
COL_ANURA_0039,Engystomops pustulosus,363705490,7.8852038889,-76.5584927778,,2026-05-04,yasneiri,interior,https://www.inaturalist.org/observations/363705490
COL_ANURA_0039,Engystomops pustulosus,363222883,6.03847,-74.8823491,,2026-05-19,pao55543,interior,https://www.inaturalist.org/observations/363222883
COL_ANURA_0039,Engystomops pustulosus,361216276,7.8709202774,-76.6952491924,16,2026-05-13,alex_antojo,interior,https://www.inaturalist.org/observations/361216276
COL_ANURA_0039,Engystomops pustulosus,360058698,8.5244430556,-76.5368297222,,2026-04-29,tannia4223,interior,https://www.inaturalist.org/observations/360058698
COL_ANURA_0039,Engystomops pustulosus,353819155,6.3310633333,-75.0326778333,9,2026-04-21,laura83757,interior,https://www.inaturalist.org/observations/353819155
COL_ANURA_0039,Engystomops pustulosus,352432518,7.8664713,-76.576095,,2026-04-23,diego_luis4,interior,https://www.inaturalist.org/observations/352432518
COL_ANURA_0039,Engystomops pustulosus,352132183,8.5235377485,-76.5320766717,211,2026-04-21,leilacastillo,interior,https://www.inaturalist.org/observations/352132183
COL_ANURA_0039,Engystomops pustulosus,352004939,8.5188,-76.5267297222,,2026-04-19,donadis,interior,https://www.inaturalist.org/observations/352004939
COL_ANURA_0039,Engystomops pustulosus,351431781,7.9390054027,-76.5432219207,7,2026-04-19,isaias46353,interior,https://www.inaturalist.org/observations/351431781
COL_ANURA_0039,Engystomops pustulosus,350998884,8.5243477805,-76.5339890867,211,2026-04-18,leilacastillo,interior,https://www.inaturalist.org/observations/350998884
COL_ANURA_0039,Engystomops pustulosus,350661227,7.6793947009,-76.7614568397,5,2026-04-15,mildreye,interior,https://www.inaturalist.org/observations/350661227
COL_ANURA_0039,Engystomops pustulosus,349925700,8.0143046616,-75.0717312098,600,2026-04-11,yuliana_vanessa_1416,interior,https://www.inaturalist.org/observations/349925700
COL_ANURA_0039,Engystomops pustulosus,348000134,7.864661,-76.584119,84,2026-04-06,ingrid_johana2,interior,https://www.inaturalist.org/observations/348000134
COL_ANURA_0039,Engystomops pustulosus,346213339,7.815389,-76.678755,,2026-03-11,f_elroble,interior,https://www.inaturalist.org/observations/346213339
COL_ANURA_0039,Engystomops pustulosus,345355821,6.5121509457,-74.8981413816,1711,2026-02-17,santiagovarelaf,interior,https://www.inaturalist.org/observations/345355821
COL_ANURA_0039,Engystomops pustulosus,343395535,6.2635316667,-74.91328,,2026-03-16,vanesa51002,interior,https://www.inaturalist.org/observations/343395535
COL_ANURA_0039,Engystomops pustulosus,342084984,7.8898732997,-76.5353499997,,2026-03-02,sarith_pabon25,interior,https://www.inaturalist.org/observations/342084984
COL_ANURA_0039,Engystomops pustulosus,341803285,8.5874129252,-76.6368930414,15,2026-03-03,juanmarcos_marin,interior,https://www.inaturalist.org/observations/341803285
COL_ANURA_0039,Engystomops pustulosus,340990252,7.864661,-76.584119,84,2026-03-02,yasmin8564,interior,https://www.inaturalist.org/observations/340990252
COL_ANURA_0039,Engystomops pustulosus,340782935,7.791034688,-76.5519531816,6,2026-03-01,darlisc,interior,https://www.inaturalist.org/observations/340782935
COL_ANURA_0039,Engystomops pustulosus,340656423,7.881844976,-76.557088429,2753,2026-02-28,luisa45518,interior,https://www.inaturalist.org/observations/340656423
COL_ANURA_0039,Engystomops pustulosus,340655773,7.8647089689,-76.5841162205,224,2026-02-28,antonio15235,interior,https://www.inaturalist.org/observations/340655773
COL_ANURA_0039,Engystomops pustulosus,340649495,7.8647089689,-76.5841162205,224,2026-02-28,karina70111,interior,https://www.inaturalist.org/observations/340649495
COL_ANURA_0039,Engystomops pustulosus,339438116,7.8753033333,-76.5501116667,13,2026-02-17,vanessa-13,interior,https://www.inaturalist.org/observations/339438116
COL_ANURA_0039,Engystomops pustulosus,339302475,5.887275,-74.8546833333,17,2026-02-18,braden1,interior,https://www.inaturalist.org/observations/339302475
COL_ANURA_0039,Engystomops pustulosus,339225204,8.5194816667,-76.5319844444,,2026-02-15,arnidis,interior,https://www.inaturalist.org/observations/339225204
COL_ANURA_0039,Engystomops pustulosus,339208242,7.0463547291,-74.7283190735,2,2021-08-10,khristimantis,interior,https://www.inaturalist.org/observations/339208242
COL_ANURA_0039,Engystomops pustulosus,339208092,7.096087246,-74.6558168954,2,2021-08-11,khristimantis,interior,https://www.inaturalist.org/observations/339208092
COL_ANURA_0039,Engystomops pustulosus,339208089,7.004596729,-74.7216417646,2,2021-08-11,khristimantis,interior,https://www.inaturalist.org/observations/339208089
COL_ANURA_0039,Engystomops pustulosus,339208079,7.1792579879,-74.7683404494,2,2021-08-10,khristimantis,interior,https://www.inaturalist.org/observations/339208079
COL_ANURA_0039,Engystomops pustulosus,339208076,7.0055050119,-74.7490907852,2,2021-08-10,khristimantis,interior,https://www.inaturalist.org/observations/339208076
COL_ANURA_0039,Engystomops pustulosus,339208075,7.100077642,-74.6769610563,2,2021-08-10,khristimantis,interior,https://www.inaturalist.org/observations/339208075
COL_ANURA_0039,Engystomops pustulosus,339208072,7.1656744775,-74.6192340359,2,2021-08-10,khristimantis,interior,https://www.inaturalist.org/observations/339208072
COL_ANURA_0039,Engystomops pustulosus,339208071,7.123651052,-74.7771423536,2,2021-08-10,khristimantis,interior,https://www.inaturalist.org/observations/339208071
COL_ANURA_0039,Engystomops pustulosus,339208069,7.1615947723,-74.7640906215,4,2021-08-11,khristimantis,interior,https://www.inaturalist.org/observations/339208069
COL_ANURA_0039,Engystomops pustulosus,339191570,5.8577365997,-74.8547609682,4,2020-01-02,khristimantis,interior,https://www.inaturalist.org/observations/339191570
COL_ANURA_0039,Engystomops pustulosus,339182745,6.4632573019,-74.7952023568,2,2019-05-03,khristimantis,interior,https://www.inaturalist.org/observations/339182745
COL_ANURA_0039,Engystomops pustulosus,339163243,8.5216875665,-76.5310782194,211,2026-02-16,sirlyssantacruz2007,interior,https://www.inaturalist.org/observations/339163243
COL_ANURA_0039,Engystomops pustulosus,338972542,8.5216875665,-76.5310782194,211,2026-02-16,sirlyssantacruz2007,interior,https://www.inaturalist.org/observations/338972542
COL_ANURA_0039,Engystomops pustulosus,338710325,8.5194633333,-76.5319913889,,2026-02-15,yudis5,interior,https://www.inaturalist.org/observations/338710325
COL_ANURA_0039,Engystomops pustulosus,338384486,7.864661,-76.584119,84,2026-02-12,ingrid_johana2,interior,https://www.inaturalist.org/observations/338384486
COL_ANURA_0039,Engystomops pustulosus,338383929,8.5181847222,-76.5316411111,,2026-02-11,ingri97515,interior,https://www.inaturalist.org/observations/338383929
COL_ANURA_0039,Engystomops pustulosus,338320602,6.5389207945,-74.7230107566,80,2026-02-12,amarilis78433,interior,https://www.inaturalist.org/observations/338320602
COL_ANURA_0039,Engystomops pustulosus,338244954,8.5181777778,-76.5316144444,,2026-02-11,eliana2004,interior,https://www.inaturalist.org/observations/338244954
COL_ANURA_0039,Engystomops pustulosus,338208788,7.8841592666,-76.5602234378,7,2026-02-11,alejandra98369,interior,https://www.inaturalist.org/observations/338208788
COL_ANURA_0039,Engystomops pustulosus,338023857,7.7911240447,-76.551964581,6,2026-02-09,darlisc,interior,https://www.inaturalist.org/observations/338023857
COL_ANURA_0039,Engystomops pustulosus,337804276,8.0830540872,-76.7164570652,80,2026-02-08,carlosnobles,interior,https://www.inaturalist.org/observations/337804276
COL_ANURA_0039,Engystomops pustulosus,336522672,7.88526241,-76.56371388,6,2026-01-28,yenifer84258,interior,https://www.inaturalist.org/observations/336522672
COL_ANURA_0039,Engystomops pustulosus,336522364,7.88524749,-76.56364164,5,2026-01-28,yenifer84258,interior,https://www.inaturalist.org/observations/336522364
COL_ANURA_0039,Engystomops pustulosus,336417542,8.5682513194,-76.6215162722,,2026-01-27,sebaspesi,interior,https://www.inaturalist.org/observations/336417542
COL_ANURA_0039,Engystomops pustulosus,336412905,7.864661,-76.584119,84,2026-01-27,yasmin8564,interior,https://www.inaturalist.org/observations/336412905
COL_ANURA_0039,Engystomops pustulosus,336299586,7.7451167593,-76.5560676903,6,2026-01-26,derli_dayana,interior,https://www.inaturalist.org/observations/336299586
COL_ANURA_0039,Engystomops pustulosus,336297882,7.7555924445,-76.5551456809,100,2026-01-26,derli_dayana,interior,https://www.inaturalist.org/observations/336297882
COL_ANURA_0039,Engystomops pustulosus,336289947,8.5800377991,-76.7026045337,10,2026-01-26,juanmarcos_marin,interior,https://www.inaturalist.org/observations/336289947
COL_ANURA_0039,Engystomops pustulosus,336266573,8.0848574918,-76.7182379868,10,2026-01-26,jannysescobar,interior,https://www.inaturalist.org/observations/336266573
COL_ANURA_0039,Engystomops pustulosus,332943743,6.997374,-76.256824,2048,2023-05-04,pablo_correa,interior,https://www.inaturalist.org/observations/332943743
COL_ANURA_0039,Engystomops pustulosus,330983167,7.4261708877,-74.8003741354,9163,2025-12-11,camiloalejandro,interior,https://www.inaturalist.org/observations/330983167
COL_ANURA_0039,Engystomops pustulosus,326211397,6.4520883333,-74.6320333333,3,2025-11-12,alexander_99,interior,https://www.inaturalist.org/observations/326211397
COL_ANURA_0039,Engystomops pustulosus,323376467,5.8616116667,-74.868645,4,2025-10-18,felipemzambrano,interior,https://www.inaturalist.org/observations/323376467
COL_ANURA_0039,Engystomops pustulosus,317919359,7.779488947,-76.8732427817,1659,2025-09-29,alexa_costa_rica,interior,https://www.inaturalist.org/observations/317919359
COL_ANURA_0039,Engystomops pustulosus,311613361,6.5904447222,-75.7431563889,,2025-09-04,oscar_marin,interior,https://www.inaturalist.org/observations/311613361
COL_ANURA_0039,Engystomops pustulosus,306631908,7.8727455071,-76.6207882085,2,2025-08-11,juancamilousuga-f,interior,https://www.inaturalist.org/observations/306631908
COL_ANURA_0039,Engystomops pustulosus,299195159,7.77413,-76.6635757,179,2025-07-16,juand20,interior,https://www.inaturalist.org/observations/299195159
COL_ANURA_0039,Engystomops pustulosus,291050171,6.803495,-74.2150366667,13,2025-06-18,zanelibke,interior,https://www.inaturalist.org/observations/291050171
COL_ANURA_0039,Engystomops pustulosus,287788485,8.225042,-76.7533219722,,2025-06-07,camilo_gz,interior,https://www.inaturalist.org/observations/287788485
COL_ANURA_0039,Engystomops pustulosus,272205601,7.7958333333,-76.6479716667,4,2025-04-21,juanes0812,interior,https://www.inaturalist.org/observations/272205601
COL_ANURA_0039,Engystomops pustulosus,267391981,7.5843420344,-74.8006557909,1,2025-03-12,sergiosvs,interior,https://www.inaturalist.org/observations/267391981
COL_ANURA_0039,Engystomops pustulosus,264518698,5.8614731,-74.8685029149,116,2025-03-07,sebasmc_foto,interior,https://www.inaturalist.org/observations/264518698
COL_ANURA_0039,Engystomops pustulosus,264455376,5.8136658368,-74.8147883751,4,2025-03-07,vannevg,interior,https://www.inaturalist.org/observations/264455376
COL_ANURA_0039,Engystomops pustulosus,264371021,7.5939888775,-74.8093944152,199,2025-03-06,bayronandres10,interior,https://www.inaturalist.org/observations/264371021
COL_ANURA_0039,Engystomops pustulosus,264312717,7.5841839283,-74.800957751,31,2025-02-27,adolfoaguas,interior,https://www.inaturalist.org/observations/264312717
COL_ANURA_0039,Engystomops pustulosus,264024711,7.1901017892,-76.3854843378,207,2025-02-03,benoit_segerer,interior,https://www.inaturalist.org/observations/264024711
COL_ANURA_0039,Engystomops pustulosus,262774303,5.8623912054,-74.8704151193,121,2025-02-20,juanestebanhincapiposada,interior,https://www.inaturalist.org/observations/262774303
COL_ANURA_0039,Engystomops pustulosus,259972292,6.4212533333,-74.7639216667,7,2025-01-02,juandapez,interior,https://www.inaturalist.org/observations/259972292
COL_ANURA_0039,Engystomops pustulosus,257398042,7.7959133333,-76.648195,12,2025-01-01,juanes0812,interior,https://www.inaturalist.org/observations/257398042
COL_ANURA_0039,Engystomops pustulosus,256178358,5.8348614463,-74.8344488722,8853,2024-12-12,zulma_correa,interior,https://www.inaturalist.org/observations/256178358
COL_ANURA_0039,Engystomops pustulosus,254776319,7.7759796508,-76.6644769246,1138,2024-09-26,damarinzu,interior,https://www.inaturalist.org/observations/254776319
COL_ANURA_0039,Engystomops pustulosus,254776318,7.7759796508,-76.6644769246,1138,2024-09-26,damarinzu,interior,https://www.inaturalist.org/observations/254776318
COL_ANURA_0039,Engystomops pustulosus,254138732,6.7192948,-75.9080161,789,2024-12-04,gustavoramos,interior,https://www.inaturalist.org/observations/254138732
COL_ANURA_0039,Engystomops pustulosus,250160933,5.8922785688,-74.8560711905,1134,2024-02-18,leo_mrn,interior,https://www.inaturalist.org/observations/250160933
COL_ANURA_0039,Engystomops pustulosus,247574633,7.090708802,-74.7240099683,2719,2024-10-09,angeldam,interior,https://www.inaturalist.org/observations/247574633
COL_ANURA_0039,Engystomops pustulosus,236787430,7.7958616667,-76.647955,4,2024-08-13,juanes0812,interior,https://www.inaturalist.org/observations/236787430
COL_ANURA_0039,Engystomops pustulosus,233161846,7.7965399,-76.6541708,23,2024-08-01,okidokie,interior,https://www.inaturalist.org/observations/233161846
COL_ANURA_0039,Engystomops pustulosus,221850303,6.5592990582,-75.8255399019,1078,,wildlifechecho,interior,https://www.inaturalist.org/observations/221850303
COL_ANURA_0039,Engystomops pustulosus,220877111,7.8854819189,-76.6171380583,811,2024-05-20,julianrs,interior,https://www.inaturalist.org/observations/220877111
COL_ANURA_0039,Engystomops pustulosus,204449311,5.8579700947,-74.8668593913,381,2024-03-20,juanmruiz19,interior,https://www.inaturalist.org/observations/204449311
COL_ANURA_0039,Engystomops pustulosus,204245882,5.894242,-74.857094,,2024-02-18,milanpestalozzi,interior,https://www.inaturalist.org/observations/204245882
COL_ANURA_0039,Engystomops pustulosus,203781179,5.894245,-74.85675,4,2024-02-17,ornisamu,interior,https://www.inaturalist.org/observations/203781179
COL_ANURA_0039,Engystomops pustulosus,203714454,5.8942420315,-74.8570936092,15,2024-02-18,jaroschacht,interior,https://www.inaturalist.org/observations/203714454
COL_ANURA_0039,Engystomops pustulosus,199428294,7.0134733333,-76.2335505556,,2024-02-11,carlosbranun,interior,https://www.inaturalist.org/observations/199428294
COL_ANURA_0039,Engystomops pustulosus,199278859,6.2171914808,-74.9917299795,,2023-09-23,dbocanumenthe,interior,https://www.inaturalist.org/observations/199278859
COL_ANURA_0039,Engystomops pustulosus,199139743,5.8859066667,-74.863435,,2023-02-28,adrien_jailloux,interior,https://www.inaturalist.org/observations/199139743
COL_ANURA_0039,Engystomops pustulosus,199139734,5.8910916667,-74.8610083333,,2023-02-28,adrien_jailloux,interior,https://www.inaturalist.org/observations/199139734
COL_ANURA_0039,Engystomops pustulosus,199139688,5.88941,-74.854525,,2023-02-27,adrien_jailloux,interior,https://www.inaturalist.org/observations/199139688
COL_ANURA_0039,Engystomops pustulosus,197497138,5.8836533333,-74.8546033333,,2023-02-27,adrien_jailloux,interior,https://www.inaturalist.org/observations/197497138
COL_ANURA_0039,Engystomops pustulosus,196072774,5.89466,-74.8573616667,,2023-02-26,adrien_jailloux,interior,https://www.inaturalist.org/observations/196072774
COL_ANURA_0039,Engystomops pustulosus,192950458,6.4867909612,-74.8400825635,270,2023-10-20,angeldam,interior,https://www.inaturalist.org/observations/192950458
COL_ANURA_0039,Engystomops pustulosus,192944323,7.1005250299,-74.7267820314,473,2023-10-14,angeldam,interior,https://www.inaturalist.org/observations/192944323
COL_ANURA_0039,Engystomops pustulosus,184628162,7.3901888436,-74.9931693077,223,2023-09-22,cuatronarices,interior,https://www.inaturalist.org/observations/184628162
COL_ANURA_0039,Engystomops pustulosus,184444580,7.6658379037,-75.2784980088,1003,2023-08-19,vipolmos,interior,https://www.inaturalist.org/observations/184444580
COL_ANURA_0039,Engystomops pustulosus,182762090,6.6231243855,-75.9671505945,,2023-08-25,dbocanumenthe,interior,https://www.inaturalist.org/observations/182762090
COL_ANURA_0039,Engystomops pustulosus,179583252,5.8943438414,-74.8580275102,212,2023-02-28,galewski,interior,https://www.inaturalist.org/observations/179583252
COL_ANURA_0039,Engystomops pustulosus,179365834,5.8906816152,-74.8561018089,333,2023-02-28,galewski,interior,https://www.inaturalist.org/observations/179365834
COL_ANURA_0039,Engystomops pustulosus,178739854,5.8878670276,-74.854674192,214,2023-02-28,galewski,interior,https://www.inaturalist.org/observations/178739854
COL_ANURA_0039,Engystomops pustulosus,176848929,5.8876383333,-74.8551633333,7,2023-08-03,bealeiderman,interior,https://www.inaturalist.org/observations/176848929
COL_ANURA_0039,Engystomops pustulosus,169149481,5.9330068899,-74.8451522738,2192,2023-06-22,jose_alejandro74,interior,https://www.inaturalist.org/observations/169149481
COL_ANURA_0039,Engystomops pustulosus,161721351,6.8193212893,-74.4636284932,211,2023-04-25,sol_valentina,interior,https://www.inaturalist.org/observations/161721351
COL_ANURA_0039,Engystomops pustulosus,159538231,6.02905,-74.8207333333,4,2023-05-01,gmc1913,interior,https://www.inaturalist.org/observations/159538231
COL_ANURA_0039,Engystomops pustulosus,156923258,7.6718567763,-76.6334390268,45,2021-07-03,carlosbranun,interior,https://www.inaturalist.org/observations/156923258
COL_ANURA_0039,Engystomops pustulosus,155979325,6.8002633333,-74.2065033333,6,2023-04-21,bradypus,interior,https://www.inaturalist.org/observations/155979325
COL_ANURA_0039,Engystomops pustulosus,154131990,7.3595034138,-76.4916891266,50,2023-04-08,felipe_barrerao,interior,https://www.inaturalist.org/observations/154131990
COL_ANURA_0039,Engystomops pustulosus,152275529,7.7541230803,-76.6588127241,17,2023-03-25,julio_arepas,interior,https://www.inaturalist.org/observations/152275529
COL_ANURA_0039,Engystomops pustulosus,146424948,5.8940960965,-74.8578464062,1001,2022-11-18,elliklaus,interior,https://www.inaturalist.org/observations/146424948
COL_ANURA_0039,Engystomops pustulosus,146017877,6.3311845853,-74.9676745757,222,2022-11-10,sgiraldos,interior,https://www.inaturalist.org/observations/146017877
COL_ANURA_0039,Engystomops pustulosus,137599615,6.4878957,-74.8341482,222,2022-09-07,juanhenao35,interior,https://www.inaturalist.org/observations/137599615
COL_ANURA_0039,Engystomops pustulosus,135614389,7.77413,-76.6635757,179,2022-09-13,julianbiol,interior,https://www.inaturalist.org/observations/135614389
COL_ANURA_0039,Engystomops pustulosus,134950965,5.8869972222,-74.8536555556,,2022-05-19,zacpeterson,interior,https://www.inaturalist.org/observations/134950965
COL_ANURA_0039,Engystomops pustulosus,133127634,7.1262131036,-74.6979782975,1398,2022-02-21,biottero,interior,https://www.inaturalist.org/observations/133127634
COL_ANURA_0039,Engystomops pustulosus,132996263,6.739288,-74.2026509,211,2021-04-20,pedrojosecardonacamacho,interior,https://www.inaturalist.org/observations/132996263
COL_ANURA_0039,Engystomops pustulosus,132996261,6.739288,-74.2026509,211,2021-04-20,pedrojosecardonacamacho,interior,https://www.inaturalist.org/observations/132996261
COL_ANURA_0039,Engystomops pustulosus,132996257,6.739288,-74.2026509,211,2021-04-20,pedrojosecardonacamacho,interior,https://www.inaturalist.org/observations/132996257
COL_ANURA_0039,Engystomops pustulosus,132996256,6.739288,-74.2026509,211,2021-04-20,pedrojosecardonacamacho,interior,https://www.inaturalist.org/observations/132996256
COL_ANURA_0039,Engystomops pustulosus,132996254,6.739288,-74.2026509,211,2022-01-25,pedrojosecardonacamacho,interior,https://www.inaturalist.org/observations/132996254
COL_ANURA_0039,Engystomops pustulosus,132042918,6.7392881182,-74.2026508972,211,2022-08-10,pedrojosecardonacamacho,interior,https://www.inaturalist.org/observations/132042918
COL_ANURA_0039,Engystomops pustulosus,128654801,5.9009681,-74.856937,227,2018-07-12,biofotografo,interior,https://www.inaturalist.org/observations/128654801
COL_ANURA_0039,Engystomops pustulosus,128654800,5.9009681,-74.856937,227,2018-07-12,biofotografo,interior,https://www.inaturalist.org/observations/128654800
COL_ANURA_0039,Engystomops pustulosus,128078903,7.773423,-76.6702669722,,2022-07-26,maria_camila3,interior,https://www.inaturalist.org/observations/128078903
COL_ANURA_0039,Engystomops pustulosus,125060139,8.0520798129,-76.6544227061,4,2022-07-06,julian_arango_lozano,interior,https://www.inaturalist.org/observations/125060139
COL_ANURA_0039,Engystomops pustulosus,124011517,6.7964583333,-74.22097,12,2022-06-24,efierroc,interior,https://www.inaturalist.org/observations/124011517
COL_ANURA_0039,Engystomops pustulosus,123279227,8.0676785181,-76.657264382,31,2022-06-24,julian_arango_lozano,interior,https://www.inaturalist.org/observations/123279227
COL_ANURA_0039,Engystomops pustulosus,118272431,5.8587027778,-74.8712083333,,2022-04-24,gero_y_ya,interior,https://www.inaturalist.org/observations/118272431
COL_ANURA_0039,Engystomops pustulosus,115811687,6.9283434,-74.7379558,,2022-04-30,camiloalejandro,interior,https://www.inaturalist.org/observations/115811687
COL_ANURA_0039,Engystomops pustulosus,113629289,5.8878216667,-74.8626733333,,2022-04-23,vapume,interior,https://www.inaturalist.org/observations/113629289
COL_ANURA_0039,Engystomops pustulosus,113225562,6.8600216667,-74.49872,4,2022-04-21,juanforero95,interior,https://www.inaturalist.org/observations/113225562
COL_ANURA_0039,Engystomops pustulosus,113037894,6.8626133333,-74.4929366667,4,2022-04-20,juanforero95,interior,https://www.inaturalist.org/observations/113037894
COL_ANURA_0039,Engystomops pustulosus,111643521,6.0529059061,-74.6646567062,5,2022-04-09,smejiadu,interior,https://www.inaturalist.org/observations/111643521
COL_ANURA_0039,Engystomops pustulosus,111254097,7.7738151118,-76.6651720292,64,2022-03-29,sesernam,interior,https://www.inaturalist.org/observations/111254097
COL_ANURA_0039,Engystomops pustulosus,110256491,7.77413,-76.6635757,2016,2022-03-31,julianbiol,interior,https://www.inaturalist.org/observations/110256491
COL_ANURA_0039,Engystomops pustulosus,110256479,7.77413,-76.6635757,2016,2022-03-27,julianbiol,interior,https://www.inaturalist.org/observations/110256479
COL_ANURA_0039,Engystomops pustulosus,110256450,7.77413,-76.6635757,2016,2022-03-27,julianbiol,interior,https://www.inaturalist.org/observations/110256450
COL_ANURA_0039,Engystomops pustulosus,110023713,7.97665,-75.218895,4,2022-03-25,juanforero95,interior,https://www.inaturalist.org/observations/110023713
COL_ANURA_0039,Engystomops pustulosus,110019044,7.9772216667,-75.2188716667,6,2022-03-25,juanforero95,interior,https://www.inaturalist.org/observations/110019044
COL_ANURA_0039,Engystomops pustulosus,110013773,7.9790133333,-75.2202083333,4,2022-03-25,juanforero95,interior,https://www.inaturalist.org/observations/110013773
COL_ANURA_0039,Engystomops pustulosus,98306975,5.8566409554,-74.8701856478,893,2021-09-27,vapume,interior,https://www.inaturalist.org/observations/98306975
COL_ANURA_0039,Engystomops pustulosus,93116106,7.052148,-75.674234,209,2021-08-17,lilis198,interior,https://www.inaturalist.org/observations/93116106
COL_ANURA_0039,Engystomops pustulosus,86269964,6.789033,-74.210308,,2021-06-21,srosado,interior,https://www.inaturalist.org/observations/86269964
COL_ANURA_0039,Engystomops pustulosus,86269569,6.808125,-74.204814,,2021-04-21,srosado,interior,https://www.inaturalist.org/observations/86269569
COL_ANURA_0039,Engystomops pustulosus,80436104,7.0797435,-74.7004374,1701,2021-04-17,lilis198,interior,https://www.inaturalist.org/observations/80436104
COL_ANURA_0039,Engystomops pustulosus,78410410,6.0513888889,-74.6636111111,,2021-05-03,smejiadu,interior,https://www.inaturalist.org/observations/78410410
COL_ANURA_0039,Engystomops pustulosus,75620013,8.2710213703,-76.6417548805,372,2021-04-27,didelphis_pernigra,interior,https://www.inaturalist.org/observations/75620013
COL_ANURA_0039,Engystomops pustulosus,73427606,8.2974743652,-76.6558597566,50,2020-09-15,didelphis_pernigra,interior,https://www.inaturalist.org/observations/73427606
COL_ANURA_0039,Engystomops pustulosus,54460156,5.58998,-75.86721,268,2014-10-31,alejabedoya-c,interior,https://www.inaturalist.org/observations/54460156
COL_ANURA_0039,Engystomops pustulosus,38300890,6.0372870673,-74.6397957,99,2020-02-02,sesernam,interior,https://www.inaturalist.org/observations/38300890
COL_ANURA_0039,Engystomops pustulosus,38040284,5.8529703086,-74.8497848596,31,2019-08-17,clamozu,interior,https://www.inaturalist.org/observations/38040284
COL_ANURA_0039,Engystomops pustulosus,37377199,5.8988444121,-74.9557099453,,2020-01-04,khristimantis,interior,https://www.inaturalist.org/observations/37377199
COL_ANURA_0039,Engystomops pustulosus,33282259,7.7534526537,-76.7015934084,,2019-09-01,khristimantis,interior,https://www.inaturalist.org/observations/33282259
COL_ANURA_0039,Engystomops pustulosus,30439770,5.8871116667,-74.8536216667,200,2019-08-06,timothymswartz,interior,https://www.inaturalist.org/observations/30439770
COL_ANURA_0039,Engystomops pustulosus,26846243,5.893722526,-74.856660991,144,2019-02-23,farpost,interior,https://www.inaturalist.org/observations/26846243
COL_ANURA_0039,Engystomops pustulosus,23058983,6.4552356,-74.7912298,505,2015-09-19,dsernag94,interior,https://www.inaturalist.org/observations/23058983
COL_ANURA_0010,Pristimantis gaigei,397008378,7.0702221667,-74.693245,18,2026-05-06,brand2330,interior,https://www.inaturalist.org/observations/397008378
COL_ANURA_0010,Pristimantis gaigei,380880931,6.3143824565,-75.0273101404,75,2026-07-12,xiomararios,interior,https://www.inaturalist.org/observations/380880931
COL_ANURA_0010,Pristimantis gaigei,377052426,6.5559159722,-75.177277,,2026-06-29,camiloalejandro,interior,https://www.inaturalist.org/observations/377052426
COL_ANURA_0010,Pristimantis gaigei,376829122,5.8886349997,-74.8555216,,2026-01-14,afrusak,interior,https://www.inaturalist.org/observations/376829122
COL_ANURA_0010,Pristimantis gaigei,366453004,6.0456832631,-74.9922419339,7,2026-05-29,fabian_steven,interior,https://www.inaturalist.org/observations/366453004
COL_ANURA_0010,Pristimantis gaigei,366148820,5.862045759,-74.8703844845,224,2026-05-07,emilioecheverri,interior,https://www.inaturalist.org/observations/366148820
COL_ANURA_0010,Pristimantis gaigei,363682697,7.251272,-74.8242659722,,2026-05-16,camiloalejandro,interior,https://www.inaturalist.org/observations/363682697
COL_ANURA_0010,Pristimantis gaigei,358288261,5.8778203789,-74.8731439984,1513,2026-04-30,felipemzambrano,interior,https://www.inaturalist.org/observations/358288261
COL_ANURA_0010,Pristimantis gaigei,354974787,5.833309691,-74.9333902448,1631,2026-04-26,luisarendon31,interior,https://www.inaturalist.org/observations/354974787
COL_ANURA_0010,Pristimantis gaigei,351311971,6.176373912,-75.0138262109,5876,2026-02-07,laurasalcedo,interior,https://www.inaturalist.org/observations/351311971
COL_ANURA_0010,Pristimantis gaigei,350332002,6.2564300827,-74.9699252844,1128,2026-04-10,jose29063,interior,https://www.inaturalist.org/observations/350332002
COL_ANURA_0010,Pristimantis gaigei,350330239,6.2511922396,-74.9675961211,1128,2026-04-10,yudy_alejandra2,interior,https://www.inaturalist.org/observations/350330239
COL_ANURA_0010,Pristimantis gaigei,348972096,6.0210271,-74.9673338,,2026-04-11,andredubu,interior,https://www.inaturalist.org/observations/348972096
COL_ANURA_0010,Pristimantis gaigei,347680968,6.5446222222,-74.787025,,2026-04-05,agni_yurani,interior,https://www.inaturalist.org/observations/347680968
COL_ANURA_0010,Pristimantis gaigei,346705697,6.0383785459,-74.9932816037,5565,2026-03-30,dilan_alexander,interior,https://www.inaturalist.org/observations/346705697
COL_ANURA_0010,Pristimantis gaigei,346360162,6.1555440986,-75.0572325289,21,2026-03-30,jp-gutierrez,interior,https://www.inaturalist.org/observations/346360162
COL_ANURA_0010,Pristimantis gaigei,345355830,6.5121509457,-74.8981413816,1711,2026-02-23,santiagovarelaf,interior,https://www.inaturalist.org/observations/345355830
COL_ANURA_0010,Pristimantis gaigei,342098977,6.4379517,-75.3318156,1790,2026-02-09,angie_zulelly,interior,https://www.inaturalist.org/observations/342098977
COL_ANURA_0010,Pristimantis gaigei,340154328,6.2561271318,-74.9660196528,1054,2026-02-17,jose29063,interior,https://www.inaturalist.org/observations/340154328
COL_ANURA_0010,Pristimantis gaigei,340148703,6.2559101668,-74.9638473988,782,2026-02-17,yudy_alejandra2,interior,https://www.inaturalist.org/observations/340148703
COL_ANURA_0010,Pristimantis gaigei,339302581,5.8889216667,-74.854905,14,2026-02-18,braden1,interior,https://www.inaturalist.org/observations/339302581
COL_ANURA_0010,Pristimantis gaigei,339302505,5.8935033333,-74.8559416667,14,2026-02-18,braden1,interior,https://www.inaturalist.org/observations/339302505
COL_ANURA_0010,Pristimantis gaigei,339208121,7.0846181832,-74.6364061478,2,2021-08-11,khristimantis,interior,https://www.inaturalist.org/observations/339208121
COL_ANURA_0010,Pristimantis gaigei,339208116,7.0611806666,-74.6730814468,2,2021-08-11,khristimantis,interior,https://www.inaturalist.org/observations/339208116
COL_ANURA_0010,Pristimantis gaigei,339208114,7.1322891665,-74.7275636767,2,2021-08-11,khristimantis,interior,https://www.inaturalist.org/observations/339208114
COL_ANURA_0010,Pristimantis gaigei,339208098,7.1249548285,-74.7515907219,2,2021-08-11,khristimantis,interior,https://www.inaturalist.org/observations/339208098
COL_ANURA_0010,Pristimantis gaigei,339193158,5.889096,-74.855,,2026-01-19,brian13224,interior,https://www.inaturalist.org/observations/339193158
COL_ANURA_0010,Pristimantis gaigei,339182747,6.4583848983,-74.7953920264,3,2019-05-04,khristimantis,interior,https://www.inaturalist.org/observations/339182747
COL_ANURA_0010,Pristimantis gaigei,339158388,5.89428,-74.8569416667,7,2026-02-17,braden1,interior,https://www.inaturalist.org/observations/339158388
COL_ANURA_0010,Pristimantis gaigei,338835854,6.1477648143,-75.0273520499,548,2026-02-14,sebas43662,interior,https://www.inaturalist.org/observations/338835854
COL_ANURA_0010,Pristimantis gaigei,338507346,6.2647063889,-74.9135630556,,2026-02-13,felipe2009,interior,https://www.inaturalist.org/observations/338507346
COL_ANURA_0010,Pristimantis gaigei,338507279,6.2647033333,-74.9134880556,,2026-02-13,vanesa51002,interior,https://www.inaturalist.org/observations/338507279
COL_ANURA_0010,Pristimantis gaigei,336509610,6.0345547093,-74.9970350668,2,2026-01-20,anadelmonte,interior,https://www.inaturalist.org/observations/336509610
COL_ANURA_0010,Pristimantis gaigei,335534221,6.1325925991,-75.0642991439,5,2026-01-19,leidy20080,interior,https://www.inaturalist.org/observations/335534221
COL_ANURA_0010,Pristimantis gaigei,335005962,5.8919683251,-74.8548769778,43,2026-01-16,dplopez3,interior,https://www.inaturalist.org/observations/335005962
COL_ANURA_0010,Pristimantis gaigei,329976386,5.8893436,-74.8549437,,2025-11-13,marcameels,interior,https://www.inaturalist.org/observations/329976386
COL_ANURA_0010,Pristimantis gaigei,329172870,5.8909294942,-74.8551317438,1068,2025-11-12,davduf,interior,https://www.inaturalist.org/observations/329172870
COL_ANURA_0010,Pristimantis gaigei,329172862,5.8909294942,-74.8551317438,1068,2025-11-12,davduf,interior,https://www.inaturalist.org/observations/329172862
COL_ANURA_0010,Pristimantis gaigei,316173971,5.8921046968,-74.854897745,9,2025-09-23,luisalbertohernandezguanipa,interior,https://www.inaturalist.org/observations/316173971
COL_ANURA_0010,Pristimantis gaigei,309242139,6.5200316369,-75.258379756,211,2025-01-20,ccm13,interior,https://www.inaturalist.org/observations/309242139
COL_ANURA_0010,Pristimantis gaigei,288624222,5.9899720263,-75.2137991041,165,2025-06-10,viviana264,interior,https://www.inaturalist.org/observations/288624222
COL_ANURA_0010,Pristimantis gaigei,284168069,7.0850699658,-74.4481665641,2249,2025-04-06,miguel_angel31369,interior,https://www.inaturalist.org/observations/284168069
COL_ANURA_0010,Pristimantis gaigei,271820752,5.9305631348,-74.9770297922,575,2025-01-05,pecosvalleydiamond,interior,https://www.inaturalist.org/observations/271820752
COL_ANURA_0010,Pristimantis gaigei,271815668,5.9624769459,-74.8989746603,61,2025-01-04,pecosvalleydiamond,interior,https://www.inaturalist.org/observations/271815668
COL_ANURA_0010,Pristimantis gaigei,271815664,5.8622485362,-74.9236670046,61,2025-01-04,pecosvalleydiamond,interior,https://www.inaturalist.org/observations/271815664
COL_ANURA_0010,Pristimantis gaigei,271815658,5.9439554182,-74.8903048461,61,2025-01-04,pecosvalleydiamond,interior,https://www.inaturalist.org/observations/271815658
COL_ANURA_0010,Pristimantis gaigei,271815563,5.9757075107,-74.8724463209,716,2025-01-04,pecosvalleydiamond,interior,https://www.inaturalist.org/observations/271815563
COL_ANURA_0010,Pristimantis gaigei,271794918,5.9833322105,-74.8907810754,408,2025-01-03,pecosvalleydiamond,interior,https://www.inaturalist.org/observations/271794918
COL_ANURA_0010,Pristimantis gaigei,271794891,5.9948953381,-74.9369187216,408,2025-01-03,pecosvalleydiamond,interior,https://www.inaturalist.org/observations/271794891
COL_ANURA_0010,Pristimantis gaigei,271794890,5.9440296317,-74.9949214983,408,2025-01-03,pecosvalleydiamond,interior,https://www.inaturalist.org/observations/271794890
COL_ANURA_0010,Pristimantis gaigei,271364971,6.478163,-75.0503455,,2024-12-16,johnagudelo,interior,https://www.inaturalist.org/observations/271364971
COL_ANURA_0010,Pristimantis gaigei,266210050,5.886604,-74.852828,,2023-02-02,jane_tours,interior,https://www.inaturalist.org/observations/266210050
COL_ANURA_0010,Pristimantis gaigei,259760327,5.89092,-74.8558583333,29,2025-01-26,mikejordan,interior,https://www.inaturalist.org/observations/259760327
COL_ANURA_0010,Pristimantis gaigei,258086673,5.889934,-74.8562935833,20,2024-02-18,sylvain_eichhorn,interior,https://www.inaturalist.org/observations/258086673
COL_ANURA_0010,Pristimantis gaigei,258083356,5.890171667,-74.855966667,20,2024-02-17,sylvain_eichhorn,interior,https://www.inaturalist.org/observations/258083356
COL_ANURA_0010,Pristimantis gaigei,256778455,6.9815516111,-75.1014393893,15,2017-12-22,orlandopr,interior,https://www.inaturalist.org/observations/256778455
COL_ANURA_0010,Pristimantis gaigei,256178363,5.838083,-74.8283691,6722,2024-12-20,zulma_correa,interior,https://www.inaturalist.org/observations/256178363
COL_ANURA_0010,Pristimantis gaigei,254838625,6.2711978112,-75.0678208843,34,2024-12-11,uriel_gonzalez,interior,https://www.inaturalist.org/observations/254838625
COL_ANURA_0010,Pristimantis gaigei,250160945,5.8922785688,-74.8560711905,1134,2024-02-18,leo_mrn,interior,https://www.inaturalist.org/observations/250160945
COL_ANURA_0010,Pristimantis gaigei,250160941,5.8922785688,-74.8560711905,1134,2024-02-18,leo_mrn,interior,https://www.inaturalist.org/observations/250160941
COL_ANURA_0010,Pristimantis gaigei,250160911,5.8922785688,-74.8560711905,1134,2024-02-18,leo_mrn,interior,https://www.inaturalist.org/observations/250160911
COL_ANURA_0010,Pristimantis gaigei,246936297,5.8930944444,-74.8541583333,,2023-06-04,ybhagwan,interior,https://www.inaturalist.org/observations/246936297
COL_ANURA_0010,Pristimantis gaigei,229766299,5.8949785007,-74.8584000394,30,2024-07-14,benjobson,interior,https://www.inaturalist.org/observations/229766299
COL_ANURA_0010,Pristimantis gaigei,229761005,5.8928800951,-74.8560735583,50,2024-07-14,benjobson,interior,https://www.inaturalist.org/observations/229761005
COL_ANURA_0010,Pristimantis gaigei,212011556,5.8288034581,-74.832971473,136,2023-05-28,tour_de,interior,https://www.inaturalist.org/observations/212011556
COL_ANURA_0010,Pristimantis gaigei,203714430,5.8861614043,-74.8538376771,31,2024-02-18,jaroschacht,interior,https://www.inaturalist.org/observations/203714430
COL_ANURA_0010,Pristimantis gaigei,202970002,5.9069533333,-74.85453,3007,2023-03-31,calderonfrancoluis,interior,https://www.inaturalist.org/observations/202970002
COL_ANURA_0010,Pristimantis gaigei,202180847,5.9339476367,-74.8464209586,572,2024-03-09,speedbas_sc,interior,https://www.inaturalist.org/observations/202180847
COL_ANURA_0010,Pristimantis gaigei,200732284,5.8878964149,-74.8555211682,15,2024-02-18,milanpestalozzi,interior,https://www.inaturalist.org/observations/200732284
COL_ANURA_0010,Pristimantis gaigei,199278847,6.356200446,-74.8608525095,,2023-09-20,dbocanumenthe,interior,https://www.inaturalist.org/observations/199278847
COL_ANURA_0010,Pristimantis gaigei,199103445,5.8830110393,-74.8485274832,,2024-01-16,alejoraws,interior,https://www.inaturalist.org/observations/199103445
COL_ANURA_0010,Pristimantis gaigei,195966574,5.8829155616,-74.8533115536,22,2024-01-02,tom-kirschey,interior,https://www.inaturalist.org/observations/195966574
COL_ANURA_0010,Pristimantis gaigei,195897098,5.8910374803,-74.8558831215,7,2024-01-03,tom-kirschey,interior,https://www.inaturalist.org/observations/195897098
COL_ANURA_0010,Pristimantis gaigei,195896625,5.8848255722,-74.8544115946,15,2024-01-03,tom-kirschey,interior,https://www.inaturalist.org/observations/195896625
COL_ANURA_0010,Pristimantis gaigei,195895791,5.9200004,-74.858206,,2024-01-03,tom-kirschey,interior,https://www.inaturalist.org/observations/195895791
COL_ANURA_0010,Pristimantis gaigei,195895698,5.9200004,-74.858206,,2024-01-03,tom-kirschey,interior,https://www.inaturalist.org/observations/195895698
COL_ANURA_0010,Pristimantis gaigei,195895490,5.9160791,-74.8552818997,,2024-01-03,tom-kirschey,interior,https://www.inaturalist.org/observations/195895490
COL_ANURA_0010,Pristimantis gaigei,195895398,5.8998584,-74.8472406,,2024-01-03,tom-kirschey,interior,https://www.inaturalist.org/observations/195895398
COL_ANURA_0010,Pristimantis gaigei,195895218,5.8998584,-74.8472406,,2024-01-03,tom-kirschey,interior,https://www.inaturalist.org/observations/195895218
COL_ANURA_0010,Pristimantis gaigei,195895095,5.9044993,-74.8530889,,2024-01-03,tom-kirschey,interior,https://www.inaturalist.org/observations/195895095
COL_ANURA_0010,Pristimantis gaigei,195894943,5.9200004,-74.858206,,2024-01-03,tom-kirschey,interior,https://www.inaturalist.org/observations/195894943
COL_ANURA_0010,Pristimantis gaigei,195797730,5.9097503,-74.8578405,,2024-01-04,tom-kirschey,interior,https://www.inaturalist.org/observations/195797730
COL_ANURA_0010,Pristimantis gaigei,193369074,5.851595,-74.8552383333,32,2023-12-03,camedina,interior,https://www.inaturalist.org/observations/193369074
COL_ANURA_0010,Pristimantis gaigei,192954822,7.1062159108,-74.7264916822,486,2023-11-18,angeldam,interior,https://www.inaturalist.org/observations/192954822
COL_ANURA_0010,Pristimantis gaigei,177648777,5.862081,-74.8703384167,,2023-08-05,sebasmc_foto,interior,https://www.inaturalist.org/observations/177648777
COL_ANURA_0010,Pristimantis gaigei,160539221,6.8193212893,-74.4636284932,211,,sol_valentina,interior,https://www.inaturalist.org/observations/160539221
COL_ANURA_0010,Pristimantis gaigei,156494156,6.9776361667,-75.1725288108,6633,2021-03-29,mateogarciameja,interior,https://www.inaturalist.org/observations/156494156
COL_ANURA_0010,Pristimantis gaigei,150871914,5.8894,-74.85505,14,2023-03-09,jameskamstra,interior,https://www.inaturalist.org/observations/150871914
COL_ANURA_0010,Pristimantis gaigei,149652827,6.9105317462,-75.7760134243,,2023-01-27,dbocanumenthe,interior,https://www.inaturalist.org/observations/149652827
COL_ANURA_0010,Pristimantis gaigei,146971752,5.8984093238,-74.8565557564,122,2019-02-20,davidgibbs,interior,https://www.inaturalist.org/observations/146971752
COL_ANURA_0010,Pristimantis gaigei,146425908,5.8940960965,-74.8578464062,1001,2022-11-18,elliklaus,interior,https://www.inaturalist.org/observations/146425908
COL_ANURA_0010,Pristimantis gaigei,142443629,5.8901783333,-74.8565133333,6,2022-11-18,elliklaus,interior,https://www.inaturalist.org/observations/142443629
COL_ANURA_0010,Pristimantis gaigei,141102505,5.9474367778,-75.1003112778,,2022-11-03,sussga,interior,https://www.inaturalist.org/observations/141102505
COL_ANURA_0010,Pristimantis gaigei,141052977,5.947127261,-75.1008707285,34,2022-11-03,nicole-sttivend,interior,https://www.inaturalist.org/observations/141052977
COL_ANURA_0010,Pristimantis gaigei,138518994,6.2959221928,-74.683346586,31,2022-10-09,lauravicmc,interior,https://www.inaturalist.org/observations/138518994
COL_ANURA_0010,Pristimantis gaigei,134950964,5.8869,-74.8539305556,,2022-05-19,zacpeterson,interior,https://www.inaturalist.org/observations/134950964
COL_ANURA_0010,Pristimantis gaigei,133127632,7.1262131036,-74.6808121598,488,2022-02-21,biottero,interior,https://www.inaturalist.org/observations/133127632
COL_ANURA_0010,Pristimantis gaigei,129940863,6.0439861667,-75.0349416667,12,2021-07-25,gmc1913,interior,https://www.inaturalist.org/observations/129940863
COL_ANURA_0010,Pristimantis gaigei,127746909,5.9009681,-74.856937,227,2018-07-12,biofotografo,interior,https://www.inaturalist.org/observations/127746909
COL_ANURA_0010,Pristimantis gaigei,124025452,6.09116,-75.13819,,2019-03-25,laurarubiorocha,interior,https://www.inaturalist.org/observations/124025452
COL_ANURA_0010,Pristimantis gaigei,123793706,5.8914209536,-74.8589510685,1745,2022-01-25,sgiriens,interior,https://www.inaturalist.org/observations/123793706
COL_ANURA_0010,Pristimantis gaigei,123603195,5.8911748845,-74.8555639386,,2022-05-18,zacpeterson,interior,https://www.inaturalist.org/observations/123603195
COL_ANURA_0010,Pristimantis gaigei,119435777,5.8867083333,-74.8549666667,,2022-05-18,zacpeterson,interior,https://www.inaturalist.org/observations/119435777
COL_ANURA_0010,Pristimantis gaigei,116656531,6.24989,-75.014315,,2010-01-01,samuelcossio,interior,https://www.inaturalist.org/observations/116656531
COL_ANURA_0010,Pristimantis gaigei,116656403,6.24989,-75.014315,,2010-01-01,samuelcossio,interior,https://www.inaturalist.org/observations/116656403
COL_ANURA_0010,Pristimantis gaigei,113226138,6.861195,-74.4991616667,4,2022-04-21,juanforero95,interior,https://www.inaturalist.org/observations/113226138
COL_ANURA_0010,Pristimantis gaigei,113226039,6.8612133333,-74.4991216667,4,2022-04-21,juanforero95,interior,https://www.inaturalist.org/observations/113226039
COL_ANURA_0010,Pristimantis gaigei,104974457,6.784255,-74.225413,,2021-11-11,srosado,interior,https://www.inaturalist.org/observations/104974457
COL_ANURA_0010,Pristimantis gaigei,101121954,5.8898371927,-74.8559290543,479,2021-08-12,luisherrera,interior,https://www.inaturalist.org/observations/101121954
COL_ANURA_0010,Pristimantis gaigei,98713510,5.944810962,-74.8454955965,2229,2021-09-19,luis_miguel,interior,https://www.inaturalist.org/observations/98713510
COL_ANURA_0010,Pristimantis gaigei,79141760,5.890175,-74.8563138889,,2021-05-16,carrie345,interior,https://www.inaturalist.org/observations/79141760
COL_ANURA_0010,Pristimantis gaigei,79141540,5.890175,-74.8563138889,,2021-05-16,carrie345,interior,https://www.inaturalist.org/observations/79141540
COL_ANURA_0010,Pristimantis gaigei,78920062,5.8889527778,-74.8550111111,,2021-05-15,carrie345,interior,https://www.inaturalist.org/observations/78920062
COL_ANURA_0010,Pristimantis gaigei,72061423,6.4587335278,-74.7921874722,,2018-10-03,meligy,interior,https://www.inaturalist.org/observations/72061423
COL_ANURA_0010,Pristimantis gaigei,69083784,6.793908,-74.221981,,2020-12-07,srosado,interior,https://www.inaturalist.org/observations/69083784
COL_ANURA_0010,Pristimantis gaigei,68966966,5.8843677168,-74.8547229475,92,2017-10-26,felipecastilla,interior,https://www.inaturalist.org/observations/68966966
COL_ANURA_0010,Pristimantis gaigei,68924333,5.9436511415,-74.8300614953,8858,2020-09-25,alefox123,interior,https://www.inaturalist.org/observations/68924333
COL_ANURA_0010,Pristimantis gaigei,67271990,6.2591942149,-75.0906024627,5,2020-12-26,llimi,interior,https://www.inaturalist.org/observations/67271990
COL_ANURA_0010,Pristimantis gaigei,66088404,5.8902444444,-74.8556444444,5005,2020-09-22,thadroller,interior,https://www.inaturalist.org/observations/66088404
COL_ANURA_0010,Pristimantis gaigei,39576448,5.8997890179,-74.8566118917,563,2019-07-09,bernardo_segura,interior,https://www.inaturalist.org/observations/39576448
COL_ANURA_0010,Pristimantis gaigei,39575962,5.8997890179,-74.8566118917,563,2019-07-10,bernardo_segura,interior,https://www.inaturalist.org/observations/39575962
COL_ANURA_0010,Pristimantis gaigei,39354607,6.5914011326,-74.6094211201,4,2019-05-05,khristimantis,interior,https://www.inaturalist.org/observations/39354607
COL_ANURA_0010,Pristimantis gaigei,39293827,5.8922280363,-74.8571409988,607,2020-02-22,josh_vandermeulen,interior,https://www.inaturalist.org/observations/39293827
COL_ANURA_0010,Pristimantis gaigei,38041060,5.8787773884,-74.8539023658,31,2019-08-21,clamozu,interior,https://www.inaturalist.org/observations/38041060
COL_ANURA_0010,Pristimantis gaigei,38036600,6.0413361183,-75.1211382677,61,2019-07-25,clamozu,interior,https://www.inaturalist.org/observations/38036600
COL_ANURA_0010,Pristimantis gaigei,37859693,6.61558,-75.17124,,2019-11-18,wilmar_agudelo,interior,https://www.inaturalist.org/observations/37859693
COL_ANURA_0010,Pristimantis gaigei,37682226,5.9508258263,-74.8048717112,,2020-01-04,khristimantis,interior,https://www.inaturalist.org/observations/37682226
COL_ANURA_0010,Pristimantis gaigei,36970100,5.8877590735,-74.8551933169,15,2019-12-03,danielbranch94,interior,https://www.inaturalist.org/observations/36970100
COL_ANURA_0010,Pristimantis gaigei,36203448,5.9102778435,-74.8533325195,,2019-11-29,angelicamariabatistamorales,interior,https://www.inaturalist.org/observations/36203448
COL_ANURA_0010,Pristimantis gaigei,33789325,5.892302,-74.855864,925,2017-10-24,felipecastilla,interior,https://www.inaturalist.org/observations/33789325
COL_ANURA_0010,Pristimantis gaigei,33789073,5.89115,-74.855435,859,2017-10-24,felipecastilla,interior,https://www.inaturalist.org/observations/33789073
COL_ANURA_0010,Pristimantis gaigei,32684891,6.5106474,-74.5025438,1674,2019-09-09,urielcamargo,interior,https://www.inaturalist.org/observations/32684891
COL_ANURA_0010,Pristimantis gaigei,30316123,7.0302519222,-74.6906580175,51,2019-08-01,danielvelez,interior,https://www.inaturalist.org/observations/30316123
COL_ANURA_0010,Pristimantis gaigei,28517540,6.0327801667,-74.9816436667,,2019-04-18,wilmar_agudelo,interior,https://www.inaturalist.org/observations/28517540
COL_ANURA_0010,Pristimantis gaigei,25388995,6.26223108,-74.880993579,,2017-08-28,microteiido,interior,https://www.inaturalist.org/observations/25388995
COL_ANURA_0010,Pristimantis gaigei,24784034,7.0628313125,-75.4075683418,4,2019-04-25,sebastianvieirau,interior,https://www.inaturalist.org/observations/24784034
COL_ANURA_0010,Pristimantis gaigei,20024951,5.8855138889,-74.8534861111,10,2019-01-22,sun_spider_fan,interior,https://www.inaturalist.org/observations/20024951
COL_ANURA_0010,Pristimantis gaigei,19468592,6.162982,-74.954276,,2018-12-18,wilmar_agudelo,interior,https://www.inaturalist.org/observations/19468592
COL_ANURA_0010,Pristimantis gaigei,19387007,5.8893555556,-74.8548055556,10,2017-11-15,nicholas_williams,interior,https://www.inaturalist.org/observations/19387007
COL_ANURA_0010,Pristimantis gaigei,18439810,5.8920039783,-74.8549550772,88,2018-11-10,juano,interior,https://www.inaturalist.org/observations/18439810
COL_ANURA_0010,Pristimantis gaigei,18186835,7.0511197348,-75.3956351116,226,2018-10-03,khristimantis,interior,https://www.inaturalist.org/observations/18186835
COL_ANURA_0010,Pristimantis gaigei,13353065,5.8920623,-74.8554504,211,2018-01-14,valentincarmona05,interior,https://www.inaturalist.org/observations/13353065
COL_ANURA_0010,Pristimantis gaigei,12925237,5.889632,-74.855036,65,2017-10-24,alexandra_castaneda,interior,https://www.inaturalist.org/observations/12925237
COL_ANURA_0010,Pristimantis gaigei,10620463,5.8289799,-74.87895,2158,2018-02-11,sindy_tutora,interior,https://www.inaturalist.org/observations/10620463
COL_ANURA_0010,Pristimantis gaigei,9913293,6.0765472747,-74.796295166,244,2015-12-19,estebanalzate,interior,https://www.inaturalist.org/observations/9913293
COL_ANURA_0010,Pristimantis gaigei,9505426,6.8050804339,-74.6660900116,122,2017-06-27,sebasdavilamv,interior,https://www.inaturalist.org/observations/9505426
COL_ANURA_0010,Pristimantis gaigei,9308581,5.8906906344,-74.8555505276,150,2017-12-26,dancunningham,interior,https://www.inaturalist.org/observations/9308581
COL_ANURA_0010,Pristimantis gaigei,6927393,6.15841,-75.0451,,2017-02-17,microteiido,interior,https://www.inaturalist.org/observations/6927393
COL_ANURA_0010,Pristimantis gaigei,6649011,7.0458079647,-74.6889585257,8,2017-04-22,camilojotage,interior,https://www.inaturalist.org/observations/6649011
COL_ANURA_0010,Pristimantis gaigei,796049,5.972298,-75.117544,,2013-01-08,estebanalzate,interior,http://conabio.inaturalist.org/observations/796049
COL_ANURA_0010,Pristimantis gaigei,38946,5.8986947136,-74.8571062088,,2010-03-13,estebanalzate,interior,http://www.inaturalist.org/observations/38946
COL_ANURA_0023,Boana platanera,393192799,8.850104,-76.427089,1224,2025-06-25,uraba-biodiversa,interior,https://www.inaturalist.org/observations/393192799
COL_ANURA_0023,Boana platanera,388441533,6.5742325417,-74.7134853154,215,2026-06-18,mateo41324,interior,https://www.inaturalist.org/observations/388441533
COL_ANURA_0023,Boana platanera,380744348,7.5215616667,-76.563225,4,2026-07-11,brand2330,interior,https://www.inaturalist.org/observations/380744348
COL_ANURA_0023,Boana platanera,379353947,6.5744756838,-74.7141944245,215,2026-06-18,talia17552,interior,https://www.inaturalist.org/observations/379353947
COL_ANURA_0023,Boana platanera,372512040,6.5500799442,-75.2332598716,901,2026-06-16,alejozapata,interior,https://www.inaturalist.org/observations/372512040
COL_ANURA_0023,Boana platanera,371432491,6.0352267138,-75.2019035071,6,2026-06-13,denis240,interior,https://www.inaturalist.org/observations/371432491
COL_ANURA_0023,Boana platanera,366881757,6.3885928063,-75.0623260438,600,2026-05-30,mayerly54044,interior,https://www.inaturalist.org/observations/366881757
COL_ANURA_0023,Boana platanera,366881617,6.3890412854,-75.0638183579,600,2026-05-30,mayerly54044,interior,https://www.inaturalist.org/observations/366881617
COL_ANURA_0023,Boana platanera,366832466,8.5212627778,-76.5307775,,2026-05-06,lidis2,interior,https://www.inaturalist.org/observations/366832466
COL_ANURA_0023,Boana platanera,366525792,6.3518068588,-75.056890212,17,2026-05-26,dsypg,interior,https://www.inaturalist.org/observations/366525792
COL_ANURA_0023,Boana platanera,366514516,7.0801670589,-76.2338004672,2383,2026-05-29,jose58586,interior,https://www.inaturalist.org/observations/366514516
COL_ANURA_0023,Boana platanera,366039647,7.24959,-76.496298,2972,2026-05-28,sofia_ballesteros,interior,https://www.inaturalist.org/observations/366039647
COL_ANURA_0023,Boana platanera,365829003,8.1399089722,-76.7213249722,,2026-05-27,ingrid22711,interior,https://www.inaturalist.org/observations/365829003
COL_ANURA_0023,Boana platanera,365828073,8.139639,-76.721524,,2026-05-27,ingrid22711,interior,https://www.inaturalist.org/observations/365828073
COL_ANURA_0023,Boana platanera,364798300,6.32977,-75.0345166667,4,2026-05-19,laura83757,interior,https://www.inaturalist.org/observations/364798300
COL_ANURA_0023,Boana platanera,364798208,6.3298,-75.0345083333,20,2026-05-19,laura83757,interior,https://www.inaturalist.org/observations/364798208
COL_ANURA_0023,Boana platanera,363913190,7.8647089689,-76.5841162205,224,,dalida6,interior,https://www.inaturalist.org/observations/363913190
COL_ANURA_0023,Boana platanera,363727172,6.5740297012,-74.715748094,1027,2026-05-20,linaramirez-07,interior,https://www.inaturalist.org/observations/363727172
COL_ANURA_0023,Boana platanera,363538610,5.9009681845,-74.8569372296,210,2026-05-14,laura_camila11719,interior,https://www.inaturalist.org/observations/363538610
COL_ANURA_0023,Boana platanera,363480819,7.8213383333,-76.650405,14,2026-05-20,natorom,interior,https://www.inaturalist.org/observations/363480819
COL_ANURA_0023,Boana platanera,363048719,6.246535,-74.9593933333,,2026-05-19,estefa5,interior,https://www.inaturalist.org/observations/363048719
COL_ANURA_0023,Boana platanera,362064728,6.55395,-74.7873072,24,2026-05-16,juanita30467,interior,https://www.inaturalist.org/observations/362064728
COL_ANURA_0023,Boana platanera,361796963,7.8718365886,-76.6953289881,5,2026-05-14,alex_antojo,interior,https://www.inaturalist.org/observations/361796963
COL_ANURA_0023,Boana platanera,361765849,7.7895916667,-76.7201944444,,2026-05-15,sergio_genesis,interior,https://www.inaturalist.org/observations/361765849
COL_ANURA_0023,Boana platanera,361751186,7.2793884201,-76.5573486473,16,2026-05-14,juberlys_renteria,interior,https://www.inaturalist.org/observations/361751186
COL_ANURA_0023,Boana platanera,361740401,8.5688000868,-76.6270677745,100,2026-05-15,samary3,interior,https://www.inaturalist.org/observations/361740401
COL_ANURA_0023,Boana platanera,361538411,6.1677896488,-75.0503412634,11,2026-05-14,laura87155,interior,https://www.inaturalist.org/observations/361538411
COL_ANURA_0023,Boana platanera,361414689,5.8282416667,-75.6909116667,35,2024-09-09,nixonforerog,interior,https://www.inaturalist.org/observations/361414689
COL_ANURA_0023,Boana platanera,361125336,6.4422715496,-74.9683055654,29,2026-05-12,manuela6371,interior,https://www.inaturalist.org/observations/361125336
COL_ANURA_0023,Boana platanera,360622471,7.7070633333,-76.5616933333,,2026-05-07,edwin23021,interior,https://www.inaturalist.org/observations/360622471
COL_ANURA_0023,Boana platanera,357026988,6.1635834,-74.9312896,1445,2026-04-30,dayana83412,interior,https://www.inaturalist.org/observations/357026988
COL_ANURA_0023,Boana platanera,356668177,6.35217873,-75.0547320396,305,2026-04-23,tomas58130,interior,https://www.inaturalist.org/observations/356668177
COL_ANURA_0023,Boana platanera,355838385,8.1394580556,-76.7216563889,,2026-04-27,ingrid22711,interior,https://www.inaturalist.org/observations/355838385
COL_ANURA_0023,Boana platanera,355518426,7.8863780441,-76.6065081119,467,2026-04-24,vanesaargumedo20,interior,https://www.inaturalist.org/observations/355518426
COL_ANURA_0023,Boana platanera,355427944,6.1883443766,-74.98931095,77,2026-04-08,melanyvera,interior,https://www.inaturalist.org/observations/355427944
COL_ANURA_0023,Boana platanera,353809362,7.6348081605,-76.5984878317,8,2026-04-07,carlos_andres99728,interior,https://www.inaturalist.org/observations/353809362
COL_ANURA_0023,Boana platanera,353699771,7.7369039297,-76.6653318331,209,2026-04-25,herrera37871,interior,https://www.inaturalist.org/observations/353699771
COL_ANURA_0023,Boana platanera,353118940,6.3779311507,-75.1411206275,100,2026-03-30,lohana6,interior,https://www.inaturalist.org/observations/353118940
COL_ANURA_0023,Boana platanera,353108138,6.3779348159,-75.1411347091,19,2026-03-21,lohana6,interior,https://www.inaturalist.org/observations/353108138
COL_ANURA_0023,Boana platanera,352756724,8.0009018,-76.6242756,,2026-04-24,wendy1125,interior,https://www.inaturalist.org/observations/352756724
COL_ANURA_0023,Boana platanera,352314051,6.3220695997,-75.0288826,,2026-04-23,edwin_alberto2,interior,https://www.inaturalist.org/observations/352314051
COL_ANURA_0023,Boana platanera,352114703,8.5248341667,-76.5365561111,,2026-04-22,yeison80969,interior,https://www.inaturalist.org/observations/352114703
COL_ANURA_0023,Boana platanera,352114554,8.4271735151,-76.7876781151,1845,2026-04-22,maria_eugenia10334,interior,https://www.inaturalist.org/observations/352114554
COL_ANURA_0023,Boana platanera,351745823,7.295660544,-76.5247267485,302,2026-04-21,maritza21328,interior,https://www.inaturalist.org/observations/351745823
COL_ANURA_0023,Boana platanera,351645945,7.7591533333,-76.6602383333,23,2026-04-20,brand2330,interior,https://www.inaturalist.org/observations/351645945
COL_ANURA_0023,Boana platanera,351438253,6.1528070116,-75.0534797832,45,2026-04-15,jp-gutierrez,interior,https://www.inaturalist.org/observations/351438253
COL_ANURA_0023,Boana platanera,351194430,8.523315,-76.5323347222,,2026-04-10,eliana2004,interior,https://www.inaturalist.org/observations/351194430
COL_ANURA_0023,Boana platanera,350965030,5.8579470815,-75.1931769401,1305,2026-04-18,sebastian50798,interior,https://www.inaturalist.org/observations/350965030
COL_ANURA_0023,Boana platanera,350624423,7.5715936469,-76.7072762176,309,,nelson_enrrique,interior,https://www.inaturalist.org/observations/350624423
COL_ANURA_0023,Boana platanera,350392924,6.386921502,-75.064300485,600,2026-04-16,mayerly54044,interior,https://www.inaturalist.org/observations/350392924
COL_ANURA_0023,Boana platanera,350364085,6.3409471705,-75.0720463693,5,2026-04-16,dguarin,interior,https://www.inaturalist.org/observations/350364085
COL_ANURA_0023,Boana platanera,349791443,5.833309691,-74.9333902448,1631,2026-04-13,luisarendon31,interior,https://www.inaturalist.org/observations/349791443
COL_ANURA_0023,Boana platanera,348361991,5.8713083333,-75.7583616667,694,2025-04-08,nixonforerog,interior,https://www.inaturalist.org/observations/348361991
COL_ANURA_0023,Boana platanera,346822101,6.3728131574,-75.0934715196,20,2026-03-16,cindy_noreidy,interior,https://www.inaturalist.org/observations/346822101
COL_ANURA_0023,Boana platanera,346491179,7.8647089689,-76.5841162205,224,2026-03-25,andres33027,interior,https://www.inaturalist.org/observations/346491179
COL_ANURA_0023,Boana platanera,345358725,6.3879730649,-75.0626462325,600,2026-03-26,mayerly54044,interior,https://www.inaturalist.org/observations/345358725
COL_ANURA_0023,Boana platanera,344885297,8.0593359331,-76.7049071972,399,2026-03-24,carlosnobles,interior,https://www.inaturalist.org/observations/344885297
COL_ANURA_0023,Boana platanera,344048797,7.4869982535,-76.6954946145,51,2026-03-20,ludysyanes09,interior,https://www.inaturalist.org/observations/344048797
COL_ANURA_0023,Boana platanera,343965965,6.3434623467,-75.0719665736,88,2026-03-13,svelasquez,interior,https://www.inaturalist.org/observations/343965965
COL_ANURA_0023,Boana platanera,343674759,8.0833916667,-76.7176972222,,2026-03-18,melisa31436,interior,https://www.inaturalist.org/observations/343674759
COL_ANURA_0023,Boana platanera,343567106,6.347553647,-75.0670675188,269,2026-03-14,tomas58130,interior,https://www.inaturalist.org/observations/343567106
COL_ANURA_0023,Boana platanera,342626704,6.3201968326,-75.046444349,216,2026-03-12,diego11543,interior,https://www.inaturalist.org/observations/342626704
COL_ANURA_0023,Boana platanera,341767166,8.5401166667,-76.5545097222,,2026-03-06,mabel65174,interior,https://www.inaturalist.org/observations/341767166
COL_ANURA_0023,Boana platanera,341585297,6.2562187836,-75.0190482661,19,2026-02-20,tiago_roman,interior,https://www.inaturalist.org/observations/341585297
COL_ANURA_0023,Boana platanera,341582152,7.6798378,-76.7612334,,2026-02-04,yeniffer6,interior,https://www.inaturalist.org/observations/341582152
COL_ANURA_0023,Boana platanera,341579035,6.2578018584,-75.0177691877,44,2026-02-24,tiago_roman,interior,https://www.inaturalist.org/observations/341579035
COL_ANURA_0023,Boana platanera,341509308,6.206370844,-74.9995880858,108,2026-03-04,jhoanc,interior,https://www.inaturalist.org/observations/341509308
COL_ANURA_0023,Boana platanera,341447011,6.0875933333,-75.1005116667,7,2026-03-05,alejandra4613,interior,https://www.inaturalist.org/observations/341447011
COL_ANURA_0023,Boana platanera,341165499,7.9960853352,-76.6368290037,1707,2026-03-03,dodanis_22,interior,https://www.inaturalist.org/observations/341165499
COL_ANURA_0023,Boana platanera,340972657,6.3403377016,-75.0728869066,5,2026-03-01,valentina60917,interior,https://www.inaturalist.org/observations/340972657
COL_ANURA_0023,Boana platanera,340794677,5.8126147222,-75.1899733333,,2026-03-01,elisenia23,interior,https://www.inaturalist.org/observations/340794677
COL_ANURA_0023,Boana platanera,340535343,6.3701818358,-75.0902461633,205,2026-02-26,zoraida3626,interior,https://www.inaturalist.org/observations/340535343
COL_ANURA_0023,Boana platanera,340532303,6.2951217031,-75.0278663635,929,,carla57871,interior,https://www.inaturalist.org/observations/340532303
COL_ANURA_0023,Boana platanera,340295197,7.893010153,-76.6208678484,189,,danny42549,interior,https://www.inaturalist.org/observations/340295197
COL_ANURA_0023,Boana platanera,340182808,6.3534172988,-75.0522613898,75,2026-02-08,moi61,interior,https://www.inaturalist.org/observations/340182808
COL_ANURA_0023,Boana platanera,339957880,6.5117680162,-75.0068612105,2,2018-05-06,khristimantis,interior,https://www.inaturalist.org/observations/339957880
COL_ANURA_0023,Boana platanera,339941121,8.4271735151,-76.7876781151,1845,2026-02-22,jorge47237,interior,https://www.inaturalist.org/observations/339941121
COL_ANURA_0023,Boana platanera,339771802,6.3010836113,-75.0230843202,74,2026-02-22,lis_mabel,interior,https://www.inaturalist.org/observations/339771802
COL_ANURA_0023,Boana platanera,339645871,6.2745194444,-75.0449305556,,2026-02-21,joshbaryia,interior,https://www.inaturalist.org/observations/339645871
COL_ANURA_0023,Boana platanera,339503043,6.2745166667,-75.0449333333,,2026-02-20,joshbaryia,interior,https://www.inaturalist.org/observations/339503043
COL_ANURA_0023,Boana platanera,339429754,8.572099827,-76.6365554184,48,2026-02-20,angela__2005,interior,https://www.inaturalist.org/observations/339429754
COL_ANURA_0023,Boana platanera,339376182,6.3122123792,-75.0677189603,109,2026-02-11,camilo62997,interior,https://www.inaturalist.org/observations/339376182
COL_ANURA_0023,Boana platanera,338490318,6.4094899795,-74.9433201179,996,2026-02-13,william92947,interior,https://www.inaturalist.org/observations/338490318
COL_ANURA_0023,Boana platanera,338379302,6.3500421334,-75.0676260889,311,2026-02-12,tomas58130,interior,https://www.inaturalist.org/observations/338379302
COL_ANURA_0023,Boana platanera,338316157,5.7335944322,-75.6938011944,13,2026-02-12,duberjaramillo,interior,https://www.inaturalist.org/observations/338316157
COL_ANURA_0023,Boana platanera,338079565,8.5686266946,-76.6270738095,75,2026-02-10,samary3,interior,https://www.inaturalist.org/observations/338079565
COL_ANURA_0023,Boana platanera,338072998,6.3354073426,-75.0303375155,19,2026-02-10,laura83757,interior,https://www.inaturalist.org/observations/338072998
COL_ANURA_0023,Boana platanera,338018822,6.2574633333,-74.9655516667,4,2026-02-09,dayana83412,interior,https://www.inaturalist.org/observations/338018822
COL_ANURA_0023,Boana platanera,336693123,6.410139681,-75.0843335688,33,2026-01-06,ximenaosorio20,interior,https://www.inaturalist.org/observations/336693123
COL_ANURA_0023,Boana platanera,336627146,6.410165669,-75.0856626034,72,2026-01-11,ximenaosorio20,interior,https://www.inaturalist.org/observations/336627146
COL_ANURA_0023,Boana platanera,336582266,6.1677636486,-75.0504006073,36,,laura87155,interior,https://www.inaturalist.org/observations/336582266
COL_ANURA_0023,Boana platanera,336515456,6.3359347757,-75.0476932526,5,2026-01-27,brayan61078,interior,https://www.inaturalist.org/observations/336515456
COL_ANURA_0023,Boana platanera,336514613,6.1757463048,-75.0503684208,5,2026-01-28,ginna_shirley,interior,https://www.inaturalist.org/observations/336514613
COL_ANURA_0023,Boana platanera,336505295,8.079204231,-76.7177321295,1329,2026-01-24,carlosnobles,interior,https://www.inaturalist.org/observations/336505295
COL_ANURA_0023,Boana platanera,336505244,6.0363275551,-74.9965784554,2,2026-01-17,anadelmonte,interior,https://www.inaturalist.org/observations/336505244
COL_ANURA_0023,Boana platanera,336504275,6.0365155413,-74.9964219237,2,2026-01-16,anadelmonte,interior,https://www.inaturalist.org/observations/336504275
COL_ANURA_0023,Boana platanera,336410291,6.3535662468,-75.0537248701,34,2026-01-05,moi61,interior,https://www.inaturalist.org/observations/336410291
COL_ANURA_0023,Boana platanera,336385624,7.6533177516,-76.6089347005,100,2026-01-22,carolina77917,interior,https://www.inaturalist.org/observations/336385624
COL_ANURA_0023,Boana platanera,336361624,6.4108240323,-75.0844281167,89,2025-12-26,diana80547,interior,https://www.inaturalist.org/observations/336361624
COL_ANURA_0023,Boana platanera,336006123,6.3775203137,-75.1251913235,600,2026-01-24,mayerly54044,interior,https://www.inaturalist.org/observations/336006123
COL_ANURA_0023,Boana platanera,335327874,6.67881,-74.78465,500,2024-08-18,felipe_barrerao,interior,https://www.inaturalist.org/observations/335327874
COL_ANURA_0023,Boana platanera,335273329,5.7609541,-75.6771353,,2026-01-17,jeroecheverri,interior,https://www.inaturalist.org/observations/335273329
COL_ANURA_0023,Boana platanera,334743080,6.2553775858,-75.0620206073,43,2025-12-27,alexispamplona,interior,https://www.inaturalist.org/observations/334743080
COL_ANURA_0023,Boana platanera,326793164,6.01413055,-75.753525,4,2025-11-16,mariaalegp,interior,https://www.inaturalist.org/observations/326793164
COL_ANURA_0023,Boana platanera,324372761,6.5424804923,-75.15617989,300,2025-11-01,darluin,interior,https://www.inaturalist.org/observations/324372761
COL_ANURA_0023,Boana platanera,323823471,5.9738409512,-74.9552805106,4,2025-10-28,vannevg,interior,https://www.inaturalist.org/observations/323823471
COL_ANURA_0023,Boana platanera,322799490,6.5447778273,-75.1564957201,344,2025-10-24,carolenis,interior,https://www.inaturalist.org/observations/322799490
COL_ANURA_0023,Boana platanera,313858571,6.145609,-75.4040595,5348,,unirse_dayana_uribe,interior,https://www.inaturalist.org/observations/313858571
COL_ANURA_0023,Boana platanera,308418437,5.861218,-74.8714065278,,2025-08-17,sebasmc_foto,interior,https://www.inaturalist.org/observations/308418437
COL_ANURA_0023,Boana platanera,301733669,6.2795020354,-75.0331115637,40,2025-07-10,ihunta,interior,https://www.inaturalist.org/observations/301733669
COL_ANURA_0023,Boana platanera,290828696,6.2626264,-75.0289584,,2025-06-18,heilord,interior,https://www.inaturalist.org/observations/290828696
COL_ANURA_0023,Boana platanera,277957830,5.7413066079,-75.6027026067,42,2025-02-06,jujurenoult,interior,https://www.inaturalist.org/observations/277957830
COL_ANURA_0023,Boana platanera,271364174,6.4859068343,-75.036852099,169,2022-07-09,johnagudelo,interior,https://www.inaturalist.org/observations/271364174
COL_ANURA_0023,Boana platanera,267390796,7.5843717511,-74.8005833447,8,2025-03-20,greysicaldera07,interior,https://www.inaturalist.org/observations/267390796
COL_ANURA_0023,Boana platanera,267387606,7.5843168466,-74.8007940469,1,2025-03-20,nyquysua,interior,https://www.inaturalist.org/observations/267387606
COL_ANURA_0023,Boana platanera,266982996,7.6645453336,-76.6774845868,1568,2025-03-18,cindy_paola1,interior,https://www.inaturalist.org/observations/266982996
COL_ANURA_0023,Boana platanera,266333126,6.4968349722,-75.783708,,2025-03-22,camilo_gz,interior,https://www.inaturalist.org/observations/266333126
COL_ANURA_0023,Boana platanera,262593498,5.9631530077,-75.1021850109,561,2025-02-21,noreenweeden,interior,https://www.inaturalist.org/observations/262593498
COL_ANURA_0023,Boana platanera,262066868,6.4411383333,-75.7344583333,12,2025-02-15,rafael_aaron_vasquez,interior,https://www.inaturalist.org/observations/262066868
COL_ANURA_0023,Boana platanera,255314173,6.3489133333,-75.0133833333,4,2024-12-16,lauramontuna,interior,https://www.inaturalist.org/observations/255314173
COL_ANURA_0023,Boana platanera,255210342,5.88249,-75.2038,810,2024-12-13,juand20,interior,https://www.inaturalist.org/observations/255210342
COL_ANURA_0023,Boana platanera,254900026,5.6849183333,-75.6581516667,6,2024-12-12,tatiana2590,interior,https://www.inaturalist.org/observations/254900026
COL_ANURA_0023,Boana platanera,247335768,6.0393447419,-75.2029881254,214,2024-10-14,denis240,interior,https://www.inaturalist.org/observations/247335768
COL_ANURA_0023,Boana platanera,240879939,5.7143861111,-75.1761861111,,2024-07-17,juancarmona,interior,https://www.inaturalist.org/observations/240879939
COL_ANURA_0023,Boana platanera,239878398,8.0781108911,-74.7417610006,244,2024-06-26,dinagerman,interior,https://www.inaturalist.org/observations/239878398
COL_ANURA_0023,Boana platanera,238672469,7.6762498815,-76.7027185691,8,2022-07-07,mago_29,interior,https://www.inaturalist.org/observations/238672469
COL_ANURA_0023,Boana platanera,235543791,6.3106423997,-75.0643993997,,2024-08-13,juandelgado_sib,interior,https://www.inaturalist.org/observations/235543791
COL_ANURA_0023,Boana platanera,233927674,6.2357823586,-75.0166745111,6157,2024-08-04,llimi,interior,https://www.inaturalist.org/observations/233927674
COL_ANURA_0023,Boana platanera,204269184,5.930788,-74.71678645,3525,2024-03-27,pabloospinaa,interior,https://www.inaturalist.org/observations/204269184
COL_ANURA_0023,Boana platanera,203959863,5.9355666667,-75.1614305,4,2024-03-21,elizaocampo,interior,https://www.inaturalist.org/observations/203959863
COL_ANURA_0023,Boana platanera,202924809,6.7840258,-74.7985701833,,2023-05-30,nestor132,interior,https://www.inaturalist.org/observations/202924809
COL_ANURA_0023,Boana platanera,199689999,5.6629399,-75.7118892,2500,2024-02-18,elkin_dario,interior,https://www.inaturalist.org/observations/199689999
COL_ANURA_0023,Boana platanera,199689966,5.6629399,-75.7118892,2500,2024-02-18,guardabosques3,interior,https://www.inaturalist.org/observations/199689966
COL_ANURA_0023,Boana platanera,196225657,6.0531713097,-74.66477598,,2024-01-05,smejiadu,interior,https://www.inaturalist.org/observations/196225657
COL_ANURA_0023,Boana platanera,195724156,5.6886229167,-75.6976852222,,2024-01-03,luis70987,interior,https://www.inaturalist.org/observations/195724156
COL_ANURA_0023,Boana platanera,194098501,5.7578444444,-75.6477916667,,2023-12-15,tene_19,interior,https://www.inaturalist.org/observations/194098501
COL_ANURA_0023,Boana platanera,193876950,5.8490772389,-74.8245602846,773,,elizabeth14415,interior,https://www.inaturalist.org/observations/193876950
COL_ANURA_0023,Boana platanera,193876901,5.8431610417,-74.8304675147,149,,elizabeth14415,interior,https://www.inaturalist.org/observations/193876901
COL_ANURA_0023,Boana platanera,187983734,5.9631530077,-75.1021850109,560,2023-10-17,alejandraortiz13,interior,https://www.inaturalist.org/observations/187983734
COL_ANURA_0023,Boana platanera,187935673,6.0395149273,-75.7045277409,565,2023-02-05,marianaosorio_,interior,https://www.inaturalist.org/observations/187935673
COL_ANURA_0023,Boana platanera,182889513,5.936111,-75.141667,50,2023-08-04,felipe_barrerao,interior,https://www.inaturalist.org/observations/182889513
COL_ANURA_0023,Boana platanera,182771629,5.9736111111,-75.1172222222,50,2023-07-29,felipe_barrerao,interior,https://www.inaturalist.org/observations/182771629
COL_ANURA_0023,Boana platanera,182771626,5.9383333333,-75.1413888889,50,2023-08-03,felipe_barrerao,interior,https://www.inaturalist.org/observations/182771626
COL_ANURA_0023,Boana platanera,182771625,5.9361111111,-75.1416666667,50,2023-08-04,felipe_barrerao,interior,https://www.inaturalist.org/observations/182771625
COL_ANURA_0023,Boana platanera,171811007,5.829935803,-75.9577158527,24,2023-07-08,emilianamt,interior,https://www.inaturalist.org/observations/171811007
COL_ANURA_0023,Boana platanera,156490668,5.6818420407,-75.7141431326,378,2022-03-05,mateogarciameja,interior,https://www.inaturalist.org/observations/156490668
COL_ANURA_0023,Boana platanera,155328027,6.1617709109,-75.5739926174,214,2023-04-17,migueevam,interior,https://www.inaturalist.org/observations/155328027
COL_ANURA_0023,Boana platanera,149936218,5.9319327154,-74.8131335242,8,2023-01-27,eumomota76,interior,https://www.inaturalist.org/observations/149936218
COL_ANURA_0023,Boana platanera,149340628,6.3773250577,-75.8392587304,543,2022-08-18,douglascalderon,interior,https://www.inaturalist.org/observations/149340628
COL_ANURA_0023,Boana platanera,145538614,6.9545742414,-74.8941677751,1131,2022-12-17,estebanalzate,interior,https://www.inaturalist.org/observations/145538614
COL_ANURA_0020,Boana boans,397006175,7.5174033333,-76.5665283333,3,2026-07-04,brand2330,interior,https://www.inaturalist.org/observations/397006175
COL_ANURA_0020,Boana boans,395703359,7.5179946497,-76.5700953272,17,2026-08-26,brand2330,interior,https://www.inaturalist.org/observations/395703359
COL_ANURA_0020,Boana boans,392152203,6.427594,-74.7816354997,,2026-08-16,viajarytragar,interior,https://www.inaturalist.org/observations/392152203
COL_ANURA_0020,Boana boans,375107385,6.1915672615,-74.9868989736,248,2026-06-21,esneider55640,interior,https://www.inaturalist.org/observations/375107385
COL_ANURA_0020,Boana boans,365294150,6.1673166667,-75.0222778333,4,2026-05-08,yamith1,interior,https://www.inaturalist.org/observations/365294150
COL_ANURA_0020,Boana boans,363537746,5.9001394376,-74.8581650108,305,2026-05-13,laura_camila11719,interior,https://www.inaturalist.org/observations/363537746
COL_ANURA_0020,Boana boans,361745725,5.8610822106,-74.8707710579,233,2026-05-08,sebasmc_foto,interior,https://www.inaturalist.org/observations/361745725
COL_ANURA_0020,Boana boans,360868915,6.3482607409,-75.0052090734,206,2026-05-11,valeriaecheverri57356,interior,https://www.inaturalist.org/observations/360868915
COL_ANURA_0020,Boana boans,359424365,5.8614966667,-74.8717033333,4,2026-05-07,esteban26910,interior,https://www.inaturalist.org/observations/359424365
COL_ANURA_0020,Boana boans,358275539,5.8616916667,-74.8708416667,110,2026-04-27,felipemzambrano,interior,https://www.inaturalist.org/observations/358275539
COL_ANURA_0020,Boana boans,355430735,6.1882880451,-74.9892083555,38,2026-04-08,melanyvera,interior,https://www.inaturalist.org/observations/355430735
COL_ANURA_0020,Boana boans,354829595,5.8645916667,-74.9166033333,4,2026-04-23,f2025-0302,interior,https://www.inaturalist.org/observations/354829595
COL_ANURA_0020,Boana boans,350887489,6.2558105162,-74.8944013193,5,2026-04-17,esneider55640,interior,https://www.inaturalist.org/observations/350887489
COL_ANURA_0020,Boana boans,348537928,5.8785338851,-74.8646401986,211,2026-04-09,urias_salomon,interior,https://www.inaturalist.org/observations/348537928
COL_ANURA_0020,Boana boans,348295265,6.2625763889,-74.9622063889,,2026-04-08,paulina68639,interior,https://www.inaturalist.org/observations/348295265
COL_ANURA_0020,Boana boans,348295256,6.2625883333,-74.962255,,2026-04-08,estefa5,interior,https://www.inaturalist.org/observations/348295256
COL_ANURA_0020,Boana boans,348133943,5.8654036519,-74.9170989989,,2026-04-01,diego90615,interior,https://www.inaturalist.org/observations/348133943
COL_ANURA_0020,Boana boans,347975842,7.8647089689,-76.5841162205,224,2026-04-06,cindy39091,interior,https://www.inaturalist.org/observations/347975842
COL_ANURA_0020,Boana boans,346705702,6.0383785459,-74.9932816037,5565,2026-03-30,dilan_alexander,interior,https://www.inaturalist.org/observations/346705702
COL_ANURA_0020,Boana boans,346705700,6.0383785459,-74.9932816037,5565,2026-03-30,dilan_alexander,interior,https://www.inaturalist.org/observations/346705700
COL_ANURA_0020,Boana boans,346705699,6.0383785459,-74.9932816037,5565,2026-03-30,dilan_alexander,interior,https://www.inaturalist.org/observations/346705699
COL_ANURA_0020,Boana boans,346272349,7.8856321581,-76.5596380457,15,2026-03-30,isaias46353,interior,https://www.inaturalist.org/observations/346272349
COL_ANURA_0020,Boana boans,344014451,5.844835047,-74.9712952226,177,2026-03-20,breynerjj,interior,https://www.inaturalist.org/observations/344014451
COL_ANURA_0020,Boana boans,342168362,6.5669132423,-74.629715234,313,2026-03-06,juanp37717,interior,https://www.inaturalist.org/observations/342168362
COL_ANURA_0020,Boana boans,341619116,7.679953,-76.7631295,2391,2026-03-06,miguel_ramirez21,interior,https://www.inaturalist.org/observations/341619116
COL_ANURA_0020,Boana boans,340771146,7.8822617698,-76.5592701042,1658,2026-02-28,luisa45518,interior,https://www.inaturalist.org/observations/340771146
COL_ANURA_0020,Boana boans,340770988,7.8823374837,-76.5600289944,381,2026-03-01,luisa45518,interior,https://www.inaturalist.org/observations/340770988
COL_ANURA_0020,Boana boans,340770883,7.8826261899,-76.5583948234,2824,2026-02-28,luisa45518,interior,https://www.inaturalist.org/observations/340770883
COL_ANURA_0020,Boana boans,340770763,7.8826477906,-76.5581235819,2894,2026-02-28,luisa45518,interior,https://www.inaturalist.org/observations/340770763
COL_ANURA_0020,Boana boans,340719784,7.8647089689,-76.5841162205,224,2026-02-28,antonio15235,interior,https://www.inaturalist.org/observations/340719784
COL_ANURA_0020,Boana boans,340717833,7.8647089689,-76.5841162205,224,2026-02-28,karina70111,interior,https://www.inaturalist.org/observations/340717833
COL_ANURA_0020,Boana boans,340587869,7.8647089689,-76.5841162205,224,2026-02-27,antonio15235,interior,https://www.inaturalist.org/observations/340587869
COL_ANURA_0020,Boana boans,340165918,5.862045759,-74.8703844845,224,2026-01-27,emanuel34736,interior,https://www.inaturalist.org/observations/340165918
COL_ANURA_0020,Boana boans,339815781,7.8647089689,-76.5841162205,224,2026-02-22,patricia90749,interior,https://www.inaturalist.org/observations/339815781
COL_ANURA_0020,Boana boans,339359345,5.8916533333,-74.8603883333,12,2026-02-19,braden1,interior,https://www.inaturalist.org/observations/339359345
COL_ANURA_0020,Boana boans,339225642,8.5483188,-76.6706888,,2026-02-18,drendy52996,interior,https://www.inaturalist.org/observations/339225642
COL_ANURA_0020,Boana boans,339191575,5.9375000897,-74.9858780516,2,2020-01-04,khristimantis,interior,https://www.inaturalist.org/observations/339191575
COL_ANURA_0020,Boana boans,339191572,5.9852358262,-74.930475318,4,2020-01-02,khristimantis,interior,https://www.inaturalist.org/observations/339191572
COL_ANURA_0020,Boana boans,339191571,5.8069721057,-74.9373820345,1,2020-01-02,khristimantis,interior,https://www.inaturalist.org/observations/339191571
COL_ANURA_0020,Boana boans,339064010,7.864661,-76.584119,84,2026-02-17,yasmin8564,interior,https://www.inaturalist.org/observations/339064010
COL_ANURA_0020,Boana boans,338577280,5.857749968,-75.1949200407,211,2026-02-14,katherin_juliana,interior,https://www.inaturalist.org/observations/338577280
COL_ANURA_0020,Boana boans,338367533,7.8647089689,-76.5841162205,224,2026-02-12,jainover,interior,https://www.inaturalist.org/observations/338367533
COL_ANURA_0020,Boana boans,338221211,8.4644807059,-76.7240966856,214,2026-02-11,mateo82302,interior,https://www.inaturalist.org/observations/338221211
COL_ANURA_0020,Boana boans,336403502,6.3516505796,-75.0537936017,60,2026-01-27,moi61,interior,https://www.inaturalist.org/observations/336403502
COL_ANURA_0020,Boana boans,336402519,6.3507755482,-75.0542844459,25,2026-01-27,moi61,interior,https://www.inaturalist.org/observations/336402519
COL_ANURA_0020,Boana boans,335882059,5.8612174777,-74.8704152496,2,2025-06-15,alexcamano12,interior,https://www.inaturalist.org/observations/335882059
COL_ANURA_0020,Boana boans,335142339,5.8919530136,-74.8547988968,43,2026-01-17,dplopez3,interior,https://www.inaturalist.org/observations/335142339
COL_ANURA_0020,Boana boans,332302381,5.8923068,-74.8549781,207,2025-11-23,jacqueserard,interior,https://www.inaturalist.org/observations/332302381
COL_ANURA_0020,Boana boans,329729191,5.9009681845,-74.8569372296,210,2025-11-12,funga18,interior,https://www.inaturalist.org/observations/329729191
COL_ANURA_0020,Boana boans,325498321,5.8621191341,-74.8707938567,169,2025-10-29,sebasmc_foto,interior,https://www.inaturalist.org/observations/325498321
COL_ANURA_0020,Boana boans,323564061,5.8634616667,-74.8695216667,4,2025-10-20,felipemzambrano,interior,https://www.inaturalist.org/observations/323564061
COL_ANURA_0020,Boana boans,319436486,6.49446,-74.84024,402,2025-10-03,andycano,interior,https://www.inaturalist.org/observations/319436486
COL_ANURA_0020,Boana boans,313955980,7.0631515,-75.6898872,,2025-09-13,milenaloaiza,interior,https://www.inaturalist.org/observations/313955980
COL_ANURA_0020,Boana boans,311607194,6.2932569,-75.0079921,899,2025-09-04,fabian67916,interior,https://www.inaturalist.org/observations/311607194
COL_ANURA_0020,Boana boans,310026949,5.8942166667,-74.859405,4,2025-08-29,stevejhuggins,interior,https://www.inaturalist.org/observations/310026949
COL_ANURA_0020,Boana boans,300693090,5.8630219722,-74.870175,,2025-07-18,camilo_gz,interior,https://www.inaturalist.org/observations/300693090
COL_ANURA_0020,Boana boans,293907774,6.2524047203,-74.9028087035,858,2025-06-29,john830,interior,https://www.inaturalist.org/observations/293907774
COL_ANURA_0020,Boana boans,290774404,5.8615291319,-74.8734596372,219,2024-04-17,biottero,interior,https://www.inaturalist.org/observations/290774404
COL_ANURA_0020,Boana boans,272575845,5.9171101,-74.8578405,,2025-03-05,eureka777,interior,https://www.inaturalist.org/observations/272575845
COL_ANURA_0020,Boana boans,271815679,5.892216973,-74.8237379141,,2025-01-04,pecosvalleydiamond,interior,https://www.inaturalist.org/observations/271815679
COL_ANURA_0020,Boana boans,271815677,5.989368626,-74.8579791573,,2025-01-04,pecosvalleydiamond,interior,https://www.inaturalist.org/observations/271815677
COL_ANURA_0020,Boana boans,271815646,5.9374705779,-74.9472222534,,2025-01-04,pecosvalleydiamond,interior,https://www.inaturalist.org/observations/271815646
COL_ANURA_0020,Boana boans,271795004,5.8189529069,-74.9576418198,408,2025-01-03,pecosvalleydiamond,interior,https://www.inaturalist.org/observations/271795004
COL_ANURA_0020,Boana boans,262955112,5.8624204591,-74.8704039654,162,2025-02-19,juanestebanhincapiposada,interior,https://www.inaturalist.org/observations/262955112
COL_ANURA_0020,Boana boans,262681017,5.8623897877,-74.870374195,125,2025-02-18,juanestebanhincapiposada,interior,https://www.inaturalist.org/observations/262681017
COL_ANURA_0020,Boana boans,258083359,5.8927183336,-74.855245667,20,2024-02-17,sylvain_eichhorn,interior,https://www.inaturalist.org/observations/258083359
COL_ANURA_0020,Boana boans,258083352,5.8874358889,-74.8541012223,20,2024-02-17,sylvain_eichhorn,interior,https://www.inaturalist.org/observations/258083352
COL_ANURA_0020,Boana boans,256778641,7.0927439033,-75.6825531613,31,2018-02-20,orlandopr,interior,https://www.inaturalist.org/observations/256778641
COL_ANURA_0020,Boana boans,256778335,7.0528069447,-75.673059257,4,2017-12-14,orlandopr,interior,https://www.inaturalist.org/observations/256778335
COL_ANURA_0020,Boana boans,255901702,6.43508652,-74.64743823,,2024-12-02,mateoramirezguauque,interior,https://www.inaturalist.org/observations/255901702
COL_ANURA_0020,Boana boans,250320562,6.699759,-74.8238455,,2024-11-01,oscarivanov,interior,https://www.inaturalist.org/observations/250320562
COL_ANURA_0020,Boana boans,248349529,7.47314975,-76.5250015,,2024-10-15,julian81695,interior,https://www.inaturalist.org/observations/248349529
COL_ANURA_0020,Boana boans,237317987,7.1290769444,-75.5118179167,,2024-08-22,alejandro_nohava,interior,https://www.inaturalist.org/observations/237317987
COL_ANURA_0020,Boana boans,232681531,7.8234852082,-76.6729013622,3,2024-07-30,carolina2024,interior,https://www.inaturalist.org/observations/232681531
COL_ANURA_0020,Boana boans,232629652,7.81676,-76.61282,50,2024-01-22,felipe_barrerao,interior,https://www.inaturalist.org/observations/232629652
COL_ANURA_0020,Boana boans,204245880,5.887784,-74.855341,,2024-02-18,milanpestalozzi,interior,https://www.inaturalist.org/observations/204245880
COL_ANURA_0020,Boana boans,203714434,5.8877835869,-74.8553412043,31,2024-02-18,jaroschacht,interior,https://www.inaturalist.org/observations/203714434
COL_ANURA_0020,Boana boans,203714423,5.8827636794,-74.8537917796,31,2024-02-18,jaroschacht,interior,https://www.inaturalist.org/observations/203714423
COL_ANURA_0020,Boana boans,203509341,5.809557472,-74.8413254321,210,2024-01-06,fincaelprado,interior,https://www.inaturalist.org/observations/203509341
COL_ANURA_0020,Boana boans,203311668,5.93407,-74.813605,17,2024-03-20,calderonfrancoluis,interior,https://www.inaturalist.org/observations/203311668
COL_ANURA_0020,Boana boans,199282820,5.9281854121,-74.84440092,239,2024-02-10,speedbas_sc,interior,https://www.inaturalist.org/observations/199282820
COL_ANURA_0020,Boana boans,196072787,5.8944883333,-74.858735,,2023-02-26,adrien_jailloux,interior,https://www.inaturalist.org/observations/196072787
COL_ANURA_0020,Boana boans,192954347,7.1035739269,-74.7289442271,726,2023-11-18,angeldam,interior,https://www.inaturalist.org/observations/192954347
COL_ANURA_0020,Boana boans,192944124,7.101318863,-74.71922189,401,2023-10-14,angeldam,interior,https://www.inaturalist.org/observations/192944124
COL_ANURA_0020,Boana boans,191840894,5.8620458,-74.8703845,224,2023-11-19,andrea_gt,interior,https://www.inaturalist.org/observations/191840894
COL_ANURA_0020,Boana boans,187856490,6.4426119,-75.728647,333,2023-10-16,mruatobon133,interior,https://www.inaturalist.org/observations/187856490
COL_ANURA_0020,Boana boans,184626671,7.3927028013,-75.0080827251,74,2023-09-12,cuatronarices,interior,https://www.inaturalist.org/observations/184626671
COL_ANURA_0020,Boana boans,177648577,5.8623199148,-74.8704391345,1064,2023-07-30,sebasmc_foto,interior,https://www.inaturalist.org/observations/177648577
COL_ANURA_0020,Boana boans,156920887,7.6631132012,-76.631607078,245,2021-07-07,carlosbranun,interior,https://www.inaturalist.org/observations/156920887
COL_ANURA_0020,Boana boans,155568747,5.8625793954,-74.8700240627,1156,2023-04-01,sebasmc_foto,interior,https://www.inaturalist.org/observations/155568747
COL_ANURA_0020,Boana boans,149652870,6.973037628,-75.7282875822,,2023-01-28,dbocanumenthe,interior,https://www.inaturalist.org/observations/149652870
COL_ANURA_0020,Boana boans,147530847,5.8952543077,-74.8606142029,1158,2023-01-25,martin_suanjak,interior,https://www.inaturalist.org/observations/147530847
COL_ANURA_0020,Boana boans,147393867,6.2777103537,-74.7011370711,4,2023-01-19,luis_puerto_canoa,interior,https://www.inaturalist.org/observations/147393867
COL_ANURA_0020,Boana boans,144533359,6.27688,-74.701401,,2022-09-09,luis_puerto_canoa,interior,https://www.inaturalist.org/observations/144533359
COL_ANURA_0020,Boana boans,138576468,6.276841,-74.701496,61,2022-10-08,edmundocat,interior,https://www.inaturalist.org/observations/138576468
COL_ANURA_0020,Boana boans,128880069,6.0516562954,-75.0034441799,631,2022-07-31,juanfer4,interior,https://www.inaturalist.org/observations/128880069
COL_ANURA_0020,Boana boans,127911741,6.5449863423,-75.0327774882,255,2022-07-24,fortacienpo,interior,https://www.inaturalist.org/observations/127911741
COL_ANURA_0020,Boana boans,123312279,6.2951219,-75.0278664,928,2022-06-24,uvitodemonte,interior,https://www.inaturalist.org/observations/123312279
COL_ANURA_0020,Boana boans,68913757,5.8894418394,-74.8549683954,4,2017-10-24,felipecastilla,interior,https://www.inaturalist.org/observations/68913757
COL_ANURA_0020,Boana boans,60492206,6.4552356,-74.7912298,211,2019-05-16,estebanalzate,interior,https://www.inaturalist.org/observations/60492206
COL_ANURA_0020,Boana boans,60491719,6.251954764,-75.0149803842,229,2018-11-25,estebanalzate,interior,https://www.inaturalist.org/observations/60491719
COL_ANURA_0020,Boana boans,42887397,6.2871503834,-75.0267642532,1024,2018-11-25,laurarubiorocha,interior,https://www.inaturalist.org/observations/42887397
COL_ANURA_0020,Boana boans,38368769,7.3055092486,-76.5075440632,6467,2020-01-03,juanochoa,interior,https://www.inaturalist.org/observations/38368769
COL_ANURA_0020,Boana boans,37859389,6.61237,-75.17,,2019-11-24,wilmar_agudelo,interior,https://www.inaturalist.org/observations/37859389
COL_ANURA_0020,Boana boans,37377197,5.8602644937,-74.9795466748,,2020-01-02,khristimantis,interior,https://www.inaturalist.org/observations/37377197
COL_ANURA_0020,Boana boans,36783702,6.0807370476,-75.111235443,61,2019-02-18,clamozu,interior,https://www.inaturalist.org/observations/36783702
COL_ANURA_0020,Boana boans,34660718,5.88878,-75.14853,,2019-09-15,wilmar_agudelo,interior,https://www.inaturalist.org/observations/34660718
COL_ANURA_0020,Boana boans,24054670,5.900968,-74.856937,,2019-04-23,alejandracarmona,interior,https://www.inaturalist.org/observations/24054670
COL_ANURA_0020,Boana boans,21410324,5.8989406724,-74.8560827697,2,2015-05-30,sesernam,interior,https://www.inaturalist.org/observations/21410324
COL_ANURA_0020,Boana boans,18152017,6.374178955,-75.011436301,4,2018-10-04,camilojotage,interior,https://www.inaturalist.org/observations/18152017
COL_ANURA_0020,Boana boans,18025675,7.8253783333,-76.6453033333,64,2018-10-26,vill-a,interior,https://www.inaturalist.org/observations/18025675
COL_ANURA_0020,Boana boans,12365514,5.8623616,-74.870529,211,2018-04-14,angelarh-19,interior,https://www.inaturalist.org/observations/12365514
COL_ANURA_0020,Boana boans,11403755,6.0896721038,-75.6369450688,2,2018-04-24,microteiido,interior,https://www.inaturalist.org/observations/11403755
COL_ANURA_0020,Boana boans,11081268,5.859832,-74.867016,,2018-04-14,microteiido,interior,https://www.inaturalist.org/observations/11081268
COL_ANURA_0020,Boana boans,11081247,5.859832,-74.867016,,2018-04-13,microteiido,interior,https://www.inaturalist.org/observations/11081247
COL_ANURA_0020,Boana boans,10620468,5.8289799,-74.87895,2158,2018-02-11,sindy_tutora,interior,https://www.inaturalist.org/observations/10620468
COL_ANURA_0020,Boana boans,10103259,5.8628916667,-74.8702388889,,2018-02-09,sindy_tutora,interior,https://www.inaturalist.org/observations/10103259
COL_ANURA_0020,Boana boans,9193518,5.965814,-75.199425,30,2017-12-15,biottero,interior,https://www.inaturalist.org/observations/9193518
COL_ANURA_0020,Boana boans,8360216,6.4072301663,-74.7099494934,122,2017-02-02,camilojotage,interior,https://www.inaturalist.org/observations/8360216
COL_ANURA_0020,Boana boans,796094,5.970164,-75.11763,807,2013-01-08,estebanalzate,interior,http://conabio.inaturalist.org/observations/796094
COL_ANURA_0020,Boana boans,91265,6.5816185956,-75.1953833715,,2008-04-22,estebanalzate,interior,http://www.inaturalist.org/observations/91265
COL_ANURA_0020,Boana boans,39263,6.5909268872,-75.2194574722,,2009-06-05,estebanalzate,interior,http://www.inaturalist.org/observations/39263
COL_ANURA_0020,Boana boans,38873,5.8955357841,-74.8573637009,,2011-10-08,estebanalzate,interior,http://www.inaturalist.org/observations/38873
COL_ANURA_0042,Phyllomedusa venusta,397006325,7.5184466667,-76.5674533333,4,2026-07-04,brand2330,interior,https://www.inaturalist.org/observations/397006325
COL_ANURA_0042,Phyllomedusa venusta,393095417,6.0018298891,-75.0719957426,5,2026-08-20,marcela338,interior,https://www.inaturalist.org/observations/393095417
COL_ANURA_0042,Phyllomedusa venusta,390474328,7.9447079612,-76.585363477,30,2026-08-09,brand2330,interior,https://www.inaturalist.org/observations/390474328
COL_ANURA_0042,Phyllomedusa venusta,389092159,6.2182155418,-74.9194170123,9,2026-08-07,laingjoe,interior,https://www.inaturalist.org/observations/389092159
COL_ANURA_0042,Phyllomedusa venusta,388546486,6.2181826758,-74.919396151,24,2026-08-05,laingjoe,interior,https://www.inaturalist.org/observations/388546486
COL_ANURA_0042,Phyllomedusa venusta,366517951,6.3523083333,-75.0565611111,,2026-05-25,dsypg,interior,https://www.inaturalist.org/observations/366517951
COL_ANURA_0042,Phyllomedusa venusta,366184356,5.8579821315,-74.8664130138,,2026-05-15,camilo_gz,interior,https://www.inaturalist.org/observations/366184356
COL_ANURA_0042,Phyllomedusa venusta,366110850,7.450451,-74.8645429722,,2026-05-26,camiloalejandro,interior,https://www.inaturalist.org/observations/366110850
COL_ANURA_0042,Phyllomedusa venusta,363200748,6.5815810432,-75.195588246,20,,p_sanchez-aguirre,interior,https://www.inaturalist.org/observations/363200748
COL_ANURA_0042,Phyllomedusa venusta,362600132,5.833309691,-74.9333902448,1631,2026-05-17,luisarendon31,interior,https://www.inaturalist.org/observations/362600132
COL_ANURA_0042,Phyllomedusa venusta,361432333,7.7456765455,-76.5564582869,85,2026-05-07,nancybailarin,interior,https://www.inaturalist.org/observations/361432333
COL_ANURA_0042,Phyllomedusa venusta,351567018,7.791034688,-76.5519531816,6,2026-04-20,darlisc,interior,https://www.inaturalist.org/observations/351567018
COL_ANURA_0042,Phyllomedusa venusta,350168472,7.6520081967,-76.6097551212,7,2026-04-07,enny_susana,interior,https://www.inaturalist.org/observations/350168472
COL_ANURA_0042,Phyllomedusa venusta,347596896,6.5416467606,-75.1512184739,12,2026-04-01,adriana88227,interior,https://www.inaturalist.org/observations/347596896
COL_ANURA_0042,Phyllomedusa venusta,346692237,6.3021932722,-75.0115831229,9,2026-04-01,sara_isabela,interior,https://www.inaturalist.org/observations/346692237
COL_ANURA_0042,Phyllomedusa venusta,345767052,6.2685973002,-74.9155009165,136,2026-03-26,luisa66124,interior,https://www.inaturalist.org/observations/345767052
COL_ANURA_0042,Phyllomedusa venusta,345498808,6.3582829095,-75.0427335128,231,2026-03-27,dayana83412,interior,https://www.inaturalist.org/observations/345498808
COL_ANURA_0042,Phyllomedusa venusta,342587592,8.5191639437,-76.5255813673,92,2026-03-11,donadis,interior,https://www.inaturalist.org/observations/342587592
COL_ANURA_0042,Phyllomedusa venusta,342516654,6.3102355748,-75.064073503,78,2026-03-09,edwin_alberto2,interior,https://www.inaturalist.org/observations/342516654
COL_ANURA_0042,Phyllomedusa venusta,342494212,5.8657288399,-74.8703794554,1757,2024-01-07,nestor_monsalve,interior,https://www.inaturalist.org/observations/342494212
COL_ANURA_0042,Phyllomedusa venusta,341530172,7.9009583333,-76.6093883333,4,2026-03-05,deisyacero,interior,https://www.inaturalist.org/observations/341530172
COL_ANURA_0042,Phyllomedusa venusta,341529838,7.9008966667,-76.60942,4,2026-03-05,deisyacero,interior,https://www.inaturalist.org/observations/341529838
COL_ANURA_0042,Phyllomedusa venusta,340786521,7.791034688,-76.5519531816,6,2026-03-01,darlisc,interior,https://www.inaturalist.org/observations/340786521
COL_ANURA_0042,Phyllomedusa venusta,340517830,5.86126071,-74.86849885,,2025-06-28,speedbas_sc,interior,https://www.inaturalist.org/observations/340517830
COL_ANURA_0042,Phyllomedusa venusta,340165280,5.862045759,-74.8703844845,224,2026-02-25,emanuel34736,interior,https://www.inaturalist.org/observations/340165280
COL_ANURA_0042,Phyllomedusa venusta,340157854,8.5240633333,-76.5312433333,,2026-02-23,yuleydisp,interior,https://www.inaturalist.org/observations/340157854
COL_ANURA_0042,Phyllomedusa venusta,340101320,7.8069216173,-76.5467118099,7,2026-02-24,sonia65467,interior,https://www.inaturalist.org/observations/340101320
COL_ANURA_0042,Phyllomedusa venusta,339977766,6.3384827778,-75.0331863889,,2026-02-23,diego11543,interior,https://www.inaturalist.org/observations/339977766
COL_ANURA_0042,Phyllomedusa venusta,339208068,7.1993234172,-74.7925480709,2,2021-08-14,khristimantis,interior,https://www.inaturalist.org/observations/339208068
COL_ANURA_0042,Phyllomedusa venusta,339208042,7.1317760595,-74.7902465252,2,2021-08-11,khristimantis,interior,https://www.inaturalist.org/observations/339208042
COL_ANURA_0042,Phyllomedusa venusta,339208041,7.1637995133,-74.6442940897,4,2021-08-11,khristimantis,interior,https://www.inaturalist.org/observations/339208041
COL_ANURA_0042,Phyllomedusa venusta,339208039,7.1524802446,-74.7768670259,2,2021-08-11,khristimantis,interior,https://www.inaturalist.org/observations/339208039
COL_ANURA_0042,Phyllomedusa venusta,339208038,7.0007579903,-74.6890912931,2,2021-08-11,khristimantis,interior,https://www.inaturalist.org/observations/339208038
COL_ANURA_0042,Phyllomedusa venusta,339208037,7.1893956637,-74.6536901443,8,2021-08-10,khristimantis,interior,https://www.inaturalist.org/observations/339208037
COL_ANURA_0042,Phyllomedusa venusta,339208035,7.1397909055,-74.6910349203,1,2021-08-10,khristimantis,interior,https://www.inaturalist.org/observations/339208035
COL_ANURA_0042,Phyllomedusa venusta,339208034,7.0726458587,-74.6623800276,2,2021-08-15,khristimantis,interior,https://www.inaturalist.org/observations/339208034
COL_ANURA_0042,Phyllomedusa venusta,339208033,7.0182037127,-74.639984728,2,2021-08-14,khristimantis,interior,https://www.inaturalist.org/observations/339208033
COL_ANURA_0042,Phyllomedusa venusta,339182760,6.5206211769,-74.685231941,2,2019-05-05,khristimantis,interior,https://www.inaturalist.org/observations/339182760
COL_ANURA_0042,Phyllomedusa venusta,339182759,6.5917750284,-74.7126485487,2,2019-05-05,khristimantis,interior,https://www.inaturalist.org/observations/339182759
COL_ANURA_0042,Phyllomedusa venusta,339182758,6.4371629662,-74.7988636996,2,2019-05-05,khristimantis,interior,https://www.inaturalist.org/observations/339182758
COL_ANURA_0042,Phyllomedusa venusta,339182752,6.5725491311,-74.6835183438,2,2019-05-04,khristimantis,interior,https://www.inaturalist.org/observations/339182752
COL_ANURA_0042,Phyllomedusa venusta,339182751,6.5567106237,-74.6630281157,2,2019-05-04,khristimantis,interior,https://www.inaturalist.org/observations/339182751
COL_ANURA_0042,Phyllomedusa venusta,339182750,6.5024680213,-74.7081557647,2,2019-05-04,khristimantis,interior,https://www.inaturalist.org/observations/339182750
COL_ANURA_0042,Phyllomedusa venusta,339182748,6.4614097278,-74.7320778412,2,2019-05-04,khristimantis,interior,https://www.inaturalist.org/observations/339182748
COL_ANURA_0042,Phyllomedusa venusta,337455751,6.3248764781,-75.0351385027,5,2026-02-05,xiomararios,interior,https://www.inaturalist.org/observations/337455751
COL_ANURA_0042,Phyllomedusa venusta,336401203,6.3912629243,-75.1574530386,5,2026-01-27,derly_morales,interior,https://www.inaturalist.org/observations/336401203
COL_ANURA_0042,Phyllomedusa venusta,335882037,7.7704200104,-76.6754094085,61,2025-07-16,alexcamano12,interior,https://www.inaturalist.org/observations/335882037
COL_ANURA_0042,Phyllomedusa venusta,335327872,6.67875,-74.78473,50,2024-08-18,felipe_barrerao,interior,https://www.inaturalist.org/observations/335327872
COL_ANURA_0042,Phyllomedusa venusta,328634745,5.9009681845,-74.8569372296,210,2025-11-11,funga18,interior,https://www.inaturalist.org/observations/328634745
COL_ANURA_0042,Phyllomedusa venusta,323376257,5.8625,-74.86898,4,2025-10-18,felipemzambrano,interior,https://www.inaturalist.org/observations/323376257
COL_ANURA_0042,Phyllomedusa venusta,319413654,5.862045759,-74.8703844845,224,2025-10-04,sofiatc,interior,https://www.inaturalist.org/observations/319413654
COL_ANURA_0042,Phyllomedusa venusta,309890212,5.862122,-74.8703639722,,2025-07-20,camilo_gz,interior,https://www.inaturalist.org/observations/309890212
COL_ANURA_0042,Phyllomedusa venusta,309374302,5.8603500389,-74.8681171741,8,2025-08-23,parcerodlf,interior,https://www.inaturalist.org/observations/309374302
COL_ANURA_0042,Phyllomedusa venusta,299197028,7.77413,-76.6635757,179,2025-07-16,juand20,interior,https://www.inaturalist.org/observations/299197028
COL_ANURA_0042,Phyllomedusa venusta,296652424,7.9010353,-76.6093414,,2025-07-06,fabianschneider,interior,https://www.inaturalist.org/observations/296652424
COL_ANURA_0042,Phyllomedusa venusta,293378208,6.2951217031,-75.0278663635,929,,salazarmariale,interior,https://www.inaturalist.org/observations/293378208
COL_ANURA_0042,Phyllomedusa venusta,277179685,5.8600776371,-74.8672888801,146,2025-04-26,luis_alejandro1,interior,https://www.inaturalist.org/observations/277179685
COL_ANURA_0042,Phyllomedusa venusta,265500227,6.2996842705,-75.0651222467,9,2025-03-15,speedbas_sc,interior,https://www.inaturalist.org/observations/265500227
COL_ANURA_0042,Phyllomedusa venusta,264590059,5.8613948611,-74.86849975,,2025-02-22,nesper94,interior,https://www.inaturalist.org/observations/264590059
COL_ANURA_0042,Phyllomedusa venusta,264423121,5.86469738,-74.8683529,,2025-03-02,juan_camilo5497,interior,https://www.inaturalist.org/observations/264423121
COL_ANURA_0042,Phyllomedusa venusta,263922434,5.8620666667,-74.8703533333,35,2025-03-04,crawfordaj,interior,https://www.inaturalist.org/observations/263922434
COL_ANURA_0042,Phyllomedusa venusta,263232571,7.8458300327,-76.621119976,5,2025-02-26,julio_arepas,interior,https://www.inaturalist.org/observations/263232571
COL_ANURA_0042,Phyllomedusa venusta,263171897,5.8615774927,-74.8688894883,117,2025-02-22,santiago422,interior,https://www.inaturalist.org/observations/263171897
COL_ANURA_0042,Phyllomedusa venusta,263134365,7.9846273694,-76.6528234867,5,2025-02-25,julio_arepas,interior,https://www.inaturalist.org/observations/263134365
COL_ANURA_0042,Phyllomedusa venusta,251732844,7.81648,-76.61718,100,2024-03-26,felipe_barrerao,interior,https://www.inaturalist.org/observations/251732844
COL_ANURA_0042,Phyllomedusa venusta,251458525,6.2951217031,-75.0278663635,929,2023-01-09,juanh74,interior,https://www.inaturalist.org/observations/251458525
COL_ANURA_0042,Phyllomedusa venusta,248169928,6.3023362798,-74.8822056502,715,2024-10-13,yeisonramrez,interior,https://www.inaturalist.org/observations/248169928
COL_ANURA_0042,Phyllomedusa venusta,241528522,7.3160498066,-75.0405397527,342,2024-09-13,dinagerman,interior,https://www.inaturalist.org/observations/241528522
COL_ANURA_0042,Phyllomedusa venusta,228349652,6.5813652161,-75.1967050508,59,2022-06-13,p_sanchez-aguirre,interior,https://www.inaturalist.org/observations/228349652
COL_ANURA_0042,Phyllomedusa venusta,197756018,6.68038,-74.78723,50,2023-12-28,felipe_barrerao,interior,https://www.inaturalist.org/observations/197756018
COL_ANURA_0042,Phyllomedusa venusta,195729236,6.5768055122,-75.2099809796,1554,2023-04-03,santiago_pineda,interior,https://www.inaturalist.org/observations/195729236
COL_ANURA_0042,Phyllomedusa venusta,192950612,6.4857709171,-74.8412372544,360,2023-10-20,angeldam,interior,https://www.inaturalist.org/observations/192950612
COL_ANURA_0042,Phyllomedusa venusta,191841142,5.8620458,-74.8703845,224,2023-11-19,andrea_gt,interior,https://www.inaturalist.org/observations/191841142
COL_ANURA_0042,Phyllomedusa venusta,184625183,7.382752286,-74.9986252561,27,2023-09-19,cuatronarices,interior,https://www.inaturalist.org/observations/184625183
COL_ANURA_0042,Phyllomedusa venusta,181643986,6.2951219,-75.0278664,928,2022-11-03,alejosoto,interior,https://www.inaturalist.org/observations/181643986
COL_ANURA_0042,Phyllomedusa venusta,156488751,6.5625304131,-75.1987954254,1209,2022-05-22,mateogarciameja,interior,https://www.inaturalist.org/observations/156488751
COL_ANURA_0042,Phyllomedusa venusta,156488724,6.5653475628,-75.1995833449,326,2022-05-11,mateogarciameja,interior,https://www.inaturalist.org/observations/156488724
COL_ANURA_0042,Phyllomedusa venusta,154051488,6.5735278198,-75.2077205125,74,2023-04-03,edmundocat,interior,https://www.inaturalist.org/observations/154051488
COL_ANURA_0042,Phyllomedusa venusta,145275371,6.25361505,-75.0137445056,651,2022-11-03,ximenabe,interior,https://www.inaturalist.org/observations/145275371
COL_ANURA_0042,Phyllomedusa venusta,141926011,6.308416,-74.987475,8300,2022-11-04,manuelaml,interior,https://www.inaturalist.org/observations/141926011
COL_ANURA_0042,Phyllomedusa venusta,140109228,8.5450833333,-76.5739055556,,2022-10-25,lina_maria8,interior,https://www.inaturalist.org/observations/140109228
COL_ANURA_0042,Phyllomedusa venusta,138347859,5.7461472831,-74.9509201571,848,2022-06-30,claudia_patricia1,interior,https://www.inaturalist.org/observations/138347859
COL_ANURA_0042,Phyllomedusa venusta,133703595,7.095598715,-74.7034642944,,2021-08-10,khristimantis,interior,https://www.inaturalist.org/observations/133703595
COL_ANURA_0042,Phyllomedusa venusta,116656354,6.24989,-75.014315,,2010-01-01,samuelcossio,interior,https://www.inaturalist.org/observations/116656354
COL_ANURA_0042,Phyllomedusa venusta,111254096,7.7738151118,-76.6651720292,64,2022-03-29,sesernam,interior,https://www.inaturalist.org/observations/111254096
COL_ANURA_0042,Phyllomedusa venusta,110256483,7.77413,-76.6635757,2016,2022-03-27,julianbiol,interior,https://www.inaturalist.org/observations/110256483
COL_ANURA_0042,Phyllomedusa venusta,109238298,6.4964677343,-74.9344211233,395,2022-03-21,alejandro_orrego,interior,https://www.inaturalist.org/observations/109238298
COL_ANURA_0042,Phyllomedusa venusta,93085431,7.1448448817,-74.7831870978,,2021-08-10,khristimantis,interior,https://www.inaturalist.org/observations/93085431
COL_ANURA_0042,Phyllomedusa venusta,92536185,6.2820292357,-74.6965652592,,2020-03-11,marleytgr,interior,https://www.inaturalist.org/observations/92536185
COL_ANURA_0042,Phyllomedusa venusta,84634200,6.772879,-74.796476,1251,2021-06-18,lilis198,interior,https://www.inaturalist.org/observations/84634200
COL_ANURA_0042,Phyllomedusa venusta,60490689,6.4552356,-74.7912298,211,2017-11-16,estebanalzate,interior,https://www.inaturalist.org/observations/60490689
COL_ANURA_0042,Phyllomedusa venusta,42791488,6.300637084,-75.0618637843,1024,2019-11-16,laurarubiorocha,interior,https://www.inaturalist.org/observations/42791488
COL_ANURA_0042,Phyllomedusa venusta,39424390,6.498395079,-74.600984942,10,2020-01-27,dbocanumenthe,interior,https://www.inaturalist.org/observations/39424390
COL_ANURA_0042,Phyllomedusa venusta,39424385,6.5609615673,-74.7541483587,10,2020-01-27,dbocanumenthe,interior,https://www.inaturalist.org/observations/39424385
COL_ANURA_0042,Phyllomedusa venusta,38345230,5.98028667,-74.99559667,4,2019-10-19,juanochoa,interior,https://www.inaturalist.org/observations/38345230
COL_ANURA_0042,Phyllomedusa venusta,34998055,6.5109650113,-74.7323597474,92,2019-05-04,khristimantis,interior,https://www.inaturalist.org/observations/34998055
COL_ANURA_0042,Phyllomedusa venusta,28536670,5.9664377194,-74.8835558703,562,2019-06-13,juanestebanhincapiposada,interior,https://www.inaturalist.org/observations/28536670
COL_ANURA_0042,Phyllomedusa venusta,26466612,5.9729905128,-74.887840271,,2019-06-04,sebastianvieirau,interior,https://www.inaturalist.org/observations/26466612
COL_ANURA_0042,Phyllomedusa venusta,25860318,6.4552356,-74.7912298,211,2019-05-04,khristimantis,interior,https://www.inaturalist.org/observations/25860318
COL_ANURA_0042,Phyllomedusa venusta,20386170,7.5562120828,-74.792528674,1052,2019-03-23,kellyvargas,interior,https://www.inaturalist.org/observations/20386170
COL_ANURA_0042,Phyllomedusa venusta,19517543,7.6108314295,-74.7722327337,8415,2018-12-28,kellyvargas,interior,https://www.inaturalist.org/observations/19517543
COL_ANURA_0042,Phyllomedusa venusta,18810677,7.7740927035,-76.6635459956,4,2015-07-22,wilmar_agudelo,interior,https://www.inaturalist.org/observations/18810677
COL_ANURA_0042,Phyllomedusa venusta,18571871,6.537098974,-74.6889287527,73,2018-10-05,dbocanumenthe,interior,https://www.inaturalist.org/observations/18571871
COL_ANURA_0042,Phyllomedusa venusta,12105773,5.8288088842,-74.8788907751,612,2018-01-11,ramonsoto,interior,https://www.inaturalist.org/observations/12105773
COL_ANURA_0042,Phyllomedusa venusta,11081262,5.859797,-74.86732,,2018-04-14,microteiido,interior,https://www.inaturalist.org/observations/11081262
COL_ANURA_0042,Phyllomedusa venusta,10056416,6.521041,-74.805672,1168,,luissierra,interior,https://www.inaturalist.org/observations/10056416
COL_ANURA_0042,Phyllomedusa venusta,10004019,5.8611666667,-74.86847,5,2018-02-09,sindy_tutora,interior,https://www.inaturalist.org/observations/10004019
COL_ANURA_0042,Phyllomedusa venusta,9911133,6.4557633099,-74.7913384438,66,2017-05-18,estebanalzate,interior,https://www.inaturalist.org/observations/9911133
COL_ANURA_0042,Phyllomedusa venusta,9911132,6.456594852,-74.7918319702,57,2017-05-18,estebanalzate,interior,https://www.inaturalist.org/observations/9911132
COL_ANURA_0042,Phyllomedusa venusta,9758992,6.5466491299,-74.8058652878,507,2016-09-09,estebanalzate,interior,https://www.inaturalist.org/observations/9758992
COL_ANURA_0042,Phyllomedusa venusta,7789606,6.4555287722,-74.791059494,31,2017-08-26,stivensaldarriaga,interior,https://www.inaturalist.org/observations/7789606
COL_ANURA_0042,Phyllomedusa venusta,7720613,6.4552356,-74.7912298,211,2017-08-28,biottero,interior,https://www.inaturalist.org/observations/7720613
COL_ANURA_0042,Phyllomedusa venusta,2917077,7.755354,-76.655431,1288,,mariamol,interior,http://www.inaturalist.org/observations/2917077
COL_ANURA_0042,Phyllomedusa venusta,246671,7.775586,-76.663585,131,2012-12-09,jose_fang,interior,http://www.inaturalist.org/observations/246671
COL_ANURA_0042,Phyllomedusa venusta,91242,6.5816185956,-75.1953833715,,2008-04-22,estebanalzate,interior,http://www.inaturalist.org/observations/91242
COL_ANURA_0042,Phyllomedusa venusta,65607,6.5168912938,-74.9043171216,,,juanpablo,interior,http://www.inaturalist.org/observations/65607
COL_ANURA_0030,Dendropsophus ebraccatus,384913729,7.1302569001,-75.5638659373,507,2026-07-25,nosa_02,interior,https://www.inaturalist.org/observations/384913729
COL_ANURA_0030,Dendropsophus ebraccatus,383676742,6.2184879931,-74.9195953339,24,2026-07-20,laingjoe,interior,https://www.inaturalist.org/observations/383676742
COL_ANURA_0030,Dendropsophus ebraccatus,366453847,7.8888562278,-76.5388572961,24,2026-05-28,sarith_pabon25,interior,https://www.inaturalist.org/observations/366453847
COL_ANURA_0030,Dendropsophus ebraccatus,364139583,8.500704949,-76.5542152897,8,2026-05-22,edison32054,interior,https://www.inaturalist.org/observations/364139583
COL_ANURA_0030,Dendropsophus ebraccatus,364138941,8.5006966592,-76.5536332503,7,2026-04-30,edison32054,interior,https://www.inaturalist.org/observations/364138941
COL_ANURA_0030,Dendropsophus ebraccatus,359049103,7.7506850206,-76.652665101,7,,ever_piragua,interior,https://www.inaturalist.org/observations/359049103
COL_ANURA_0030,Dendropsophus ebraccatus,358968619,7.8471037784,-76.7395891249,484,2026-05-06,andry_marcela,interior,https://www.inaturalist.org/observations/358968619
COL_ANURA_0030,Dendropsophus ebraccatus,356305720,7.8854000161,-76.5587509051,15,2026-04-28,doris_elena1,interior,https://www.inaturalist.org/observations/356305720
COL_ANURA_0030,Dendropsophus ebraccatus,354661041,7.6645453336,-76.6774845868,1568,2026-04-26,yeniffer6,interior,https://www.inaturalist.org/observations/354661041
COL_ANURA_0030,Dendropsophus ebraccatus,354110354,7.8376805,-76.77471145,3042,2026-04-25,luz_danis,interior,https://www.inaturalist.org/observations/354110354
COL_ANURA_0030,Dendropsophus ebraccatus,354100569,7.8376805,-76.77471145,3042,2026-04-25,sirly06,interior,https://www.inaturalist.org/observations/354100569
COL_ANURA_0030,Dendropsophus ebraccatus,353133359,7.109463391,-75.5523750186,64,2026-04-22,nosa_02,interior,https://www.inaturalist.org/observations/353133359
COL_ANURA_0030,Dendropsophus ebraccatus,353007644,7.8229606,-76.6455351,,2026-03-11,jhon_mario8,interior,https://www.inaturalist.org/observations/353007644
COL_ANURA_0030,Dendropsophus ebraccatus,350660287,7.6798369509,-76.7615051195,8,2026-04-15,mildreye,interior,https://www.inaturalist.org/observations/350660287
COL_ANURA_0030,Dendropsophus ebraccatus,350406034,5.8621724977,-74.9234905466,211,2026-04-16,danna75364,interior,https://www.inaturalist.org/observations/350406034
COL_ANURA_0030,Dendropsophus ebraccatus,350392305,7.1274294162,-75.515740402,12,2026-04-15,nosa_02,interior,https://www.inaturalist.org/observations/350392305
COL_ANURA_0030,Dendropsophus ebraccatus,349627054,7.2448991043,-76.4386818185,868,2026-04-13,yurani47659,interior,https://www.inaturalist.org/observations/349627054
COL_ANURA_0030,Dendropsophus ebraccatus,349088416,7.864661,-76.584119,84,2026-04-09,ingrid_johana2,interior,https://www.inaturalist.org/observations/349088416
COL_ANURA_0030,Dendropsophus ebraccatus,345787494,8.4854633148,-76.5538350865,5,2026-03-28,catalina30857,interior,https://www.inaturalist.org/observations/345787494
COL_ANURA_0030,Dendropsophus ebraccatus,345304081,7.8647089689,-76.5841162205,224,2026-03-26,lina_florez,interior,https://www.inaturalist.org/observations/345304081
COL_ANURA_0030,Dendropsophus ebraccatus,345113252,5.8785338851,-74.8646401986,211,2026-03-25,urias_salomon,interior,https://www.inaturalist.org/observations/345113252
COL_ANURA_0030,Dendropsophus ebraccatus,343172365,6.0259027778,-74.8113333333,5,2025-08-15,asi08,interior,https://www.inaturalist.org/observations/343172365
COL_ANURA_0030,Dendropsophus ebraccatus,342662023,8.5216875665,-76.5310782194,211,2026-02-28,sirlyssantacruz2007,interior,https://www.inaturalist.org/observations/342662023
COL_ANURA_0030,Dendropsophus ebraccatus,342513036,7.8647089689,-76.5841162205,224,2024-02-10,lina_florez,interior,https://www.inaturalist.org/observations/342513036
COL_ANURA_0030,Dendropsophus ebraccatus,342252951,7.7899039947,-76.6543780285,4245,2026-03-07,isabelmontoya,interior,https://www.inaturalist.org/observations/342252951
COL_ANURA_0030,Dendropsophus ebraccatus,342083301,7.6724216667,-76.6845083333,17,2026-03-09,monicamestra_,interior,https://www.inaturalist.org/observations/342083301
COL_ANURA_0030,Dendropsophus ebraccatus,340165346,5.862045759,-74.8703844845,224,2026-01-27,emanuel34736,interior,https://www.inaturalist.org/observations/340165346
COL_ANURA_0030,Dendropsophus ebraccatus,339182743,6.518693804,-74.7628295806,2,2019-05-05,khristimantis,interior,https://www.inaturalist.org/observations/339182743
COL_ANURA_0030,Dendropsophus ebraccatus,339182742,6.5244051591,-74.6192823935,,2019-05-04,khristimantis,interior,https://www.inaturalist.org/observations/339182742
COL_ANURA_0030,Dendropsophus ebraccatus,336621902,7.3340162374,-76.4843387157,154,2026-01-29,andres_2009,interior,https://www.inaturalist.org/observations/336621902
COL_ANURA_0030,Dendropsophus ebraccatus,336438852,7.7731666667,-76.66307,3,2026-01-28,sergiopenagos,interior,https://www.inaturalist.org/observations/336438852
COL_ANURA_0030,Dendropsophus ebraccatus,336409801,7.864661,-76.584119,84,2026-01-27,yasmin8564,interior,https://www.inaturalist.org/observations/336409801
COL_ANURA_0030,Dendropsophus ebraccatus,336320567,7.81274,-76.61833,50,2024-08-31,felipe_barrerao,interior,https://www.inaturalist.org/observations/336320567
COL_ANURA_0030,Dendropsophus ebraccatus,335882023,7.7729941917,-76.665349263,8,2025-07-15,alexcamano12,interior,https://www.inaturalist.org/observations/335882023
COL_ANURA_0030,Dendropsophus ebraccatus,335882022,7.7732126298,-76.6654637246,4,2025-07-15,alexcamano12,interior,https://www.inaturalist.org/observations/335882022
COL_ANURA_0030,Dendropsophus ebraccatus,335882021,7.7729710422,-76.6653672493,8,2025-07-15,alexcamano12,interior,https://www.inaturalist.org/observations/335882021
COL_ANURA_0030,Dendropsophus ebraccatus,325926255,7.9010033333,-76.6094583333,4,2025-11-03,pgkaestner,interior,https://www.inaturalist.org/observations/325926255
COL_ANURA_0030,Dendropsophus ebraccatus,325360300,5.7546678121,-75.677590929,5,2025-11-07,sebastian1145,interior,https://www.inaturalist.org/observations/325360300
COL_ANURA_0030,Dendropsophus ebraccatus,321092010,6.4858308806,-75.0196229294,759,,andrea69331,interior,https://www.inaturalist.org/observations/321092010
COL_ANURA_0030,Dendropsophus ebraccatus,320249807,5.9033937213,-74.8564433679,196,,greivin14301,interior,https://www.inaturalist.org/observations/320249807
COL_ANURA_0030,Dendropsophus ebraccatus,316145005,7.6574216667,-76.70903,3,2025-09-22,molinacjose,interior,https://www.inaturalist.org/observations/316145005
COL_ANURA_0030,Dendropsophus ebraccatus,313016758,7.6582666667,-76.7084583333,25,2025-09-09,molinacjose,interior,https://www.inaturalist.org/observations/313016758
COL_ANURA_0030,Dendropsophus ebraccatus,309029840,5.8542424435,-74.9332744067,,2025-08-22,sebasmc_foto,interior,https://www.inaturalist.org/observations/309029840
COL_ANURA_0030,Dendropsophus ebraccatus,305860827,6.6109483152,-74.6408473976,48,2025-08-12,heydamacea,interior,https://www.inaturalist.org/observations/305860827
COL_ANURA_0030,Dendropsophus ebraccatus,299199085,7.77413,-76.6635757,179,2025-07-16,juand20,interior,https://www.inaturalist.org/observations/299199085
COL_ANURA_0030,Dendropsophus ebraccatus,273528308,7.6702106826,-76.6921643168,50,2025-04-21,yeissi,interior,https://www.inaturalist.org/observations/273528308
COL_ANURA_0030,Dendropsophus ebraccatus,273483367,7.7693410257,-76.6784278732,8,2025-02-27,alexcamano12,interior,https://www.inaturalist.org/observations/273483367
COL_ANURA_0030,Dendropsophus ebraccatus,264099610,7.1902350832,-76.3842845098,330,2025-02-04,benoit_segerer,interior,https://www.inaturalist.org/observations/264099610
COL_ANURA_0030,Dendropsophus ebraccatus,263757478,7.7585324,-76.6573344,,2025-02-27,damarinzu,interior,https://www.inaturalist.org/observations/263757478
COL_ANURA_0030,Dendropsophus ebraccatus,262129318,7.7782840997,-76.8742502,,2025-02-10,mario_cuervo,interior,https://www.inaturalist.org/observations/262129318
COL_ANURA_0030,Dendropsophus ebraccatus,260664144,7.185754,-76.3756089722,,2025-02-04,fabnaturalist,interior,https://www.inaturalist.org/observations/260664144
COL_ANURA_0030,Dendropsophus ebraccatus,256882494,7.755354,-76.655431,1288,2023-12-18,practicante_sp,interior,https://www.inaturalist.org/observations/256882494
COL_ANURA_0030,Dendropsophus ebraccatus,238070715,6.3106474652,-75.0645720586,9,2024-08-25,juandelgado_sib,interior,https://www.inaturalist.org/observations/238070715
COL_ANURA_0030,Dendropsophus ebraccatus,217302128,7.127136653,-75.5154825747,6,2024-05-21,nosa_02,interior,https://www.inaturalist.org/observations/217302128
COL_ANURA_0030,Dendropsophus ebraccatus,192950045,6.4853165272,-74.8308832571,680,2023-10-20,angeldam,interior,https://www.inaturalist.org/observations/192950045
COL_ANURA_0030,Dendropsophus ebraccatus,186328242,8.4918801683,-76.7334478721,8,2022-12-30,andres_luiz,interior,https://www.inaturalist.org/observations/186328242
COL_ANURA_0030,Dendropsophus ebraccatus,181631182,5.931948,-74.813451,184,2022-07-13,ivanlau,interior,https://www.inaturalist.org/observations/181631182
COL_ANURA_0030,Dendropsophus ebraccatus,167189320,7.1308534008,-75.5143168196,9,2023-05-23,alejandro_nohava,interior,https://www.inaturalist.org/observations/167189320
COL_ANURA_0030,Dendropsophus ebraccatus,161729481,7.77413,-76.6635757,2016,2023-05-11,julianbiol,interior,https://www.inaturalist.org/observations/161729481
COL_ANURA_0030,Dendropsophus ebraccatus,160974239,6.5768261625,-75.2098341286,211,2023-04-02,santiago_pineda,interior,https://www.inaturalist.org/observations/160974239
COL_ANURA_0030,Dendropsophus ebraccatus,160637945,6.5768261625,-75.2098341286,211,2023-04-02,santiago_pineda,interior,https://www.inaturalist.org/observations/160637945
COL_ANURA_0030,Dendropsophus ebraccatus,156488727,6.5644259661,-75.1988366499,395,2022-05-11,mateogarciameja,interior,https://www.inaturalist.org/observations/156488727
COL_ANURA_0030,Dendropsophus ebraccatus,154047599,6.5735106244,-75.2077731453,99,2023-04-02,edmundocat,interior,https://www.inaturalist.org/observations/154047599
COL_ANURA_0030,Dendropsophus ebraccatus,154045241,6.5733866428,-75.2076964184,75,2023-04-02,edmundocat,interior,https://www.inaturalist.org/observations/154045241
COL_ANURA_0030,Dendropsophus ebraccatus,152784239,7.0797784202,-74.7004373744,1701,2022-10-01,natalia464,interior,https://www.inaturalist.org/observations/152784239
COL_ANURA_0030,Dendropsophus ebraccatus,149936204,5.9319335075,-74.8131294799,4,2023-01-27,eumomota76,interior,https://www.inaturalist.org/observations/149936204
COL_ANURA_0030,Dendropsophus ebraccatus,145509371,6.9541030413,-74.8921193471,1434,2022-07-10,estebanalzate,interior,https://www.inaturalist.org/observations/145509371
COL_ANURA_0030,Dendropsophus ebraccatus,145275474,6.2531755329,-75.0130064811,186,2022-11-03,ximenabe,interior,https://www.inaturalist.org/observations/145275474
COL_ANURA_0030,Dendropsophus ebraccatus,141926958,6.308416,-74.987475,8300,2022-11-04,manuelaml,interior,https://www.inaturalist.org/observations/141926958
COL_ANURA_0030,Dendropsophus ebraccatus,136583402,7.7749195268,-76.6676101677,288,2022-09-16,sesernam,interior,https://www.inaturalist.org/observations/136583402
COL_ANURA_0030,Dendropsophus ebraccatus,135619537,7.5717066469,-75.356907025,9339,,baldemarthanus,interior,https://www.inaturalist.org/observations/135619537
COL_ANURA_0030,Dendropsophus ebraccatus,132199674,6.8006259925,-74.2064868067,4,2021-04-17,pedrojosecardonacamacho,interior,https://www.inaturalist.org/observations/132199674
COL_ANURA_0030,Dendropsophus ebraccatus,132199668,6.8006180025,-74.2064841245,4,2021-04-17,pedrojosecardonacamacho,interior,https://www.inaturalist.org/observations/132199668
COL_ANURA_0030,Dendropsophus ebraccatus,132199664,6.8006013566,-74.2064892441,4,2021-04-17,pedrojosecardonacamacho,interior,https://www.inaturalist.org/observations/132199664
COL_ANURA_0030,Dendropsophus ebraccatus,132199661,6.8006213317,-74.2064887545,4,2021-04-17,pedrojosecardonacamacho,interior,https://www.inaturalist.org/observations/132199661
COL_ANURA_0030,Dendropsophus ebraccatus,132199660,6.80062,-74.20647,3,2021-04-17,pedrojosecardonacamacho,interior,https://www.inaturalist.org/observations/132199660
COL_ANURA_0030,Dendropsophus ebraccatus,121536144,8.4830884933,-76.3626785278,,2021-11-22,angevitru,interior,https://www.inaturalist.org/observations/121536144
COL_ANURA_0030,Dendropsophus ebraccatus,116656296,6.252265,-75.0149797167,,2010-01-01,samuelcossio,interior,https://www.inaturalist.org/observations/116656296
COL_ANURA_0030,Dendropsophus ebraccatus,115811688,6.9228003,-74.7301797,,2022-05-01,camiloalejandro,interior,https://www.inaturalist.org/observations/115811688
COL_ANURA_0030,Dendropsophus ebraccatus,110256438,7.77413,-76.6635757,2016,2022-03-27,julianbiol,interior,https://www.inaturalist.org/observations/110256438
COL_ANURA_0030,Dendropsophus ebraccatus,92693795,7.23465,-76.440383,,2020-08-09,marleytgr,interior,https://www.inaturalist.org/observations/92693795
COL_ANURA_0030,Dendropsophus ebraccatus,85298090,7.5790289808,-75.3495450318,941,2021-07-01,brayan_atehortua,interior,https://www.inaturalist.org/observations/85298090
COL_ANURA_0030,Dendropsophus ebraccatus,82064219,7.5790582273,-75.3495450318,943,2021-04-11,brayan_atehortua,interior,https://www.inaturalist.org/observations/82064219
COL_ANURA_0030,Dendropsophus ebraccatus,78337493,6.78644,-74.223868,,2021-03-21,srosado,interior,https://www.inaturalist.org/observations/78337493
COL_ANURA_0030,Dendropsophus ebraccatus,64820306,8.4755571219,-76.3426959515,675,,angevitru,interior,https://www.inaturalist.org/observations/64820306
COL_ANURA_0030,Dendropsophus ebraccatus,61684726,7.7865794457,-76.8913709964,1036,2020-10-04,suriki,interior,https://www.inaturalist.org/observations/61684726
COL_ANURA_0030,Dendropsophus ebraccatus,60492209,6.4552356,-74.7912298,211,2019-05-17,estebanalzate,interior,https://www.inaturalist.org/observations/60492209
COL_ANURA_0030,Dendropsophus ebraccatus,60490687,6.4552356,-74.7912298,211,2017-11-16,estebanalzate,interior,https://www.inaturalist.org/observations/60490687
COL_ANURA_0030,Dendropsophus ebraccatus,39354941,6.4553536575,-74.7914235937,,2019-05-04,khristimantis,interior,https://www.inaturalist.org/observations/39354941
COL_ANURA_0030,Dendropsophus ebraccatus,39354938,6.5089538641,-74.7785534172,,2019-05-04,khristimantis,interior,https://www.inaturalist.org/observations/39354938
COL_ANURA_0030,Dendropsophus ebraccatus,34013168,6.387675,-74.4484633333,10,2019-10-05,cristhian19,interior,https://www.inaturalist.org/observations/34013168
COL_ANURA_0030,Dendropsophus ebraccatus,25388980,6.3184826157,-74.931454226,,2017-08-28,microteiido,interior,https://www.inaturalist.org/observations/25388980
COL_ANURA_0030,Dendropsophus ebraccatus,24956357,6.455236,-74.79123,1026,2019-05-04,khristimantis,interior,https://www.inaturalist.org/observations/24956357
COL_ANURA_0030,Dendropsophus ebraccatus,23058990,6.4552356,-74.7912298,505,2015-09-19,dsernag94,interior,https://www.inaturalist.org/observations/23058990
COL_ANURA_0030,Dendropsophus ebraccatus,18810876,7.7741728695,-76.6635762071,1,2015-07-22,wilmar_agudelo,interior,https://www.inaturalist.org/observations/18810876
COL_ANURA_0030,Dendropsophus ebraccatus,18571870,6.4609070382,-74.7916421568,52,2018-10-05,dbocanumenthe,interior,https://www.inaturalist.org/observations/18571870
COL_ANURA_0030,Dendropsophus ebraccatus,18058966,6.4605769548,-74.7917388737,100,2018-10-03,dbocanumenthe,interior,https://www.inaturalist.org/observations/18058966
COL_ANURA_0030,Dendropsophus ebraccatus,9913274,6.077912848,-74.7957801819,122,2015-12-19,estebanalzate,interior,https://www.inaturalist.org/observations/9913274
COL_ANURA_0030,Dendropsophus ebraccatus,9913146,6.0772300618,-74.7923469543,122,2015-12-18,estebanalzate,interior,https://www.inaturalist.org/observations/9913146
COL_ANURA_0030,Dendropsophus ebraccatus,9911135,6.4567867461,-74.7920036316,31,2017-05-18,estebanalzate,interior,https://www.inaturalist.org/observations/9911135
COL_ANURA_0030,Dendropsophus ebraccatus,9141566,6.5811278,-75.1963444444,,2014-08-14,microteiido,interior,https://www.inaturalist.org/observations/9141566
COL_ANURA_0030,Dendropsophus ebraccatus,42813,6.6100440932,-75.201587677,,2011-07-06,felipe_duarte,interior,http://www.inaturalist.org/observations/42813
COL_ANURA_0006,Craugastor raniformis,389903053,7.943355,-76.6062866667,4,2026-08-09,brand2330,interior,https://www.inaturalist.org/observations/389903053
COL_ANURA_0006,Craugastor raniformis,389207362,7.9449616667,-76.6012366667,4,2026-08-07,brand2330,interior,https://www.inaturalist.org/observations/389207362
COL_ANURA_0006,Craugastor raniformis,386385843,6.8386863171,-74.5341524408,211,2023-04-26,sol_valentina,interior,https://www.inaturalist.org/observations/386385843
COL_ANURA_0006,Craugastor raniformis,380808941,7.5269133333,-76.563545,13,2026-07-11,brand2330,interior,https://www.inaturalist.org/observations/380808941
COL_ANURA_0006,Craugastor raniformis,367619551,7.8647089689,-76.5841162205,224,2026-06-01,luisa45518,interior,https://www.inaturalist.org/observations/367619551
COL_ANURA_0006,Craugastor raniformis,363826238,7.791034688,-76.5519531816,6,2026-05-21,darlisc,interior,https://www.inaturalist.org/observations/363826238
COL_ANURA_0006,Craugastor raniformis,359394904,7.8847228516,-76.5591813996,6,2026-05-07,luis_felipe35844,interior,https://www.inaturalist.org/observations/359394904
COL_ANURA_0006,Craugastor raniformis,359394644,7.8851878,-76.558494,132,2026-05-07,luis_felipe35844,interior,https://www.inaturalist.org/observations/359394644
COL_ANURA_0006,Craugastor raniformis,359388434,7.8851987,-76.5585041,45,2026-05-07,luis_felipe35844,interior,https://www.inaturalist.org/observations/359388434
COL_ANURA_0006,Craugastor raniformis,358780115,7.8847238479,-76.5590979159,15,2026-05-05,luis_felipe35844,interior,https://www.inaturalist.org/observations/358780115
COL_ANURA_0006,Craugastor raniformis,356582551,7.8825311111,-76.5675441667,,2026-04-29,yenifer84258,interior,https://www.inaturalist.org/observations/356582551
COL_ANURA_0006,Craugastor raniformis,349166009,7.7932555556,-76.5516277778,,2026-03-09,franyer_bladimi,interior,https://www.inaturalist.org/observations/349166009
COL_ANURA_0006,Craugastor raniformis,348711335,7.8850986111,-76.5636461111,,2026-04-09,yenifer84258,interior,https://www.inaturalist.org/observations/348711335
COL_ANURA_0006,Craugastor raniformis,345355812,6.5121509457,-74.8981413816,1711,2026-02-10,santiagovarelaf,interior,https://www.inaturalist.org/observations/345355812
COL_ANURA_0006,Craugastor raniformis,344257273,7.8647089689,-76.5841162205,224,2026-03-20,antonio15235,interior,https://www.inaturalist.org/observations/344257273
COL_ANURA_0006,Craugastor raniformis,343010787,7.8618845,-76.541319,757,2026-03-13,vanessa-13,interior,https://www.inaturalist.org/observations/343010787
COL_ANURA_0006,Craugastor raniformis,342006851,7.8887997222,-76.5342997222,,2026-03-08,sarith_pabon25,interior,https://www.inaturalist.org/observations/342006851
COL_ANURA_0006,Craugastor raniformis,341530478,7.9023116667,-76.6083533333,13,2026-03-05,deisyacero,interior,https://www.inaturalist.org/observations/341530478
COL_ANURA_0006,Craugastor raniformis,341529337,7.9010083333,-76.6094366667,4,2026-03-05,deisyacero,interior,https://www.inaturalist.org/observations/341529337
COL_ANURA_0006,Craugastor raniformis,340885714,7.791034688,-76.5519531816,6,2026-03-01,darlisc,interior,https://www.inaturalist.org/observations/340885714
COL_ANURA_0006,Craugastor raniformis,340787146,7.791034688,-76.5519531816,6,2026-03-01,darlisc,interior,https://www.inaturalist.org/observations/340787146
COL_ANURA_0006,Craugastor raniformis,340771248,7.8824263084,-76.5601517347,377,2026-02-28,luisa45518,interior,https://www.inaturalist.org/observations/340771248
COL_ANURA_0006,Craugastor raniformis,340718248,7.8647089689,-76.5841162205,224,2026-02-28,karina70111,interior,https://www.inaturalist.org/observations/340718248
COL_ANURA_0006,Craugastor raniformis,340717714,7.8647089689,-76.5841162205,224,2026-02-28,karina70111,interior,https://www.inaturalist.org/observations/340717714
COL_ANURA_0006,Craugastor raniformis,340649798,8.7545286124,-76.531082578,217,2026-02-28,deina2,interior,https://www.inaturalist.org/observations/340649798
COL_ANURA_0006,Craugastor raniformis,339807948,7.7908788949,-76.5519209951,8,2026-02-11,darlisc,interior,https://www.inaturalist.org/observations/339807948
COL_ANURA_0006,Craugastor raniformis,339517999,7.8830500404,-76.5585331181,2755,2026-02-20,luisa45518,interior,https://www.inaturalist.org/observations/339517999
COL_ANURA_0006,Craugastor raniformis,339514619,7.8647089689,-76.5841162205,224,2026-02-20,antonio15235,interior,https://www.inaturalist.org/observations/339514619
COL_ANURA_0006,Craugastor raniformis,338023837,7.7911230482,-76.5519625694,6,2026-02-09,darlisc,interior,https://www.inaturalist.org/observations/338023837
COL_ANURA_0006,Craugastor raniformis,338023770,7.7910858439,-76.5519397706,6,2026-02-09,darlisc,interior,https://www.inaturalist.org/observations/338023770
COL_ANURA_0006,Craugastor raniformis,338019969,7.7911157402,-76.551970616,6,2026-02-09,darlisc,interior,https://www.inaturalist.org/observations/338019969
COL_ANURA_0006,Craugastor raniformis,336522407,7.7872833487,-76.5488414839,6,2026-01-28,darlisc,interior,https://www.inaturalist.org/observations/336522407
COL_ANURA_0006,Craugastor raniformis,336415573,7.8829922,-76.5630919,500,2026-01-27,isaias46353,interior,https://www.inaturalist.org/observations/336415573
COL_ANURA_0006,Craugastor raniformis,336407645,7.8845850833,-76.5592844,1,2026-01-27,luis_felipe35844,interior,https://www.inaturalist.org/observations/336407645
COL_ANURA_0006,Craugastor raniformis,336407513,7.88451305,-76.5593016333,1,2026-01-27,luis_felipe35844,interior,https://www.inaturalist.org/observations/336407513
COL_ANURA_0006,Craugastor raniformis,336303779,7.7909489852,-76.5517805144,6,2026-01-26,darlisc,interior,https://www.inaturalist.org/observations/336303779
COL_ANURA_0006,Craugastor raniformis,335882036,7.7733476267,-76.6701322435,31,2025-07-16,alexcamano12,interior,https://www.inaturalist.org/observations/335882036
COL_ANURA_0006,Craugastor raniformis,335882024,7.7725626563,-76.6673898507,8,2025-07-15,alexcamano12,interior,https://www.inaturalist.org/observations/335882024
COL_ANURA_0006,Craugastor raniformis,308838224,7.8742338236,-76.6210559638,8,2025-08-22,juancamilousuga-f,interior,https://www.inaturalist.org/observations/308838224
COL_ANURA_0006,Craugastor raniformis,299195496,7.77413,-76.6635757,179,2025-07-16,juand20,interior,https://www.inaturalist.org/observations/299195496
COL_ANURA_0006,Craugastor raniformis,272204802,7.7960166667,-76.6484616667,4,2025-04-21,juanes0812,interior,https://www.inaturalist.org/observations/272204802
COL_ANURA_0006,Craugastor raniformis,264000004,7.189923469,-76.3804283207,534,2025-02-03,benoit_segerer,interior,https://www.inaturalist.org/observations/264000004
COL_ANURA_0006,Craugastor raniformis,257167890,7.0810664896,-75.6916684531,122,2018-01-20,orlandopr,interior,https://www.inaturalist.org/observations/257167890
COL_ANURA_0006,Craugastor raniformis,254776316,7.7759796508,-76.6644769246,1138,2024-09-26,damarinzu,interior,https://www.inaturalist.org/observations/254776316
COL_ANURA_0006,Craugastor raniformis,252488160,7.1390981667,-75.5256805278,,2024-11-20,alejandro_nohava,interior,https://www.inaturalist.org/observations/252488160
COL_ANURA_0006,Craugastor raniformis,232623982,7.81782,-76.61784,50,2023-12-14,felipe_barrerao,interior,https://www.inaturalist.org/observations/232623982
COL_ANURA_0006,Craugastor raniformis,232061221,7.895393,-76.641896,100,2023-12-12,felipe_barrerao,interior,https://www.inaturalist.org/observations/232061221
COL_ANURA_0006,Craugastor raniformis,232060520,7.895977,-76.642562,100,2023-12-12,felipe_barrerao,interior,https://www.inaturalist.org/observations/232060520
COL_ANURA_0006,Craugastor raniformis,208387625,6.0134462481,-75.0694379671,12,2024-04-20,alejandro145,interior,https://www.inaturalist.org/observations/208387625
COL_ANURA_0006,Craugastor raniformis,208386356,6.01347937,-75.0691948076,24,2024-04-20,catalina53557,interior,https://www.inaturalist.org/observations/208386356
COL_ANURA_0006,Craugastor raniformis,197755482,6.6802266667,-74.787155,,2023-12-28,felipe_barrerao,interior,https://www.inaturalist.org/observations/197755482
COL_ANURA_0006,Craugastor raniformis,197752845,6.7238799,-74.8073938,,2023-12-30,felipe_barrerao,interior,https://www.inaturalist.org/observations/197752845
COL_ANURA_0006,Craugastor raniformis,191429258,5.9214713,-74.8360998,216,2023-11-18,juand20,interior,https://www.inaturalist.org/observations/191429258
COL_ANURA_0006,Craugastor raniformis,156919948,7.7559153518,-76.6374599934,71,2021-08-28,carlosbranun,interior,https://www.inaturalist.org/observations/156919948
COL_ANURA_0006,Craugastor raniformis,149652896,6.9405538558,-75.657970523,,2023-01-29,dbocanumenthe,interior,https://www.inaturalist.org/observations/149652896
COL_ANURA_0006,Craugastor raniformis,149652868,6.9473196936,-75.6257464141,,2023-01-28,dbocanumenthe,interior,https://www.inaturalist.org/observations/149652868
COL_ANURA_0006,Craugastor raniformis,149652818,6.8368398106,-75.6927033386,,2023-01-27,dbocanumenthe,interior,https://www.inaturalist.org/observations/149652818
COL_ANURA_0006,Craugastor raniformis,149652775,6.9930341625,-75.7910017847,,2023-01-26,dbocanumenthe,interior,https://www.inaturalist.org/observations/149652775
COL_ANURA_0006,Craugastor raniformis,135726788,7.772906869,-76.6626596459,31,2022-09-16,camiloalejandro,interior,https://www.inaturalist.org/observations/135726788
COL_ANURA_0006,Craugastor raniformis,126938057,5.8000619753,-74.8366968875,406,2020-10-08,jhevolution,interior,https://www.inaturalist.org/observations/126938057
COL_ANURA_0006,Craugastor raniformis,123749125,6.4552356,-74.7912298,211,2022-06-25,juand20,interior,https://www.inaturalist.org/observations/123749125
COL_ANURA_0006,Craugastor raniformis,122013915,8.0138650448,-76.642941343,4,2022-06-14,julian_arango_lozano,interior,https://www.inaturalist.org/observations/122013915
COL_ANURA_0006,Craugastor raniformis,113248342,6.8592783333,-74.5034466667,8,2022-04-22,juanforero95,interior,https://www.inaturalist.org/observations/113248342
COL_ANURA_0006,Craugastor raniformis,110256445,7.77413,-76.6635757,2016,2022-03-31,julianbiol,interior,https://www.inaturalist.org/observations/110256445
COL_ANURA_0006,Craugastor raniformis,108242324,7.7555802492,-76.6371891453,48,2022-01-22,josh_vandermeulen,interior,https://www.inaturalist.org/observations/108242324
COL_ANURA_0006,Craugastor raniformis,85116277,6.4067202428,-76.285671182,1850,2021-06-25,yojancvargas,interior,https://www.inaturalist.org/observations/85116277
COL_ANURA_0006,Craugastor raniformis,80441309,7.0797435,-74.7004374,1701,2021-04-18,lilis198,interior,https://www.inaturalist.org/observations/80441309
COL_ANURA_0006,Craugastor raniformis,63660088,7.0956901835,-75.4268457978,,2020-07-21,khristimantis,interior,https://www.inaturalist.org/observations/63660088
COL_ANURA_0006,Craugastor raniformis,50480476,6.3887030936,-76.1442932859,2104,2019-11-29,yojancvargas,interior,https://www.inaturalist.org/observations/50480476
COL_ANURA_0006,Craugastor raniformis,39293820,5.8922280363,-74.8571409988,607,2020-02-22,josh_vandermeulen,interior,https://www.inaturalist.org/observations/39293820
COL_ANURA_0006,Craugastor raniformis,36203597,5.9124999046,-74.8561096191,,2019-11-29,angelicamariabatistamorales,interior,https://www.inaturalist.org/observations/36203597
COL_ANURA_0006,Craugastor raniformis,34532535,7.77404356,-76.6635818481,,2019-09-01,danielasalazarsuaza,interior,https://www.inaturalist.org/observations/34532535
COL_ANURA_0006,Craugastor raniformis,33875957,7.5312435785,-76.5819294649,65,2019-09-02,khristimantis,interior,https://www.inaturalist.org/observations/33875957
COL_ANURA_0006,Craugastor raniformis,27600346,6.7169466218,-76.2771022112,200,2019-05-02,dbocanumenthe,interior,https://www.inaturalist.org/observations/27600346
COL_ANURA_0006,Craugastor raniformis,18665596,6.9576215744,-74.756652832,,2018-11-19,wilmar_agudelo,interior,https://www.inaturalist.org/observations/18665596
COL_ANURA_0006,Craugastor raniformis,12365395,5.8623616,-74.870529,211,2018-04-14,angelarh-19,interior,https://www.inaturalist.org/observations/12365395
COL_ANURA_0006,Craugastor raniformis,11081253,5.859202,-74.866439,,2018-04-13,microteiido,interior,https://www.inaturalist.org/observations/11081253
COL_ANURA_0006,Craugastor raniformis,11081250,5.862924,-74.869292,,2018-04-13,microteiido,interior,https://www.inaturalist.org/observations/11081250
COL_ANURA_0006,Craugastor raniformis,9913273,6.0782542408,-74.7938919067,122,2015-12-19,estebanalzate,interior,https://www.inaturalist.org/observations/9913273
COL_ANURA_0006,Craugastor raniformis,9912805,6.0765472747,-74.7854804993,207,2015-12-16,estebanalzate,interior,https://www.inaturalist.org/observations/9912805
COL_ANURA_0006,Craugastor raniformis,9759126,7.0893942553,-75.0700950623,122,2012-05-12,estebanalzate,interior,https://www.inaturalist.org/observations/9759126
COL_ANURA_0006,Craugastor raniformis,9759092,7.0903311738,-75.070438385,122,2012-05-12,estebanalzate,interior,https://www.inaturalist.org/observations/9759092
COL_ANURA_0006,Craugastor raniformis,9508614,6.8009722222,-74.6849361111,,2017-11-24,sebasdavilamv,interior,https://www.inaturalist.org/observations/9508614
COL_ANURA_0006,Craugastor raniformis,8360212,6.4023683522,-74.7076320648,122,2017-02-02,camilojotage,interior,https://www.inaturalist.org/observations/8360212
COL_ANURA_0006,Craugastor raniformis,8360211,6.3981888611,-74.7170734406,122,2017-02-02,camilojotage,interior,https://www.inaturalist.org/observations/8360211
COL_ANURA_0006,Craugastor raniformis,8193966,7.3668386212,-74.8157787323,61,2015-06-30,camilojotage,interior,https://www.inaturalist.org/observations/8193966
COL_ANURA_0006,Craugastor raniformis,6409233,5.88923,-74.85482,,2017-05-27,lascano_m,interior,http://colombia.inaturalist.org/observations/6409233
COL_ANURA_0006,Craugastor raniformis,5689995,5.8889138624,-74.857779848,122,2006-12-18,mateohernandezschmidt,interior,https://www.inaturalist.org/observations/5689995
COL_ANURA_0006,Craugastor raniformis,5689992,5.8885723513,-74.8574365252,122,2006-12-18,mateohernandezschmidt,interior,https://www.inaturalist.org/observations/5689992
COL_ANURA_0006,Craugastor raniformis,5689458,5.8920780164,-74.8555183411,122,2009-06-30,mateohernandezschmidt,interior,https://www.inaturalist.org/observations/5689458
COL_ANURA_0006,Craugastor raniformis,888712,5.833367,-74.866687,211,2014-08-16,laurarubiorocha,interior,http://www.inaturalist.org/observations/888712
COL_ANURA_0006,Craugastor raniformis,796096,5.970164,-75.11763,807,2013-01-08,estebanalzate,interior,http://conabio.inaturalist.org/observations/796096
COL_ANURA_0006,Craugastor raniformis,796095,5.970164,-75.11763,807,2013-01-08,estebanalzate,interior,http://conabio.inaturalist.org/observations/796095
COL_ANURA_0006,Craugastor raniformis,467862,6.404759,-76.290101,965,2013-06-26,estebanalzate,interior,http://www.inaturalist.org/observations/467862
COL_ANURA_0006,Craugastor raniformis,41616,7.78583303,-76.6787338257,,,jhon_sarria,interior,http://www.inaturalist.org/observations/41616
COL_ANURA_0032,Dendropsophus microcephalus,365753665,7.9053185843,-76.7077556625,5,2026-05-27,alexvillalupe,interior,https://www.inaturalist.org/observations/365753665
COL_ANURA_0032,Dendropsophus microcephalus,361164522,8.4753369298,-76.5580347553,1315,2026-05-12,catalina30857,interior,https://www.inaturalist.org/observations/361164522
COL_ANURA_0032,Dendropsophus microcephalus,359048171,8.1273647222,-76.6968766667,,2026-05-05,diego200803,interior,https://www.inaturalist.org/observations/359048171
COL_ANURA_0032,Dendropsophus microcephalus,353235007,8.0009312,-76.624324,,2026-04-24,wendy1125,interior,https://www.inaturalist.org/observations/353235007
COL_ANURA_0032,Dendropsophus microcephalus,352304112,8.1394630556,-76.72167,,2026-04-14,ingrid22711,interior,https://www.inaturalist.org/observations/352304112
COL_ANURA_0032,Dendropsophus microcephalus,352003395,8.5188047222,-76.5266763889,,2026-04-19,donadis,interior,https://www.inaturalist.org/observations/352003395
COL_ANURA_0032,Dendropsophus microcephalus,350685040,8.1274247222,-76.6970063889,,2026-04-17,kiarayu2020,interior,https://www.inaturalist.org/observations/350685040
COL_ANURA_0032,Dendropsophus microcephalus,348303885,8.1363791736,-76.550514847,1620,,katalina18715,interior,https://www.inaturalist.org/observations/348303885
COL_ANURA_0032,Dendropsophus microcephalus,346502092,8.0665894748,-76.7155536254,868,2026-03-31,carlosnobles,interior,https://www.inaturalist.org/observations/346502092
COL_ANURA_0032,Dendropsophus microcephalus,344885748,8.0635455748,-76.7015074255,376,2026-03-24,carlosnobles,interior,https://www.inaturalist.org/observations/344885748
COL_ANURA_0032,Dendropsophus microcephalus,344412776,8.0749283433,-76.7182905109,1907,2026-03-17,carlosnobles,interior,https://www.inaturalist.org/observations/344412776
COL_ANURA_0032,Dendropsophus microcephalus,343568728,7.4591321166,-76.6896145418,100,2026-03-12,ludysyanes09,interior,https://www.inaturalist.org/observations/343568728
COL_ANURA_0032,Dendropsophus microcephalus,341576241,7.2759434871,-76.5637552062,212,2026-03-06,juberlys_renteria,interior,https://www.inaturalist.org/observations/341576241
COL_ANURA_0032,Dendropsophus microcephalus,341529062,7.9010116667,-76.6094583333,2,2026-03-05,deisyacero,interior,https://www.inaturalist.org/observations/341529062
COL_ANURA_0032,Dendropsophus microcephalus,339960359,8.6594818143,-76.8197246073,2,2023-12-05,khristimantis,frontera,https://www.inaturalist.org/observations/339960359
COL_ANURA_0032,Dendropsophus microcephalus,339499085,7.935279974,-76.7137366533,5,2026-01-24,yorleperez05,interior,https://www.inaturalist.org/observations/339499085
COL_ANURA_0032,Dendropsophus microcephalus,339483154,7.7961949722,-76.78775,,2026-02-20,andry_marcela,interior,https://www.inaturalist.org/observations/339483154
COL_ANURA_0032,Dendropsophus microcephalus,339208156,7.0722139977,-74.7984678743,2,2021-08-10,khristimantis,interior,https://www.inaturalist.org/observations/339208156
COL_ANURA_0032,Dendropsophus microcephalus,339208155,7.0548364512,-74.7798133714,2,2021-08-10,khristimantis,interior,https://www.inaturalist.org/observations/339208155
COL_ANURA_0032,Dendropsophus microcephalus,339208136,7.1374206817,-74.6351716511,2,2021-08-15,khristimantis,interior,https://www.inaturalist.org/observations/339208136
COL_ANURA_0032,Dendropsophus microcephalus,339208124,7.1567947033,-74.665255025,2,2021-08-15,khristimantis,interior,https://www.inaturalist.org/observations/339208124
COL_ANURA_0032,Dendropsophus microcephalus,339208122,7.1942273801,-74.7756742968,2,2021-08-15,khristimantis,interior,https://www.inaturalist.org/observations/339208122
COL_ANURA_0032,Dendropsophus microcephalus,339102711,8.5486433009,-76.6671892628,235,,farsuri,interior,https://www.inaturalist.org/observations/339102711
COL_ANURA_0032,Dendropsophus microcephalus,339097967,8.0847045,-76.7185368,30,2026-02-17,jannysescobar,interior,https://www.inaturalist.org/observations/339097967
COL_ANURA_0032,Dendropsophus microcephalus,336883162,8.1356632,-76.5505731,112,2026-01-31,katalina18715,interior,https://www.inaturalist.org/observations/336883162
COL_ANURA_0032,Dendropsophus microcephalus,336621845,7.9960853352,-76.6368290037,1707,2026-01-29,wendy9983,interior,https://www.inaturalist.org/observations/336621845
COL_ANURA_0032,Dendropsophus microcephalus,336320564,7.81276,-76.61827,50,2024-08-25,felipe_barrerao,interior,https://www.inaturalist.org/observations/336320564
COL_ANURA_0032,Dendropsophus microcephalus,335518778,7.7464906894,-76.7097449077,13,2026-01-20,karenvargas09,interior,https://www.inaturalist.org/observations/335518778
COL_ANURA_0032,Dendropsophus microcephalus,325116531,6.7876883333,-74.793945,4,2025-11-05,alexander_99,interior,https://www.inaturalist.org/observations/325116531
COL_ANURA_0032,Dendropsophus microcephalus,315717039,5.6632655,-75.7126178,,2025-09-21,cristian54262,interior,https://www.inaturalist.org/observations/315717039
COL_ANURA_0032,Dendropsophus microcephalus,315547824,7.7874643891,-76.7795359343,20,2025-09-21,camilo_laesperanzaviveros,interior,https://www.inaturalist.org/observations/315547824
COL_ANURA_0032,Dendropsophus microcephalus,307045159,7.8729873363,-76.6214147571,2,2025-08-14,juancamilousuga-f,interior,https://www.inaturalist.org/observations/307045159
COL_ANURA_0032,Dendropsophus microcephalus,299199760,7.77413,-76.6635757,179,2025-07-16,juand20,interior,https://www.inaturalist.org/observations/299199760
COL_ANURA_0032,Dendropsophus microcephalus,289878568,7.774357,-76.6641709722,,2025-06-13,vanevepi20,interior,https://www.inaturalist.org/observations/289878568
COL_ANURA_0032,Dendropsophus microcephalus,256178357,5.8355445339,-74.8324890006,3073,2024-12-12,zulma_correa,interior,https://www.inaturalist.org/observations/256178357
COL_ANURA_0032,Dendropsophus microcephalus,245138719,6.8464216667,-74.6578833333,,2024-10-01,oscarivanov,interior,https://www.inaturalist.org/observations/245138719
COL_ANURA_0032,Dendropsophus microcephalus,236001335,7.8027568997,-76.8110013797,,2024-03-07,stiven73831,interior,https://www.inaturalist.org/observations/236001335
COL_ANURA_0032,Dendropsophus microcephalus,232791996,7.8636976547,-76.6544789448,498,2024-07-30,hernan48598,interior,https://www.inaturalist.org/observations/232791996
COL_ANURA_0032,Dendropsophus microcephalus,231538320,7.7781353008,-76.8741905871,4,2024-07-05,smejiadu,interior,https://www.inaturalist.org/observations/231538320
COL_ANURA_0032,Dendropsophus microcephalus,224017911,7.885045,-74.7866366667,4,2024-06-13,olmedo_sierra,interior,https://www.inaturalist.org/observations/224017911
COL_ANURA_0032,Dendropsophus microcephalus,195730174,6.5783219764,-75.2097824961,1630,2023-04-03,santiago_pineda,interior,https://www.inaturalist.org/observations/195730174
COL_ANURA_0032,Dendropsophus microcephalus,195720960,6.577860676,-75.2115326375,715,2023-04-03,santiago_pineda,interior,https://www.inaturalist.org/observations/195720960
COL_ANURA_0032,Dendropsophus microcephalus,192950916,6.4860534116,-74.8418404162,254,2023-10-21,angeldam,interior,https://www.inaturalist.org/observations/192950916
COL_ANURA_0032,Dendropsophus microcephalus,181629806,5.931948,-74.813451,184,2022-07-13,ivanlau,interior,https://www.inaturalist.org/observations/181629806
COL_ANURA_0032,Dendropsophus microcephalus,160637425,6.5768261625,-75.2098341286,211,2023-04-02,santiago_pineda,interior,https://www.inaturalist.org/observations/160637425
COL_ANURA_0032,Dendropsophus microcephalus,159345748,7.5309684694,-75.3678407626,100,2022-12-09,rada-birding,interior,https://www.inaturalist.org/observations/159345748
COL_ANURA_0032,Dendropsophus microcephalus,156921462,7.6666197572,-76.6289868951,68,2021-07-03,carlosbranun,interior,https://www.inaturalist.org/observations/156921462
COL_ANURA_0032,Dendropsophus microcephalus,154049376,6.573325312,-75.2075917664,74,2023-04-03,edmundocat,interior,https://www.inaturalist.org/observations/154049376
COL_ANURA_0032,Dendropsophus microcephalus,154044921,6.5732827611,-75.207575766,69,2023-04-02,edmundocat,interior,https://www.inaturalist.org/observations/154044921
COL_ANURA_0032,Dendropsophus microcephalus,146377948,7.5263620496,-75.3641295543,1500,2022-12-09,rada-birding,interior,https://www.inaturalist.org/observations/146377948
COL_ANURA_0032,Dendropsophus microcephalus,136583462,7.7749195268,-76.6676101677,288,2022-09-13,sesernam,interior,https://www.inaturalist.org/observations/136583462
COL_ANURA_0032,Dendropsophus microcephalus,136583460,7.7749195268,-76.6676101677,288,2022-09-13,sesernam,interior,https://www.inaturalist.org/observations/136583460
COL_ANURA_0032,Dendropsophus microcephalus,133127621,7.1150508229,-74.6923993028,937,2022-02-19,biottero,interior,https://www.inaturalist.org/observations/133127621
COL_ANURA_0032,Dendropsophus microcephalus,110633846,6.0641666667,-74.8066666667,,2022-04-04,smejiadu,interior,https://www.inaturalist.org/observations/110633846
COL_ANURA_0032,Dendropsophus microcephalus,92692972,7.240817,-76.4397,,2020-08-12,marleytgr,interior,https://www.inaturalist.org/observations/92692972
COL_ANURA_0032,Dendropsophus microcephalus,86434722,7.778158,-76.87431,1058,2021-07-05,felipe_barrerao,interior,https://www.inaturalist.org/observations/86434722
COL_ANURA_0032,Dendropsophus microcephalus,69083653,6.800727,-74.214085,,2020-12-07,srosado,interior,https://www.inaturalist.org/observations/69083653
COL_ANURA_0032,Dendropsophus microcephalus,39356362,6.5037955954,-74.7231185228,,2019-05-05,khristimantis,interior,https://www.inaturalist.org/observations/39356362
COL_ANURA_0032,Dendropsophus microcephalus,38437837,6.031903,-74.639578,563,2020-02-02,sarayubarta,interior,https://www.inaturalist.org/observations/38437837
COL_ANURA_0032,Dendropsophus microcephalus,38300883,6.0372870673,-74.6397957,99,2020-02-02,sesernam,interior,https://www.inaturalist.org/observations/38300883
COL_ANURA_0032,Dendropsophus microcephalus,25388982,6.2203546093,-74.9758529344,,2017-08-28,microteiido,interior,https://www.inaturalist.org/observations/25388982
COL_ANURA_0032,Dendropsophus microcephalus,24956358,6.455236,-74.79123,1026,2019-05-04,khristimantis,interior,https://www.inaturalist.org/observations/24956358
COL_ANURA_0032,Dendropsophus microcephalus,18571866,6.4608477964,-74.791513292,49,2018-10-04,dbocanumenthe,interior,https://www.inaturalist.org/observations/18571866
COL_ANURA_0032,Dendropsophus microcephalus,12242606,5.8289799,-74.87895,2158,2018-02-11,angelarh-19,interior,https://www.inaturalist.org/observations/12242606
COL_ANURA_0032,Dendropsophus microcephalus,9912970,6.0764619263,-74.7877120972,122,2015-12-17,estebanalzate,interior,https://www.inaturalist.org/observations/9912970
COL_ANURA_0032,Dendropsophus microcephalus,9758991,6.5479281936,-74.8053503036,61,2016-09-09,estebanalzate,interior,https://www.inaturalist.org/observations/9758991
COL_ANURA_0032,Dendropsophus microcephalus,91266,6.5816185956,-75.1953833715,,2008-04-22,estebanalzate,interior,http://www.inaturalist.org/observations/91266
COL_ANURA_0032,Dendropsophus microcephalus,66408,6.48795,-74.83409,5,2012-04-15,juandaza,interior,http://www.inaturalist.org/observations/66408
COL_ANURA_0032,Dendropsophus microcephalus,40954,6.0094592381,-74.7317504883,,2008-11-21,benjamin,interior,http://www.inaturalist.org/observations/40954
COL_ANURA_0014,Pristimantis permixtus,392955707,6.3588373769,-76.1490401253,490,,kenier_quimera,interior,https://www.inaturalist.org/observations/392955707
COL_ANURA_0014,Pristimantis permixtus,355435896,5.6898479496,-75.2722947299,749,2026-04-25,sebasmc_foto,interior,https://www.inaturalist.org/observations/355435896
COL_ANURA_0014,Pristimantis permixtus,355432703,5.7564292855,-75.3554017358,822,2026-04-25,sebasmc_foto,interior,https://www.inaturalist.org/observations/355432703
COL_ANURA_0014,Pristimantis permixtus,344112452,6.7604556006,-75.7752618918,3,2026-03-19,maxlaubstein,interior,https://www.inaturalist.org/observations/344112452
COL_ANURA_0014,Pristimantis permixtus,341812536,5.9814909914,-75.3934995497,2,2023-08-10,biottero,interior,https://www.inaturalist.org/observations/341812536
COL_ANURA_0014,Pristimantis permixtus,339312118,6.9854779431,-75.4814437246,2,2021-12-17,khristimantis,interior,https://www.inaturalist.org/observations/339312118
COL_ANURA_0014,Pristimantis permixtus,339312056,6.8817397467,-75.4564808438,2,2021-03-11,khristimantis,interior,https://www.inaturalist.org/observations/339312056
COL_ANURA_0014,Pristimantis permixtus,339312033,6.9329130583,-75.5219998919,,2021-03-09,khristimantis,interior,https://www.inaturalist.org/observations/339312033
COL_ANURA_0014,Pristimantis permixtus,339215324,5.6841204042,-75.2296208336,4,2018-12-28,khristimantis,interior,https://www.inaturalist.org/observations/339215324
COL_ANURA_0014,Pristimantis permixtus,339215322,5.6595767927,-75.2759932689,3,2018-12-28,khristimantis,interior,https://www.inaturalist.org/observations/339215322
COL_ANURA_0014,Pristimantis permixtus,339215314,5.7884923974,-75.2791550651,5,2018-12-28,khristimantis,interior,https://www.inaturalist.org/observations/339215314
COL_ANURA_0014,Pristimantis permixtus,339215313,5.7689994431,-75.2701947129,8,2018-12-28,khristimantis,interior,https://www.inaturalist.org/observations/339215313
COL_ANURA_0014,Pristimantis permixtus,339215308,5.7351985431,-75.3000100405,4,2018-12-28,khristimantis,interior,https://www.inaturalist.org/observations/339215308
COL_ANURA_0014,Pristimantis permixtus,339215307,5.6875496211,-75.3216283251,,2018-12-28,khristimantis,interior,https://www.inaturalist.org/observations/339215307
COL_ANURA_0014,Pristimantis permixtus,339215306,5.7693025453,-75.2986667122,1,2018-12-28,khristimantis,interior,https://www.inaturalist.org/observations/339215306
COL_ANURA_0014,Pristimantis permixtus,339215295,5.7279296018,-75.2953427702,,2018-12-28,khristimantis,interior,https://www.inaturalist.org/observations/339215295
COL_ANURA_0014,Pristimantis permixtus,339215258,5.7446460234,-75.3834049751,,2018-12-27,khristimantis,interior,https://www.inaturalist.org/observations/339215258
COL_ANURA_0014,Pristimantis permixtus,339215251,5.7956695169,-75.3494103668,,2018-12-27,khristimantis,interior,https://www.inaturalist.org/observations/339215251
COL_ANURA_0014,Pristimantis permixtus,339211813,5.6848469129,-75.3271614586,7,2018-10-20,khristimantis,interior,https://www.inaturalist.org/observations/339211813
COL_ANURA_0014,Pristimantis permixtus,339183209,6.2262513593,-75.6738193807,8,2019-12-03,khristimantis,interior,https://www.inaturalist.org/observations/339183209
COL_ANURA_0014,Pristimantis permixtus,339043167,6.8219536131,-75.5817556986,1,2025-08-28,khristimantis,interior,https://www.inaturalist.org/observations/339043167
COL_ANURA_0014,Pristimantis permixtus,339039952,6.8008987908,-75.5362493073,,2025-08-28,khristimantis,interior,https://www.inaturalist.org/observations/339039952
COL_ANURA_0014,Pristimantis permixtus,328094243,6.60282,-75.662118,,2025-11-17,camilo_gz,interior,https://www.inaturalist.org/observations/328094243
COL_ANURA_0014,Pristimantis permixtus,198427234,6.6116166968,-75.6637819194,217,2024-01-25,sesernam,interior,https://www.inaturalist.org/observations/198427234
COL_ANURA_0014,Pristimantis permixtus,197854174,6.602890183,-75.6865706295,1257,2023-12-20,feria-rosa,interior,https://www.inaturalist.org/observations/197854174
COL_ANURA_0014,Pristimantis permixtus,184067795,6.6303196035,-75.4434206709,104,2022-03-07,victor_arboleda,interior,https://www.inaturalist.org/observations/184067795
COL_ANURA_0014,Pristimantis permixtus,171179964,6.3298546574,-75.6481469795,234,2023-07-04,wildlifechecho,interior,https://www.inaturalist.org/observations/171179964
COL_ANURA_0014,Pristimantis permixtus,165023739,6.864503,-75.611488,,2015-04-01,juditycarmona,interior,https://www.inaturalist.org/observations/165023739
COL_ANURA_0014,Pristimantis permixtus,159569456,7.0599370357,-75.4068179473,1060,2023-04-30,julianbiol,interior,https://www.inaturalist.org/observations/159569456
COL_ANURA_0014,Pristimantis permixtus,158916542,6.615788123,-75.6506334296,1184,2017-11-12,estebanalzate,interior,https://www.inaturalist.org/observations/158916542
COL_ANURA_0014,Pristimantis permixtus,156247330,6.49977,-75.637961,100,2023-04-18,felipe_barrerao,interior,https://www.inaturalist.org/observations/156247330
COL_ANURA_0014,Pristimantis permixtus,153109909,6.4938599722,-75.637833,,2023-04-01,alejandra715,interior,https://www.inaturalist.org/observations/153109909
COL_ANURA_0014,Pristimantis permixtus,153109249,6.493074,-75.637122,,2023-04-01,alejandra715,interior,https://www.inaturalist.org/observations/153109249
COL_ANURA_0014,Pristimantis permixtus,149146070,6.2810418167,-75.6811459667,,2023-01-22,dbocanumenthe,interior,https://www.inaturalist.org/observations/149146070
COL_ANURA_0014,Pristimantis permixtus,147795397,6.6470033,-75.4604497,1837,2022-07-03,laura_melisa,interior,https://www.inaturalist.org/observations/147795397
COL_ANURA_0014,Pristimantis permixtus,134858019,6.9620229182,-75.4190688953,1748,2022-09-05,carolinagomezs,interior,https://www.inaturalist.org/observations/134858019
COL_ANURA_0014,Pristimantis permixtus,109746156,6.8662148532,-75.5396477418,338,2022-03-26,julianbiol,interior,https://www.inaturalist.org/observations/109746156
COL_ANURA_0014,Pristimantis permixtus,105514429,6.8506961121,-75.4940413273,,2021-12-22,khristimantis,interior,https://www.inaturalist.org/observations/105514429
COL_ANURA_0014,Pristimantis permixtus,105514428,6.9935514878,-75.5709187699,,2021-12-19,khristimantis,interior,https://www.inaturalist.org/observations/105514428
COL_ANURA_0014,Pristimantis permixtus,105514427,6.8330975565,-75.4757996539,,2021-12-20,khristimantis,interior,https://www.inaturalist.org/observations/105514427
COL_ANURA_0014,Pristimantis permixtus,103694611,6.8178933333,-75.594205,,2021-12-22,edwinmunera,interior,https://www.inaturalist.org/observations/103694611
COL_ANURA_0014,Pristimantis permixtus,103694430,6.829465,-75.4933916667,,2021-12-20,edwinmunera,interior,https://www.inaturalist.org/observations/103694430
COL_ANURA_0014,Pristimantis permixtus,97868334,6.4593051,-75.600057,30,2021-07-07,dbocanumenthe,interior,https://www.inaturalist.org/observations/97868334
COL_ANURA_0014,Pristimantis permixtus,96701346,6.6050767,-75.6663784,678,2021-09-02,paulaandrea_ruiz-ruiz,interior,https://www.inaturalist.org/observations/96701346
COL_ANURA_0014,Pristimantis permixtus,89236410,6.8214716667,-75.500195,,2021-07-22,edwinmunera,interior,https://www.inaturalist.org/observations/89236410
COL_ANURA_0014,Pristimantis permixtus,81292894,6.4746178176,-75.6182644734,23,2021-02-04,julianjllo,interior,https://www.inaturalist.org/observations/81292894
COL_ANURA_0014,Pristimantis permixtus,72692944,5.700687,-75.250095,,2021-03-27,elizaocampo,interior,https://www.inaturalist.org/observations/72692944
COL_ANURA_0014,Pristimantis permixtus,71562817,6.9472267236,-75.4805160091,1,2021-03-09,khristimantis,interior,https://www.inaturalist.org/observations/71562817
COL_ANURA_0014,Pristimantis permixtus,69837002,6.7148066667,-75.6607016667,,2021-01-26,edwinmunera,interior,https://www.inaturalist.org/observations/69837002
COL_ANURA_0014,Pristimantis permixtus,60089717,6.8750621843,-75.5830363557,303,2020-07-06,edwinmunera,interior,https://www.inaturalist.org/observations/60089717
COL_ANURA_0014,Pristimantis permixtus,50492645,6.6635985393,-75.4580719024,2806,2017-05-28,estebangarzonfranco1,interior,https://www.inaturalist.org/observations/50492645
COL_ANURA_0014,Pristimantis permixtus,41166541,6.6218980209,-75.6451073851,7,2016-04-17,ricardo_sanchez,interior,https://www.inaturalist.org/observations/41166541
COL_ANURA_0014,Pristimantis permixtus,41166540,6.6205137426,-75.6559406334,61,2016-04-17,ricardo_sanchez,interior,https://www.inaturalist.org/observations/41166540
COL_ANURA_0014,Pristimantis permixtus,38092272,7.0104577106,-75.6976598874,1371,2020-01-28,damayav,interior,https://www.inaturalist.org/observations/38092272
COL_ANURA_0014,Pristimantis permixtus,37182959,6.2619495457,-75.732165565,512,2019-12-02,dbocanumenthe,interior,https://www.inaturalist.org/observations/37182959
COL_ANURA_0014,Pristimantis permixtus,37182958,6.2143201622,-75.7670582548,5,2019-12-02,dbocanumenthe,interior,https://www.inaturalist.org/observations/37182958
COL_ANURA_0014,Pristimantis permixtus,36368110,6.2210391262,-75.7964873176,,2019-12-03,khristimantis,interior,https://www.inaturalist.org/observations/36368110
COL_ANURA_0014,Pristimantis permixtus,18222736,5.7007028813,-75.2493404182,4,2018-10-20,khristimantis,interior,https://www.inaturalist.org/observations/18222736
COL_ANURA_0014,Pristimantis permixtus,17603760,6.81354,-75.486988,791,2018-07-18,andres_forero,interior,https://www.inaturalist.org/observations/17603760
COL_ANURA_0014,Pristimantis permixtus,15737329,6.4947143807,-75.6376804494,29,2018-08-19,edafosrodo,interior,https://www.inaturalist.org/observations/15737329
COL_ANURA_0014,Pristimantis permixtus,15735785,6.4917142605,-75.6331963465,233,2018-08-18,damunerame,interior,https://www.inaturalist.org/observations/15735785
COL_ANURA_0014,Pristimantis permixtus,15713308,6.4959229619,-75.6271754578,2752,2018-08-19,edafosrodo,interior,https://www.inaturalist.org/observations/15713308
COL_ANURA_0014,Pristimantis permixtus,13945335,5.6659566199,-75.2654557675,1052,2018-06-22,danielasalazarsuaza,interior,https://www.inaturalist.org/observations/13945335
COL_ANURA_0014,Pristimantis permixtus,12208395,6.3377223015,-75.6482543945,,2018-05-06,anabenavides,interior,https://www.inaturalist.org/observations/12208395
COL_ANURA_0014,Pristimantis permixtus,92980,6.6398279389,-75.792320792,2471,2012-06-09,estebanalzate,interior,http://www.inaturalist.org/observations/92980
COL_ANURA_0014,Pristimantis permixtus,90387,6.3478348726,-75.6411295955,,2012-05-24,estebanalzate,interior,http://www.inaturalist.org/observations/90387
COL_ANURA_0014,Pristimantis permixtus,90378,5.6940930022,-75.2461326018,,2008-10-24,estebanalzate,interior,http://www.inaturalist.org/observations/90378
COL_ANURA_0013,Pristimantis penelopus,377048588,6.5563099722,-75.1780569722,,2026-06-29,camiloalejandro,interior,https://www.inaturalist.org/observations/377048588
COL_ANURA_0013,Pristimantis penelopus,371853194,6.5422290041,-75.1492449418,341,2026-06-13,sebasmc_foto,interior,https://www.inaturalist.org/observations/371853194
COL_ANURA_0013,Pristimantis penelopus,367294296,6.985334263,-75.1138693839,122,2026-05-07,fundacion_proaves,interior,https://www.inaturalist.org/observations/367294296
COL_ANURA_0013,Pristimantis penelopus,351009355,6.187979,-74.993227,5914,2026-02-05,laurasalcedo,interior,https://www.inaturalist.org/observations/351009355
COL_ANURA_0013,Pristimantis penelopus,340034436,6.9853341924,-75.1138692882,122,2025-07-28,fundacion_proaves,interior,https://www.inaturalist.org/observations/340034436
COL_ANURA_0013,Pristimantis penelopus,339311887,7.1128510305,-75.4205183491,2,2018-10-03,khristimantis,interior,https://www.inaturalist.org/observations/339311887
COL_ANURA_0013,Pristimantis penelopus,339182756,6.4095677751,-74.6268700981,2,2019-05-05,khristimantis,interior,https://www.inaturalist.org/observations/339182756
COL_ANURA_0013,Pristimantis penelopus,338889313,5.9990214194,-75.0427525196,,2024-07-18,khristimantis,interior,https://www.inaturalist.org/observations/338889313
COL_ANURA_0013,Pristimantis penelopus,338889304,5.8281901416,-75.0941789203,,2024-07-18,khristimantis,interior,https://www.inaturalist.org/observations/338889304
COL_ANURA_0013,Pristimantis penelopus,338352809,6.30007,-75.0702055,15,2025-06-06,cabire,interior,https://www.inaturalist.org/observations/338352809
COL_ANURA_0013,Pristimantis penelopus,336638552,6.3511194297,-75.0534968823,14,2026-01-26,moi61,interior,https://www.inaturalist.org/observations/336638552
COL_ANURA_0013,Pristimantis penelopus,335327888,6.68677,-74.78532,50,2024-08-18,felipe_barrerao,interior,https://www.inaturalist.org/observations/335327888
COL_ANURA_0013,Pristimantis penelopus,335127525,6.3485599726,-75.0050816685,206,2026-01-17,valeriaecheverri57356,interior,https://www.inaturalist.org/observations/335127525
COL_ANURA_0013,Pristimantis penelopus,322232957,7.057024,-75.402517,,2025-10-16,camilo_gz,interior,https://www.inaturalist.org/observations/322232957
COL_ANURA_0013,Pristimantis penelopus,309244677,6.5194450461,-75.2563442951,211,2025-02-03,ccm13,interior,https://www.inaturalist.org/observations/309244677
COL_ANURA_0013,Pristimantis penelopus,286173166,6.532371,-75.225633,100,2024-06-27,felipe_barrerao,interior,https://www.inaturalist.org/observations/286173166
COL_ANURA_0013,Pristimantis penelopus,278737931,6.75952,-76.30774,,2025-04-30,tomkennedy,interior,https://www.inaturalist.org/observations/278737931
COL_ANURA_0013,Pristimantis penelopus,278283496,6.8050566667,-76.24592,,2025-04-29,tomkennedy,interior,https://www.inaturalist.org/observations/278283496
COL_ANURA_0013,Pristimantis penelopus,271367046,6.4859068343,-75.036852099,169,2024-04-15,johnagudelo,interior,https://www.inaturalist.org/observations/271367046
COL_ANURA_0013,Pristimantis penelopus,271358495,6.4807275,-75.0496153,,2024-11-22,johnagudelo,interior,https://www.inaturalist.org/observations/271358495
COL_ANURA_0013,Pristimantis penelopus,270947392,6.4859068343,-75.036852099,169,2024-10-28,johnagudelo,interior,https://www.inaturalist.org/observations/270947392
COL_ANURA_0013,Pristimantis penelopus,259334825,6.465372417,-75.3296305632,244,2024-12-03,karen96228,interior,https://www.inaturalist.org/observations/259334825
COL_ANURA_0013,Pristimantis penelopus,259334821,6.4598892853,-75.3286005975,488,2024-12-03,karen96228,interior,https://www.inaturalist.org/observations/259334821
COL_ANURA_0013,Pristimantis penelopus,259334816,6.5278197638,-75.2844723077,488,2024-12-03,karen96228,interior,https://www.inaturalist.org/observations/259334816
COL_ANURA_0013,Pristimantis penelopus,250826822,6.14671508,-75.24360104,4,2024-11-07,alan_rockefeller,interior,https://www.inaturalist.org/observations/250826822
COL_ANURA_0013,Pristimantis penelopus,246694676,6.9078452,-75.0744564,4125,2024-06-09,camilo_moralesm,interior,https://www.inaturalist.org/observations/246694676
COL_ANURA_0013,Pristimantis penelopus,240482599,6.2972782,-75.0685978,,2024-09-07,juandelgado_sib,interior,https://www.inaturalist.org/observations/240482599
COL_ANURA_0013,Pristimantis penelopus,207397045,6.5399454,-75.233579,535,2024-04-14,juand20,interior,https://www.inaturalist.org/observations/207397045
COL_ANURA_0013,Pristimantis penelopus,207393023,6.5399454,-75.233579,535,2024-04-14,juand20,interior,https://www.inaturalist.org/observations/207393023
COL_ANURA_0013,Pristimantis penelopus,199278835,6.3815931799,-74.9861177566,,2023-09-20,dbocanumenthe,interior,https://www.inaturalist.org/observations/199278835
COL_ANURA_0013,Pristimantis penelopus,199249669,6.280238638,-74.9089220497,,2023-09-16,dbocanumenthe,interior,https://www.inaturalist.org/observations/199249669
COL_ANURA_0013,Pristimantis penelopus,199195357,6.3673146796,-74.8478354952,,2023-09-15,dbocanumenthe,interior,https://www.inaturalist.org/observations/199195357
COL_ANURA_0013,Pristimantis penelopus,198317530,6.20933,-74.99852,4,2024-01-27,elizaocampo,interior,https://www.inaturalist.org/observations/198317530
COL_ANURA_0013,Pristimantis penelopus,197651233,7.1244897778,-75.5170364167,,2024-01-26,alejandro_nohava,interior,https://www.inaturalist.org/observations/197651233
COL_ANURA_0013,Pristimantis penelopus,195731193,6.5791319989,-75.2099702507,1631,2023-04-04,santiago_pineda,interior,https://www.inaturalist.org/observations/195731193
COL_ANURA_0013,Pristimantis penelopus,160086487,7.0519416,-75.3997543,211,2023-04-28,jsebastianv97,interior,https://www.inaturalist.org/observations/160086487
COL_ANURA_0013,Pristimantis penelopus,154104576,6.5763629201,-75.2113468591,137,2023-04-04,edmundocat,interior,https://www.inaturalist.org/observations/154104576
COL_ANURA_0013,Pristimantis penelopus,154104575,6.576800352,-75.2114438658,79,2023-04-04,edmundocat,interior,https://www.inaturalist.org/observations/154104575
COL_ANURA_0013,Pristimantis penelopus,149652894,6.9046599245,-75.7559233906,,2023-01-29,dbocanumenthe,interior,https://www.inaturalist.org/observations/149652894
COL_ANURA_0013,Pristimantis penelopus,149652891,6.9021000719,-75.7248984737,,2023-01-29,dbocanumenthe,interior,https://www.inaturalist.org/observations/149652891
COL_ANURA_0013,Pristimantis penelopus,149652842,6.9120700369,-75.6468125058,,2023-01-30,dbocanumenthe,interior,https://www.inaturalist.org/observations/149652842
COL_ANURA_0013,Pristimantis penelopus,133259206,6.3998460733,-75.1423756775,2766,2022-04-08,biottero,interior,https://www.inaturalist.org/observations/133259206
COL_ANURA_0013,Pristimantis penelopus,124027037,6.07332,-75.15968,,2019-03-27,laurarubiorocha,interior,https://www.inaturalist.org/observations/124027037
COL_ANURA_0013,Pristimantis penelopus,78767023,6.6267318492,-76.3586464123,2000,2019-05-02,dbocanumenthe,interior,https://www.inaturalist.org/observations/78767023
COL_ANURA_0013,Pristimantis penelopus,78767021,6.7649337,-76.2507851874,2000,2019-05-02,dbocanumenthe,interior,https://www.inaturalist.org/observations/78767021
COL_ANURA_0013,Pristimantis penelopus,74571829,6.8401263,-75.3026528,,2021-02-26,marleytgr,interior,https://www.inaturalist.org/observations/74571829
COL_ANURA_0013,Pristimantis penelopus,60491729,6.251954764,-75.0149803842,229,2018-11-25,estebanalzate,interior,https://www.inaturalist.org/observations/60491729
COL_ANURA_0013,Pristimantis penelopus,60490682,6.4552356,-74.7912298,211,2017-05-18,estebanalzate,interior,https://www.inaturalist.org/observations/60490682
COL_ANURA_0013,Pristimantis penelopus,42887436,6.2675839563,-75.1066833905,1024,2018-11-25,laurarubiorocha,interior,https://www.inaturalist.org/observations/42887436
COL_ANURA_0013,Pristimantis penelopus,42791508,6.2275409852,-75.1884538275,1024,2019-11-16,laurarubiorocha,interior,https://www.inaturalist.org/observations/42791508
COL_ANURA_0013,Pristimantis penelopus,37860370,6.61097,-75.17425,,2019-11-19,wilmar_agudelo,interior,https://www.inaturalist.org/observations/37860370
COL_ANURA_0013,Pristimantis penelopus,37359290,6.0042031055,-75.094773342,61,2019-02-26,clamozu,interior,https://www.inaturalist.org/observations/37359290
COL_ANURA_0013,Pristimantis penelopus,34649186,5.88663,-75.15089,,2019-09-12,wilmar_agudelo,interior,https://www.inaturalist.org/observations/34649186
COL_ANURA_0013,Pristimantis penelopus,28312318,6.133451,-74.997154,,2018-12-17,wilmar_agudelo,interior,https://www.inaturalist.org/observations/28312318
COL_ANURA_0013,Pristimantis penelopus,25325509,6.455236,-74.79123,1026,2019-05-05,khristimantis,interior,https://www.inaturalist.org/observations/25325509
COL_ANURA_0013,Pristimantis penelopus,17953891,6.4628324748,-74.7910080386,73,2018-10-04,dbocanumenthe,interior,https://www.inaturalist.org/observations/17953891
COL_ANURA_0013,Pristimantis penelopus,12400082,6.0337510044,-74.9791242555,344,,juandaza,interior,https://www.inaturalist.org/observations/12400082
COL_ANURA_0013,Pristimantis penelopus,10214137,6.6414188268,-76.2561035156,5597,2015-12-05,estebanalzate,interior,https://www.inaturalist.org/observations/10214137
COL_ANURA_0013,Pristimantis penelopus,9911129,6.4564456009,-74.7914457321,83,2017-05-18,estebanalzate,interior,https://www.inaturalist.org/observations/9911129
COL_ANURA_0013,Pristimantis penelopus,6443202,6.5655363027,-75.1887989044,122,2017-05-12,yleontolosa,interior,http://colombia.inaturalist.org/observations/6443202
COL_ANURA_0013,Pristimantis penelopus,6443201,6.5650246957,-75.1849365234,977,2017-05-12,yleontolosa,interior,http://colombia.inaturalist.org/observations/6443201
COL_ANURA_0013,Pristimantis penelopus,796105,5.970164,-75.11763,807,2013-01-08,estebanalzate,interior,http://conabio.inaturalist.org/observations/796105
COL_ANURA_0013,Pristimantis penelopus,796052,5.972298,-75.117544,,2013-01-08,estebanalzate,interior,http://conabio.inaturalist.org/observations/796052
COL_ANURA_0013,Pristimantis penelopus,467903,6.4034,-76.290344,959,2013-06-26,estebanalzate,interior,http://www.inaturalist.org/observations/467903
COL_ANURA_0013,Pristimantis penelopus,39261,6.6281652749,-75.16045055,,2009-06-05,estebanalzate,interior,http://www.inaturalist.org/observations/39261
COL_ANURA_0037,Hyloscirtus palmeri,385019458,5.8844333333,-74.8542866667,39,2026-07-25,bealeiderman,interior,https://www.inaturalist.org/observations/385019458
COL_ANURA_0037,Hyloscirtus palmeri,366031609,5.8620458,-74.8703845,224,2026-05-07,emilioecheverri,interior,https://www.inaturalist.org/observations/366031609
COL_ANURA_0037,Hyloscirtus palmeri,361740483,5.8611395767,-74.8709628358,165,2026-05-08,sebasmc_foto,interior,https://www.inaturalist.org/observations/361740483
COL_ANURA_0037,Hyloscirtus palmeri,361179287,6.16746398,-75.0503090769,12,2026-05-13,laura87155,interior,https://www.inaturalist.org/observations/361179287
COL_ANURA_0037,Hyloscirtus palmeri,353115991,6.3779278187,-75.1411437616,100,2026-03-22,lohana6,interior,https://www.inaturalist.org/observations/353115991
COL_ANURA_0037,Hyloscirtus palmeri,347608909,5.8568938076,-74.8745217919,344,2026-04-03,chaconjr21,interior,https://www.inaturalist.org/observations/347608909
COL_ANURA_0037,Hyloscirtus palmeri,340791791,6.2794951719,-75.0331782765,28,2026-02-23,xiomararios,interior,https://www.inaturalist.org/observations/340791791
COL_ANURA_0037,Hyloscirtus palmeri,339913599,5.8620458,-74.8703845,224,2025-03-04,valvas13,interior,https://www.inaturalist.org/observations/339913599
COL_ANURA_0037,Hyloscirtus palmeri,337429747,6.3194916997,-75.0698174536,8,2025-02-20,brocoli_,interior,https://www.inaturalist.org/observations/337429747
COL_ANURA_0037,Hyloscirtus palmeri,337035013,7.2020546169,-76.3912033196,122,2019-05-19,ivanlau,interior,https://www.inaturalist.org/observations/337035013
COL_ANURA_0037,Hyloscirtus palmeri,336127616,6.2713133333,-75.0423138333,5,2026-01-24,julio_cesar18851,interior,https://www.inaturalist.org/observations/336127616
COL_ANURA_0037,Hyloscirtus palmeri,324701300,5.86001775,-74.8708114444,,2025-11-02,luis_alejandro1,interior,https://www.inaturalist.org/observations/324701300
COL_ANURA_0037,Hyloscirtus palmeri,323821758,5.8756399677,-74.990495183,4,2025-10-27,vannevg,interior,https://www.inaturalist.org/observations/323821758
COL_ANURA_0037,Hyloscirtus palmeri,323596792,5.8616180278,-74.8718185278,,2025-10-27,sebasmc_foto,interior,https://www.inaturalist.org/observations/323596792
COL_ANURA_0037,Hyloscirtus palmeri,294623940,5.8972434,-75.1785665,211,2025-05-20,viboral-biodiverso,interior,https://www.inaturalist.org/observations/294623940
COL_ANURA_0037,Hyloscirtus palmeri,270526547,7.0571472222,-75.4126722222,,2025-04-10,sebastianvieirau,interior,https://www.inaturalist.org/observations/270526547
COL_ANURA_0037,Hyloscirtus palmeri,263922347,5.8622833333,-74.8704133333,4,2025-03-04,crawfordaj,interior,https://www.inaturalist.org/observations/263922347
COL_ANURA_0037,Hyloscirtus palmeri,258781096,7.1315898889,-75.5142822222,,2025-01-17,alejandro_nohava,interior,https://www.inaturalist.org/observations/258781096
COL_ANURA_0037,Hyloscirtus palmeri,256775852,7.0736431011,-75.6861262666,122,2018-02-20,orlandopr,interior,https://www.inaturalist.org/observations/256775852
COL_ANURA_0037,Hyloscirtus palmeri,246936286,5.8911388889,-74.8556083333,,2023-06-05,ybhagwan,interior,https://www.inaturalist.org/observations/246936286
COL_ANURA_0037,Hyloscirtus palmeri,246936254,5.996020855,-74.8956993062,,2023-06-08,ybhagwan,interior,https://www.inaturalist.org/observations/246936254
COL_ANURA_0037,Hyloscirtus palmeri,237482468,7.1261978056,-75.5166702222,,2024-08-23,alejandro_nohava,interior,https://www.inaturalist.org/observations/237482468
COL_ANURA_0037,Hyloscirtus palmeri,227177250,7.1271681667,-75.5154800278,,2024-07-04,alejandro_nohava,interior,https://www.inaturalist.org/observations/227177250
COL_ANURA_0037,Hyloscirtus palmeri,214271924,7.1260151667,-75.5159530556,,2024-05-07,alejandro_nohava,interior,https://www.inaturalist.org/observations/214271924
COL_ANURA_0037,Hyloscirtus palmeri,201469718,7.1275668056,-75.5141601389,,2024-03-02,alejandro_nohava,interior,https://www.inaturalist.org/observations/201469718
COL_ANURA_0037,Hyloscirtus palmeri,200805011,6.0428749316,-74.9943980947,224,,ecocagui,interior,https://www.inaturalist.org/observations/200805011
COL_ANURA_0037,Hyloscirtus palmeri,199278846,6.2270590934,-74.8073743969,,2023-09-22,dbocanumenthe,interior,https://www.inaturalist.org/observations/199278846
COL_ANURA_0037,Hyloscirtus palmeri,197057378,5.910381373,-74.8911223427,135,2024-01-01,sebasmc_foto,interior,https://www.inaturalist.org/observations/197057378
COL_ANURA_0037,Hyloscirtus palmeri,182771664,5.935,-75.1438888889,50,2023-08-03,felipe_barrerao,interior,https://www.inaturalist.org/observations/182771664
COL_ANURA_0037,Hyloscirtus palmeri,182771663,5.935,-75.1438888889,50,2023-08-03,felipe_barrerao,interior,https://www.inaturalist.org/observations/182771663
COL_ANURA_0037,Hyloscirtus palmeri,182771662,5.935,-75.1438888889,50,2023-08-03,felipe_barrerao,interior,https://www.inaturalist.org/observations/182771662
COL_ANURA_0037,Hyloscirtus palmeri,182771660,5.935,-75.1438888889,50,2023-08-03,felipe_barrerao,interior,https://www.inaturalist.org/observations/182771660
COL_ANURA_0037,Hyloscirtus palmeri,182771658,5.9346855942,-75.1444282194,50,2023-08-04,felipe_barrerao,interior,https://www.inaturalist.org/observations/182771658
COL_ANURA_0037,Hyloscirtus palmeri,181647062,6.2951219,-75.0278664,928,2022-11-03,alejosoto,interior,https://www.inaturalist.org/observations/181647062
COL_ANURA_0037,Hyloscirtus palmeri,178772414,7.1370019722,-75.5177764722,,2023-08-16,alejandro_nohava,interior,https://www.inaturalist.org/observations/178772414
COL_ANURA_0037,Hyloscirtus palmeri,156494187,6.9433533107,-75.17493207,9540,2021-03-28,mateogarciameja,interior,https://www.inaturalist.org/observations/156494187
COL_ANURA_0037,Hyloscirtus palmeri,149652867,6.8067807007,-75.7138579352,,2023-01-28,dbocanumenthe,interior,https://www.inaturalist.org/observations/149652867
COL_ANURA_0037,Hyloscirtus palmeri,142022717,6.308416,-74.987475,8304,2022-11-04,manuelaml,interior,https://www.inaturalist.org/observations/142022717
COL_ANURA_0037,Hyloscirtus palmeri,127712357,6.038576011,-74.8839446185,8,2022-07-08,yleontolosa,interior,https://www.inaturalist.org/observations/127712357
COL_ANURA_0037,Hyloscirtus palmeri,100622063,6.1214757874,-75.1915580083,709,2020-02-16,marleytgr,interior,https://www.inaturalist.org/observations/100622063
COL_ANURA_0037,Hyloscirtus palmeri,91784482,5.8890278724,-75.1871546579,297,2021-08-15,biottero,interior,https://www.inaturalist.org/observations/91784482
COL_ANURA_0037,Hyloscirtus palmeri,85115735,6.4040594422,-76.2856121734,1830,2021-06-25,yojancvargas,interior,https://www.inaturalist.org/observations/85115735
COL_ANURA_0037,Hyloscirtus palmeri,71998095,6.0320699045,-74.9827579781,5,2018-05-10,meligy,interior,https://www.inaturalist.org/observations/71998095
COL_ANURA_0037,Hyloscirtus palmeri,71528244,6.4678964959,-76.2463141009,31,2021-02-21,khristimantis,interior,https://www.inaturalist.org/observations/71528244
COL_ANURA_0037,Hyloscirtus palmeri,60491731,6.251954764,-75.0149803842,229,2018-11-25,estebanalzate,interior,https://www.inaturalist.org/observations/60491731
COL_ANURA_0037,Hyloscirtus palmeri,60491721,6.251954764,-75.0149803842,229,2018-11-25,estebanalzate,interior,https://www.inaturalist.org/observations/60491721
COL_ANURA_0037,Hyloscirtus palmeri,59212057,6.7680200064,-76.3466092944,537,2020-07-25,carlosbranun,interior,https://www.inaturalist.org/observations/59212057
COL_ANURA_0037,Hyloscirtus palmeri,42887431,6.266910025,-75.1875624896,1024,2018-11-25,laurarubiorocha,interior,https://www.inaturalist.org/observations/42887431
COL_ANURA_0037,Hyloscirtus palmeri,42791495,6.3427498622,-75.0601863845,1024,2019-11-16,laurarubiorocha,interior,https://www.inaturalist.org/observations/42791495
COL_ANURA_0037,Hyloscirtus palmeri,42785407,5.9761687674,-75.1616679849,2920,2020-03-07,laurarubiorocha,interior,https://www.inaturalist.org/observations/42785407
COL_ANURA_0037,Hyloscirtus palmeri,38344836,5.97975,-74.99598,20,2019-10-20,juanochoa,interior,https://www.inaturalist.org/observations/38344836
COL_ANURA_0037,Hyloscirtus palmeri,37083980,5.9684797272,-75.0519046284,61,2019-02-25,clamozu,interior,https://www.inaturalist.org/observations/37083980
COL_ANURA_0037,Hyloscirtus palmeri,19074318,6.9675417456,-75.2799448563,8,2018-10-10,dionis_e_diaz_c,interior,https://www.inaturalist.org/observations/19074318
COL_ANURA_0037,Hyloscirtus palmeri,18806848,6.0465841826,-74.9992858094,4,2018-05-10,wilmar_agudelo,interior,https://www.inaturalist.org/observations/18806848
COL_ANURA_0037,Hyloscirtus palmeri,9759128,7.0885425095,-75.0701808929,122,2012-05-12,estebanalzate,interior,https://www.inaturalist.org/observations/9759128
COL_ANURA_0037,Hyloscirtus palmeri,9759121,7.0916087868,-75.066576004,122,2012-05-12,estebanalzate,interior,https://www.inaturalist.org/observations/9759121
COL_ANURA_0037,Hyloscirtus palmeri,9174929,6.0455649021,-74.986538887,901,2015-05-04,jose_fang,interior,https://www.inaturalist.org/observations/9174929
COL_ANURA_0037,Hyloscirtus palmeri,796141,5.970164,-75.11763,807,2013-01-08,estebanalzate,interior,http://conabio.inaturalist.org/observations/796141
COL_ANURA_0037,Hyloscirtus palmeri,796139,5.970164,-75.11763,807,2013-01-08,estebanalzate,interior,http://conabio.inaturalist.org/observations/796139
COL_ANURA_0037,Hyloscirtus palmeri,38785,6.5469,-74.6436,,2006-11-01,biodiversitario,interior,http://www.inaturalist.org/observations/38785
COL_ANURA_0015,Pristimantis taeniatus,366510045,6.3413243811,-75.0719400868,52,2026-05-18,valentina60917,interior,https://www.inaturalist.org/observations/366510045
COL_ANURA_0015,Pristimantis taeniatus,364923001,7.2118307922,-76.4509031745,524,2026-05-24,jsebas98,interior,https://www.inaturalist.org/observations/364923001
COL_ANURA_0015,Pristimantis taeniatus,364798047,6.3299616667,-75.0349416667,15,2026-05-20,laura83757,interior,https://www.inaturalist.org/observations/364798047
COL_ANURA_0015,Pristimantis taeniatus,351811467,6.167281,-75.5554516,,2026-04-21,danielalvarez1980,interior,https://www.inaturalist.org/observations/351811467
COL_ANURA_0015,Pristimantis taeniatus,349989092,6.3220152,-75.0298702997,,2026-04-13,edwin_alberto2,interior,https://www.inaturalist.org/observations/349989092
COL_ANURA_0015,Pristimantis taeniatus,347557190,6.3299116667,-75.0347666667,4,2026-04-01,laura83757,interior,https://www.inaturalist.org/observations/347557190
COL_ANURA_0015,Pristimantis taeniatus,341588715,6.2514725302,-75.0127900019,216,2026-02-28,tiago_roman,interior,https://www.inaturalist.org/observations/341588715
COL_ANURA_0015,Pristimantis taeniatus,340587267,6.4094899795,-74.9433201179,996,2026-02-28,wilder62261,interior,https://www.inaturalist.org/observations/340587267
COL_ANURA_0015,Pristimantis taeniatus,339208169,7.0864518038,-74.7577417154,4,2021-08-10,khristimantis,interior,https://www.inaturalist.org/observations/339208169
COL_ANURA_0015,Pristimantis taeniatus,339208115,7.0164784152,-74.7072193709,4,2021-08-11,khristimantis,interior,https://www.inaturalist.org/observations/339208115
COL_ANURA_0015,Pristimantis taeniatus,339208111,7.1129439377,-74.6261379395,4,2021-08-11,khristimantis,interior,https://www.inaturalist.org/observations/339208111
COL_ANURA_0015,Pristimantis taeniatus,339208109,7.1749411532,-74.7659888604,4,2021-08-11,khristimantis,interior,https://www.inaturalist.org/observations/339208109
COL_ANURA_0015,Pristimantis taeniatus,339208106,7.0224553364,-74.6185947012,8,2021-08-11,khristimantis,interior,https://www.inaturalist.org/observations/339208106
COL_ANURA_0015,Pristimantis taeniatus,339208099,7.0756475138,-74.7807827493,4,2021-08-11,khristimantis,interior,https://www.inaturalist.org/observations/339208099
COL_ANURA_0015,Pristimantis taeniatus,338889305,5.9866412442,-75.0854287628,,2024-07-18,khristimantis,interior,https://www.inaturalist.org/observations/338889305
COL_ANURA_0015,Pristimantis taeniatus,338889290,5.992748894,-75.0545985985,,2024-07-18,khristimantis,interior,https://www.inaturalist.org/observations/338889290
COL_ANURA_0015,Pristimantis taeniatus,328094161,7.1585729722,-75.363262,,2025-10-18,camilo_gz,interior,https://www.inaturalist.org/observations/328094161
COL_ANURA_0015,Pristimantis taeniatus,313711277,6.3954855461,-75.500654988,4793,2025-09-13,omar_agr,interior,https://www.inaturalist.org/observations/313711277
COL_ANURA_0015,Pristimantis taeniatus,299366837,6.5198799757,-75.0923936069,6,2025-07-19,jucagobu,interior,https://www.inaturalist.org/observations/299366837
COL_ANURA_0015,Pristimantis taeniatus,280391648,6.7914166667,-76.2426616667,,2025-05-01,tomkennedy,interior,https://www.inaturalist.org/observations/280391648
COL_ANURA_0015,Pristimantis taeniatus,278285140,6.7870566667,-76.243555,,2025-04-29,tomkennedy,interior,https://www.inaturalist.org/observations/278285140
COL_ANURA_0015,Pristimantis taeniatus,182771679,5.9319444444,-75.1477777778,,2023-08-04,felipe_barrerao,interior,https://www.inaturalist.org/observations/182771679
COL_ANURA_0015,Pristimantis taeniatus,150785871,6.5767094611,-75.2103035274,31,2023-03-01,lauravicmc,interior,https://www.inaturalist.org/observations/150785871
COL_ANURA_0015,Pristimantis taeniatus,141109029,5.94771131,-75.10072447,4,2022-11-04,nicole-sttivend,interior,https://www.inaturalist.org/observations/141109029
COL_ANURA_0015,Pristimantis taeniatus,133259212,6.4039418491,-75.1360448406,3016,2022-04-06,biottero,interior,https://www.inaturalist.org/observations/133259212
COL_ANURA_0015,Pristimantis taeniatus,133127618,7.1078113376,-74.7026131547,510,2022-02-18,biottero,interior,https://www.inaturalist.org/observations/133127618
COL_ANURA_0015,Pristimantis taeniatus,128655111,6.3758292,-75.141737,600,2017-06-02,biofotografo,interior,https://www.inaturalist.org/observations/128655111
COL_ANURA_0015,Pristimantis taeniatus,115813324,6.9228003,-74.7301797,,2022-05-01,camiloalejandro,interior,https://www.inaturalist.org/observations/115813324
COL_ANURA_0015,Pristimantis taeniatus,100618950,6.057265,-75.185598,709,2020-02-20,marleytgr,interior,https://www.inaturalist.org/observations/100618950
COL_ANURA_0015,Pristimantis taeniatus,91784496,5.8884515725,-75.1877259685,24,2021-08-13,biottero,interior,https://www.inaturalist.org/observations/91784496
COL_ANURA_0015,Pristimantis taeniatus,78579833,7.0660396987,-75.4102363248,4,2020-07-21,edwinmunera,interior,https://www.inaturalist.org/observations/78579833
COL_ANURA_0015,Pristimantis taeniatus,72581809,6.979498,-75.2966019,445,2021-03-17,julianbiol,interior,https://www.inaturalist.org/observations/72581809
COL_ANURA_0015,Pristimantis taeniatus,71924334,6.3940384465,-75.1405701901,4,2021-02-23,camilojotage,interior,https://www.inaturalist.org/observations/71924334
COL_ANURA_0015,Pristimantis taeniatus,71924332,6.3939010165,-75.1405540968,4,2021-02-23,camilojotage,interior,https://www.inaturalist.org/observations/71924332
COL_ANURA_0015,Pristimantis taeniatus,60492212,6.4552356,-74.7912298,211,2019-05-17,estebanalzate,interior,https://www.inaturalist.org/observations/60492212
COL_ANURA_0015,Pristimantis taeniatus,60491724,6.251954764,-75.0149803842,229,2018-11-26,estebanalzate,interior,https://www.inaturalist.org/observations/60491724
COL_ANURA_0015,Pristimantis taeniatus,55826815,7.1717377677,-75.4771140937,,2020-07-21,khristimantis,interior,https://www.inaturalist.org/observations/55826815
COL_ANURA_0015,Pristimantis taeniatus,47468344,6.979498,-75.2966019,445,2020-05-26,julianbiol,interior,https://www.inaturalist.org/observations/47468344
COL_ANURA_0015,Pristimantis taeniatus,29289562,6.2426977651,-75.009208261,4,2019-07-20,llimi,interior,https://www.inaturalist.org/observations/29289562
COL_ANURA_0015,Pristimantis taeniatus,28217222,6.00501,-75.11444,,2019-06-28,wilmar_agudelo,interior,https://www.inaturalist.org/observations/28217222
COL_ANURA_0015,Pristimantis taeniatus,28213904,6.0035233333,-75.1135635278,,2019-07-01,wilmar_agudelo,interior,https://www.inaturalist.org/observations/28213904
COL_ANURA_0015,Pristimantis taeniatus,12400010,6.0338466956,-74.9790816754,344,2018-05-12,juandaza,interior,https://www.inaturalist.org/observations/12400010
COL_ANURA_0015,Pristimantis taeniatus,9843414,5.5757308636,-75.6806302071,31,2012-08-23,estebanalzate,interior,https://www.inaturalist.org/observations/9843414
COL_ANURA_0015,Pristimantis taeniatus,6343192,7.04597,-74.688201,,2017-04-21,camilojotage,interior,https://www.inaturalist.org/observations/6343192
COL_ANURA_0015,Pristimantis taeniatus,6343190,7.0141989304,-74.5639086033,977,2017-04-21,camilojotage,interior,https://www.inaturalist.org/observations/6343190
COL_ANURA_0015,Pristimantis taeniatus,6343189,7.0141365876,-74.563876461,5649,2017-04-21,camilojotage,interior,https://www.inaturalist.org/observations/6343189
COL_ANURA_0015,Pristimantis taeniatus,796104,5.970164,-75.11763,807,2013-01-08,estebanalzate,interior,http://conabio.inaturalist.org/observations/796104
COL_ANURA_0015,Pristimantis taeniatus,91240,6.5816185956,-75.1953833715,,2008-04-22,estebanalzate,interior,http://www.inaturalist.org/observations/91240
COL_ANURA_0015,Pristimantis taeniatus,66409,6.48795,-74.83409,5,2012-04-15,juandaza,interior,http://www.inaturalist.org/observations/66409
COL_ANURA_0015,Pristimantis taeniatus,44988,6.4783850303,-74.9604034424,,2011-12-02,felipe_duarte,interior,http://www.inaturalist.org/observations/44988
COL_ANURA_0015,Pristimantis taeniatus,39196,6.7905491791,-75.0944709778,,2004-08-09,juandaza,interior,http://www.inaturalist.org/observations/39196
COL_ANURA_0029,Dendropsophus columbianus,396401047,6.1876490655,-75.6557087973,206,2026-08-30,leria2,interior,https://www.inaturalist.org/observations/396401047
COL_ANURA_0029,Dendropsophus columbianus,390746984,6.3138605991,-76.1318099499,2063,2026-08-12,kenier_quimera,interior,https://www.inaturalist.org/observations/390746984
COL_ANURA_0029,Dendropsophus columbianus,378350778,6.0712,-75.0213,,2026-07-04,ly18,interior,https://www.inaturalist.org/observations/378350778
COL_ANURA_0029,Dendropsophus columbianus,345557534,6.2178102578,-75.6070662662,216,,dreamyandrea,interior,https://www.inaturalist.org/observations/345557534
COL_ANURA_0029,Dendropsophus columbianus,345189150,5.6240466667,-75.7117616667,3,2026-03-24,alicia_leguizamon,interior,https://www.inaturalist.org/observations/345189150
COL_ANURA_0029,Dendropsophus columbianus,341064398,6.2177688,-75.6075902,100,2026-03-03,dreamyandrea,interior,https://www.inaturalist.org/observations/341064398
COL_ANURA_0029,Dendropsophus columbianus,340791962,5.589125,-75.8132166667,12,2026-02-26,motmotlover,interior,https://www.inaturalist.org/observations/340791962
COL_ANURA_0029,Dendropsophus columbianus,339306709,6.014153,-75.9715423333,,2026-02-17,margoth72457,interior,https://www.inaturalist.org/observations/339306709
COL_ANURA_0029,Dendropsophus columbianus,338729153,5.6674752,-75.7363524997,,2026-02-15,jeroecheverri,interior,https://www.inaturalist.org/observations/338729153
COL_ANURA_0029,Dendropsophus columbianus,338167702,5.8248570367,-75.9349258358,4,2026-02-05,camilojotage,interior,https://www.inaturalist.org/observations/338167702
COL_ANURA_0029,Dendropsophus columbianus,295308565,5.7833762034,-75.7923301309,22,2025-07-02,estebansm10,interior,https://www.inaturalist.org/observations/295308565
COL_ANURA_0029,Dendropsophus columbianus,253628495,5.6686444022,-75.7223875076,83,2024-11-30,pajariando,interior,https://www.inaturalist.org/observations/253628495
COL_ANURA_0029,Dendropsophus columbianus,247699501,5.6802841968,-75.7149956748,222,2024-10-16,entorno_birding,interior,https://www.inaturalist.org/observations/247699501
COL_ANURA_0029,Dendropsophus columbianus,204877541,5.52364,-75.6526589722,,2024-03-29,vasquezvasquez,interior,https://www.inaturalist.org/observations/204877541
COL_ANURA_0029,Dendropsophus columbianus,203967328,5.5988130684,-75.8198174089,1104,2024-03-01,alejandracastiblanco,interior,https://www.inaturalist.org/observations/203967328
COL_ANURA_0029,Dendropsophus columbianus,200228217,5.5969361342,-75.8099777251,19,2024-02-22,danielmesa1,interior,https://www.inaturalist.org/observations/200228217
COL_ANURA_0029,Dendropsophus columbianus,200227921,5.5969304616,-75.8098741248,44,2024-02-22,danielmesa1,interior,https://www.inaturalist.org/observations/200227921
COL_ANURA_0029,Dendropsophus columbianus,200149736,5.6515979921,-75.8769380674,212,2024-01-17,sebast_jllo,interior,https://www.inaturalist.org/observations/200149736
COL_ANURA_0029,Dendropsophus columbianus,198446468,6.0288827354,-75.5964061618,2929,,luisyferagudelo,interior,https://www.inaturalist.org/observations/198446468
COL_ANURA_0029,Dendropsophus columbianus,197801639,5.66845,-75.7233,30,2024-01-04,felipe_barrerao,interior,https://www.inaturalist.org/observations/197801639
COL_ANURA_0029,Dendropsophus columbianus,197762981,5.66839,-75.72356,30,2024-01-03,felipe_barrerao,interior,https://www.inaturalist.org/observations/197762981
COL_ANURA_0029,Dendropsophus columbianus,190432345,5.5963285067,-75.8209724352,16,2023-11-02,danielmesa1,interior,https://www.inaturalist.org/observations/190432345
COL_ANURA_0029,Dendropsophus columbianus,189693380,5.7803867451,-75.8432810381,2236,2023-04-15,johnathan91,interior,https://www.inaturalist.org/observations/189693380
COL_ANURA_0029,Dendropsophus columbianus,182932806,5.6181413781,-75.8364720648,15,2023-08-16,mateohernandezschmidt,interior,https://www.inaturalist.org/observations/182932806
COL_ANURA_0029,Dendropsophus columbianus,172062925,5.62058642,-75.838433,,2023-06-20,sebastianberrio,interior,https://www.inaturalist.org/observations/172062925
COL_ANURA_0029,Dendropsophus columbianus,172062914,5.6205280267,-75.838324545,,2023-06-20,sebastianberrio,interior,https://www.inaturalist.org/observations/172062914
COL_ANURA_0029,Dendropsophus columbianus,171833278,5.61836825,-75.8364986333,,2023-06-21,dbocanumenthe,interior,https://www.inaturalist.org/observations/171833278
COL_ANURA_0029,Dendropsophus columbianus,171833272,5.6205130333,-75.8383155667,,2023-06-20,dbocanumenthe,interior,https://www.inaturalist.org/observations/171833272
COL_ANURA_0029,Dendropsophus columbianus,171806636,5.6184546167,-75.8357430333,,2023-06-19,dbocanumenthe,interior,https://www.inaturalist.org/observations/171806636
COL_ANURA_0029,Dendropsophus columbianus,171806627,5.61845045,-75.8357702,,2023-06-19,dbocanumenthe,interior,https://www.inaturalist.org/observations/171806627
COL_ANURA_0029,Dendropsophus columbianus,169957420,5.6184896567,-75.83583991,,2023-06-19,sebastianberrio,interior,https://www.inaturalist.org/observations/169957420
COL_ANURA_0029,Dendropsophus columbianus,169957413,5.6183747333,-75.8359156733,,2023-06-19,sebastianberrio,interior,https://www.inaturalist.org/observations/169957413
COL_ANURA_0029,Dendropsophus columbianus,169957411,5.618405715,-75.8359087983,,2023-06-19,sebastianberrio,interior,https://www.inaturalist.org/observations/169957411
COL_ANURA_0029,Dendropsophus columbianus,164881032,5.5891777778,-75.8131083333,,2023-05-15,daytonsworld,interior,https://www.inaturalist.org/observations/164881032
COL_ANURA_0029,Dendropsophus columbianus,156490662,5.6821836767,-75.7133706564,340,2022-03-03,mateogarciameja,interior,https://www.inaturalist.org/observations/156490662
COL_ANURA_0029,Dendropsophus columbianus,147167781,5.815911338,-76.0271212249,,2023-01-07,pecosvalleydiamond,interior,https://www.inaturalist.org/observations/147167781
COL_ANURA_0029,Dendropsophus columbianus,147167780,5.8735546187,-76.0278247555,,2023-01-07,pecosvalleydiamond,interior,https://www.inaturalist.org/observations/147167780
COL_ANURA_0029,Dendropsophus columbianus,146841015,5.6174025669,-75.8356960863,437,2023-01-18,felipe_uribe85,interior,https://www.inaturalist.org/observations/146841015
COL_ANURA_0029,Dendropsophus columbianus,144143400,5.618468682,-75.8360015162,4,2022-12-01,mateohernandezschmidt,interior,https://www.inaturalist.org/observations/144143400
COL_ANURA_0029,Dendropsophus columbianus,144043072,5.5891383333,-75.8133466667,16,2022-12-06,gsweet7,interior,https://www.inaturalist.org/observations/144043072
COL_ANURA_0029,Dendropsophus columbianus,135729695,5.656063,-75.766585,,2022-07-20,camiloalejandro,interior,https://www.inaturalist.org/observations/135729695
COL_ANURA_0029,Dendropsophus columbianus,107132029,5.8147783333,-75.798345,,2022-01-25,edwinmunera,interior,https://www.inaturalist.org/observations/107132029
COL_ANURA_0029,Dendropsophus columbianus,10574832,5.6957928,-75.8789363,211,2018-04-02,bryan1091,interior,https://www.inaturalist.org/observations/10574832
COL_ANURA_0029,Dendropsophus columbianus,10470510,5.8064577452,-76.0241447389,1376,2018-03-22,bioexploradoresfarallones,interior,https://www.inaturalist.org/observations/10470510
COL_ANURA_0029,Dendropsophus columbianus,9843409,5.5742359313,-75.6862950325,31,2012-08-23,estebanalzate,interior,https://www.inaturalist.org/observations/9843409
COL_ANURA_0029,Dendropsophus columbianus,7954774,6.3032735331,-75.9551006556,8,2017-09-12,camilojotage,interior,https://www.inaturalist.org/observations/7954774
COL_ANURA_0029,Dendropsophus columbianus,7954771,6.2978534444,-75.9114303333,,2017-09-12,camilojotage,interior,https://www.inaturalist.org/observations/7954771
COL_ANURA_0029,Dendropsophus columbianus,456716,6.396362,-76.265777,1415,2013-06-26,estebanalzate,interior,http://www.inaturalist.org/observations/456716
COL_ANURA_0009,Pristimantis erythropleura,359760828,6.7685377274,-76.1324312165,972,2026-05-09,jeantresbolas,interior,https://www.inaturalist.org/observations/359760828
COL_ANURA_0009,Pristimantis erythropleura,359759496,6.7174293,-76.0912198,,2026-05-09,kevin81996,interior,https://www.inaturalist.org/observations/359759496
COL_ANURA_0009,Pristimantis erythropleura,340034434,6.9853341924,-75.1138692882,122,2025-07-28,fundacion_proaves,interior,https://www.inaturalist.org/observations/340034434
COL_ANURA_0009,Pristimantis erythropleura,339311947,7.1218094108,-75.4033087288,4,2020-07-16,khristimantis,interior,https://www.inaturalist.org/observations/339311947
COL_ANURA_0009,Pristimantis erythropleura,339311931,7.0833011774,-75.5776213682,4,2020-07-15,khristimantis,interior,https://www.inaturalist.org/observations/339311931
COL_ANURA_0009,Pristimantis erythropleura,339311930,7.1038903946,-75.4221429204,4,2020-07-15,khristimantis,interior,https://www.inaturalist.org/observations/339311930
COL_ANURA_0009,Pristimantis erythropleura,339311890,7.1300625464,-75.4511414351,2,2018-04-20,khristimantis,interior,https://www.inaturalist.org/observations/339311890
COL_ANURA_0009,Pristimantis erythropleura,309052673,5.496096,-75.8891724,211,2011-03-29,bioconservancy,interior,https://www.inaturalist.org/observations/309052673
COL_ANURA_0009,Pristimantis erythropleura,294622854,5.8849397076,-75.1737565355,4,2025-05-19,viboral-biodiverso,interior,https://www.inaturalist.org/observations/294622854
COL_ANURA_0009,Pristimantis erythropleura,288251468,5.519505031,-75.8608482728,582,2018-07-04,verdeagua,interior,https://www.inaturalist.org/observations/288251468
COL_ANURA_0009,Pristimantis erythropleura,280424632,6.75398,-76.297475,,2025-05-02,tomkennedy,interior,https://www.inaturalist.org/observations/280424632
COL_ANURA_0009,Pristimantis erythropleura,280424514,6.75399,-76.2974983333,,2025-05-01,tomkennedy,interior,https://www.inaturalist.org/observations/280424514
COL_ANURA_0009,Pristimantis erythropleura,278996274,6.7542166667,-76.29554,,2025-05-01,tomkennedy,interior,https://www.inaturalist.org/observations/278996274
COL_ANURA_0009,Pristimantis erythropleura,278457526,6.75397,-76.2974616667,,2025-04-30,tomkennedy,interior,https://www.inaturalist.org/observations/278457526
COL_ANURA_0009,Pristimantis erythropleura,278293959,6.75397,-76.2974616667,,2025-04-30,tomkennedy,interior,https://www.inaturalist.org/observations/278293959
COL_ANURA_0009,Pristimantis erythropleura,271548562,5.5958680308,-75.9181401506,96,2025-04-18,ldmontoya,interior,https://www.inaturalist.org/observations/271548562
COL_ANURA_0009,Pristimantis erythropleura,250993826,5.795594,-76.067331,200,2023-09-21,marisol_lon,interior,https://www.inaturalist.org/observations/250993826
COL_ANURA_0009,Pristimantis erythropleura,250993825,5.795594,-76.067331,200,2023-09-21,marisol_lon,interior,https://www.inaturalist.org/observations/250993825
COL_ANURA_0009,Pristimantis erythropleura,249167911,5.6636402624,-75.7691589926,4,2024-03-25,reserva_mano_wai,interior,https://www.inaturalist.org/observations/249167911
COL_ANURA_0009,Pristimantis erythropleura,238958729,5.5957752682,-75.8095455542,13,2024-08-30,danielmesa1,interior,https://www.inaturalist.org/observations/238958729
COL_ANURA_0009,Pristimantis erythropleura,238907146,5.5959061111,-75.8095463889,,2024-08-30,danielmesa1,interior,https://www.inaturalist.org/observations/238907146
COL_ANURA_0009,Pristimantis erythropleura,177116781,5.8550282517,-76.096734315,,2023-05-28,bioexploradoresfarallones,interior,https://www.inaturalist.org/observations/177116781
COL_ANURA_0009,Pristimantis erythropleura,172062917,5.6207369233,-75.8382874233,,2023-06-20,sebastianberrio,interior,https://www.inaturalist.org/observations/172062917
COL_ANURA_0009,Pristimantis erythropleura,171833270,5.6203897,-75.8385125,,2023-06-20,dbocanumenthe,interior,https://www.inaturalist.org/observations/171833270
COL_ANURA_0009,Pristimantis erythropleura,82370628,5.5618786224,-75.8228939145,31,2020-12-27,danielmesa1,interior,https://www.inaturalist.org/observations/82370628
COL_ANURA_0009,Pristimantis erythropleura,78577080,7.0948374057,-75.4822620749,4,2020-07-15,edwinmunera,interior,https://www.inaturalist.org/observations/78577080
COL_ANURA_0009,Pristimantis erythropleura,67303684,5.562098809,-75.8229636401,351,2020-12-27,danielmesa1,interior,https://www.inaturalist.org/observations/67303684
COL_ANURA_0009,Pristimantis erythropleura,61183275,7.1101710136,-75.4263243137,,2020-07-15,khristimantis,interior,https://www.inaturalist.org/observations/61183275
COL_ANURA_0009,Pristimantis erythropleura,60488845,5.5698792498,-75.7590579987,214,2018-12-01,estebanalzate,interior,https://www.inaturalist.org/observations/60488845
COL_ANURA_0009,Pristimantis erythropleura,60488842,5.5698792498,-75.7590579987,214,2018-12-01,estebanalzate,interior,https://www.inaturalist.org/observations/60488842
COL_ANURA_0009,Pristimantis erythropleura,58722641,6.7790072256,-76.2811952457,1050,2020-08-01,carlosbranun,interior,https://www.inaturalist.org/observations/58722641
COL_ANURA_0009,Pristimantis erythropleura,54552222,7.1842136006,-75.4107797764,2153,2020-07-16,biottero,interior,https://www.inaturalist.org/observations/54552222
COL_ANURA_0009,Pristimantis erythropleura,50480550,6.2975734507,-76.1653845012,1163,2020-01-11,yojancvargas,interior,https://www.inaturalist.org/observations/50480550
COL_ANURA_0009,Pristimantis erythropleura,42865008,5.5695161916,-75.7586717606,156,2018-05-12,laurarubiorocha,interior,https://www.inaturalist.org/observations/42865008
COL_ANURA_0009,Pristimantis erythropleura,39351417,6.2699406775,-76.1069927925,5,2020-01-14,dbocanumenthe,interior,https://www.inaturalist.org/observations/39351417
COL_ANURA_0009,Pristimantis erythropleura,38788436,6.3979390339,-76.1058262479,37,2020-01-15,dbocanumenthe,interior,https://www.inaturalist.org/observations/38788436
COL_ANURA_0009,Pristimantis erythropleura,38788431,6.2005225086,-76.1376463692,159,2020-01-14,dbocanumenthe,interior,https://www.inaturalist.org/observations/38788431
COL_ANURA_0009,Pristimantis erythropleura,38788428,6.3106443131,-76.0914090498,500,2020-01-14,dbocanumenthe,interior,https://www.inaturalist.org/observations/38788428
COL_ANURA_0009,Pristimantis erythropleura,38788424,6.2420252451,-76.0065726464,5,2020-01-10,dbocanumenthe,interior,https://www.inaturalist.org/observations/38788424
COL_ANURA_0009,Pristimantis erythropleura,38788423,6.7569838911,-76.2485840058,3537,2019-05-05,dbocanumenthe,interior,https://www.inaturalist.org/observations/38788423
COL_ANURA_0009,Pristimantis erythropleura,38561331,6.3671598694,-75.0822610742,4,2020-02-10,khristimantis,interior,https://www.inaturalist.org/observations/38561331
COL_ANURA_0009,Pristimantis erythropleura,38343187,6.2740604207,-76.1874347496,61,2020-01-11,julianbiol,interior,https://www.inaturalist.org/observations/38343187
COL_ANURA_0038,Scinax ruber,382427666,6.2428572997,-75.0033537,,2026-07-17,tatidelosrios,interior,https://www.inaturalist.org/observations/382427666
COL_ANURA_0038,Scinax ruber,321076099,6.4858308806,-75.0196229294,759,2025-10-03,andrea69331,interior,https://www.inaturalist.org/observations/321076099
COL_ANURA_0038,Scinax ruber,312960505,7.6762550782,-76.7031643912,243,2025-09-10,jdaniel4,interior,https://www.inaturalist.org/observations/312960505
COL_ANURA_0038,Scinax ruber,308777299,7.8727244734,-76.6214123787,2,2025-08-19,juancamilousuga-f,interior,https://www.inaturalist.org/observations/308777299
COL_ANURA_0038,Scinax ruber,294747839,8.4433,-76.795005,4,2025-07-02,juanita32170,interior,https://www.inaturalist.org/observations/294747839
COL_ANURA_0038,Scinax ruber,156921192,7.666877938,-76.6244418919,227,2021-07-03,carlosbranun,interior,https://www.inaturalist.org/observations/156921192
COL_ANURA_0038,Scinax ruber,154048038,6.5735691509,-75.2076488414,57,2023-04-03,edmundocat,interior,https://www.inaturalist.org/observations/154048038
COL_ANURA_0038,Scinax ruber,143755131,6.739288,-74.2026509,211,2022-11-18,pedrojosecardonacamacho,interior,https://www.inaturalist.org/observations/143755131
COL_ANURA_0038,Scinax ruber,133127603,7.1045446862,-74.6784189596,1701,,biottero,interior,https://www.inaturalist.org/observations/133127603
COL_ANURA_0038,Scinax ruber,124031787,6.073,-75.15147,,2019-05-17,laurarubiorocha,interior,https://www.inaturalist.org/observations/124031787
COL_ANURA_0038,Scinax ruber,112632871,6.869905,-74.5014033333,9,2022-04-23,juanforero95,interior,https://www.inaturalist.org/observations/112632871
COL_ANURA_0038,Scinax ruber,110051642,7.9759383333,-75.21817,8,2022-03-25,juanforero95,interior,https://www.inaturalist.org/observations/110051642
COL_ANURA_0038,Scinax ruber,104075722,8.817,-76.4259833333,,2021-12-31,jjacevedor,interior,https://www.inaturalist.org/observations/104075722
COL_ANURA_0038,Scinax ruber,91694672,6.3702777778,-75.4675,,2021-08-18,dwkfoster,interior,https://www.inaturalist.org/observations/91694672
COL_ANURA_0038,Scinax ruber,78413269,6.0529895912,-74.6646201611,5,2021-05-07,smejiadu,interior,https://www.inaturalist.org/observations/78413269
COL_ANURA_0038,Scinax ruber,78411747,6.0529629186,-74.6646178141,5,2021-05-04,smejiadu,interior,https://www.inaturalist.org/observations/78411747
COL_ANURA_0038,Scinax ruber,74568427,6.36496255,-74.9868476,8079,,esteban_sanchez,interior,https://www.inaturalist.org/observations/74568427
COL_ANURA_0038,Scinax ruber,67853466,6.2798190972,-75.3552242741,6,2021-01-03,gustavoosorio,interior,https://www.inaturalist.org/observations/67853466
COL_ANURA_0038,Scinax ruber,65167519,6.0527091959,-74.6645953506,5,2020-11-06,smejiadu,interior,https://www.inaturalist.org/observations/65167519
COL_ANURA_0038,Scinax ruber,51936696,5.9970673047,-75.8059502987,31,2020-06-21,camilojotage,interior,https://www.inaturalist.org/observations/51936696
COL_ANURA_0038,Scinax ruber,34280826,6.5372190475,-75.078086853,,2019-10-12,muchemelepro,interior,https://www.inaturalist.org/observations/34280826
COL_ANURA_0038,Scinax ruber,33875963,7.6257755105,-76.6569484568,1,2019-09-02,khristimantis,interior,https://www.inaturalist.org/observations/33875963
COL_ANURA_0038,Scinax ruber,24952076,6.455236,-74.79123,1026,2019-05-06,khristimantis,interior,https://www.inaturalist.org/observations/24952076
COL_ANURA_0038,Scinax ruber,23089778,6.2659487254,-75.5685647423,8,2019-04-12,dnd99,interior,https://www.inaturalist.org/observations/23089778
COL_ANURA_0038,Scinax ruber,22398309,6.2660088539,-75.5683822632,,2019-04-12,sesernam,interior,https://www.inaturalist.org/observations/22398309
COL_ANURA_0038,Scinax ruber,9912978,6.0768886684,-74.7884845734,122,2015-12-17,estebanalzate,interior,https://www.inaturalist.org/observations/9912978
COL_ANURA_0038,Scinax ruber,895208,5.89814,-74.729519,1057,,yleontolosa,interior,http://www.inaturalist.org/observations/895208
COL_ANURA_0038,Scinax ruber,755455,5.892169,-74.855808,,2010-03-09,estebanalzate,interior,http://www.inaturalist.org/observations/755455
COL_ANURA_0026,Boana rosenbergi,370090645,6.0236444444,-74.8125444444,5,2025-08-13,elizaocampo,interior,https://www.inaturalist.org/observations/370090645
COL_ANURA_0026,Boana rosenbergi,359204600,8.521305924,-76.5306158736,7,2026-04-28,sirlyssantacruz2007,interior,https://www.inaturalist.org/observations/359204600
COL_ANURA_0026,Boana rosenbergi,358353575,8.0845853015,-76.7177780718,12,2026-05-04,jannysescobar,interior,https://www.inaturalist.org/observations/358353575
COL_ANURA_0026,Boana rosenbergi,357259857,8.5212066667,-76.5306261111,,2026-05-01,lidis2,interior,https://www.inaturalist.org/observations/357259857
COL_ANURA_0026,Boana rosenbergi,349429734,7.20042,-76.4117729722,,2026-03-31,yurani47659,interior,https://www.inaturalist.org/observations/349429734
COL_ANURA_0026,Boana rosenbergi,348580977,8.0855515893,-76.7185743526,15,2026-04-09,melisa31436,interior,https://www.inaturalist.org/observations/348580977
COL_ANURA_0026,Boana rosenbergi,338221972,8.53558,-76.5432716667,,2026-02-08,mateo82302,interior,https://www.inaturalist.org/observations/338221972
COL_ANURA_0026,Boana rosenbergi,337254109,6.6136952785,-74.6396903694,206,2023-04-24,jhon24588,interior,https://www.inaturalist.org/observations/337254109
COL_ANURA_0026,Boana rosenbergi,325926490,7.90198,-76.6090083333,4,2025-11-03,pgkaestner,interior,https://www.inaturalist.org/observations/325926490
COL_ANURA_0026,Boana rosenbergi,285921000,7.1856,-76.3759783333,3,2025-05-08,diegocueva,interior,https://www.inaturalist.org/observations/285921000
COL_ANURA_0026,Boana rosenbergi,279149665,7.8456599782,-76.6209600493,5,2025-02-15,julio_arepas,interior,https://www.inaturalist.org/observations/279149665
COL_ANURA_0026,Boana rosenbergi,267650164,7.1838985968,-76.4705179632,1597,2025-02-09,santiagoospina,interior,https://www.inaturalist.org/observations/267650164
COL_ANURA_0026,Boana rosenbergi,264024710,7.1901017892,-76.3854843378,207,2025-02-03,benoit_segerer,interior,https://www.inaturalist.org/observations/264024710
COL_ANURA_0026,Boana rosenbergi,260597983,7.1880778,-76.3788945,,2025-02-03,fabnaturalist,interior,https://www.inaturalist.org/observations/260597983
COL_ANURA_0026,Boana rosenbergi,225632483,7.2211061689,-76.4013034839,244,2024-06-23,ivanlau,interior,https://www.inaturalist.org/observations/225632483
COL_ANURA_0026,Boana rosenbergi,220792795,5.9562966667,-75.7976833333,4,2024-06-05,juancaf10,interior,https://www.inaturalist.org/observations/220792795
COL_ANURA_0026,Boana rosenbergi,192955335,7.0980906223,-74.7250774875,649,2023-11-19,angeldam,interior,https://www.inaturalist.org/observations/192955335
COL_ANURA_0026,Boana rosenbergi,147167785,5.98468804,-76.0014859782,,2023-01-07,pecosvalleydiamond,interior,https://www.inaturalist.org/observations/147167785
COL_ANURA_0026,Boana rosenbergi,145537010,7.1867059443,-76.3724817856,578,2020-02-23,estebanalzate,interior,https://www.inaturalist.org/observations/145537010
COL_ANURA_0026,Boana rosenbergi,116267907,6.8583866667,-74.4897166667,4,2022-04-23,juanforero95,interior,https://www.inaturalist.org/observations/116267907
COL_ANURA_0026,Boana rosenbergi,64189553,7.0344697431,-76.3362529501,1015,2019-12-04,herik,interior,https://www.inaturalist.org/observations/64189553
COL_ANURA_0026,Boana rosenbergi,12342418,6.9350866667,-74.480895,,2018-05-04,danielvelez,interior,https://www.inaturalist.org/observations/12342418
COL_ANURA_0026,Boana rosenbergi,9759132,7.0887128588,-75.0703525543,122,2012-05-12,estebanalzate,interior,https://www.inaturalist.org/observations/9759132
COL_ANURA_0026,Boana rosenbergi,9759090,7.0907570452,-75.0695800781,122,2012-05-12,estebanalzate,interior,https://www.inaturalist.org/observations/9759090
COL_ANURA_0026,Boana rosenbergi,9505427,6.8043133992,-74.6654248238,15,2017-06-28,sebasdavilamv,interior,https://www.inaturalist.org/observations/9505427
COL_ANURA_0040,Leptodactylus colombiensis,347662459,6.3703700972,-75.4677338898,100,2026-04-05,dwkfoster,interior,https://www.inaturalist.org/observations/347662459
COL_ANURA_0040,Leptodactylus colombiensis,347621718,6.3700986,-75.4676188,,2026-04-05,dwkfoster,interior,https://www.inaturalist.org/observations/347621718
COL_ANURA_0040,Leptodactylus colombiensis,345355826,6.5121509457,-74.8981413816,1711,2026-02-23,santiagovarelaf,interior,https://www.inaturalist.org/observations/345355826
COL_ANURA_0040,Leptodactylus colombiensis,231676805,6.1879790551,-74.9932269752,1128,2024-07-24,simon_cardona_zapata,interior,https://www.inaturalist.org/observations/231676805
COL_ANURA_0040,Leptodactylus colombiensis,199195351,6.2354494858,-74.8785388535,,2023-09-13,dbocanumenthe,interior,https://www.inaturalist.org/observations/199195351
COL_ANURA_0040,Leptodactylus colombiensis,197756707,6.678905,-74.7848816667,30,2023-12-29,felipe_barrerao,interior,https://www.inaturalist.org/observations/197756707
COL_ANURA_0040,Leptodactylus colombiensis,154050400,6.5737567276,-75.2078314022,69,2023-04-03,edmundocat,interior,https://www.inaturalist.org/observations/154050400
COL_ANURA_0040,Leptodactylus colombiensis,133259220,6.4007075269,-75.1480405593,672,2022-04-07,biottero,interior,https://www.inaturalist.org/observations/133259220
COL_ANURA_0040,Leptodactylus colombiensis,124020931,6.07347,-75.15179,,2019-05-16,laurarubiorocha,interior,https://www.inaturalist.org/observations/124020931
COL_ANURA_0040,Leptodactylus colombiensis,115813323,6.9227549823,-74.7301764499,15,2022-05-01,camiloalejandro,interior,https://www.inaturalist.org/observations/115813323
COL_ANURA_0040,Leptodactylus colombiensis,71924340,6.4136664023,-75.1474486682,8,2021-02-23,camilojotage,interior,https://www.inaturalist.org/observations/71924340
COL_ANURA_0040,Leptodactylus colombiensis,60491720,6.251954764,-75.0149803842,229,2018-11-25,estebanalzate,interior,https://www.inaturalist.org/observations/60491720
COL_ANURA_0040,Leptodactylus colombiensis,42887425,6.332590329,-75.0004986073,1024,2018-11-25,laurarubiorocha,interior,https://www.inaturalist.org/observations/42887425
COL_ANURA_0040,Leptodactylus colombiensis,37859690,6.61125,-75.17417,,2019-11-22,wilmar_agudelo,interior,https://www.inaturalist.org/observations/37859690
COL_ANURA_0040,Leptodactylus colombiensis,36582350,6.5518308472,-75.2135382478,4,2019-12-01,camilojotage,interior,https://www.inaturalist.org/observations/36582350
COL_ANURA_0040,Leptodactylus colombiensis,36582341,6.5507057631,-75.2095631792,4,2019-11-30,camilojotage,interior,https://www.inaturalist.org/observations/36582341
COL_ANURA_0040,Leptodactylus colombiensis,36275697,6.9847383499,-75.1117553711,,2019-11-30,smejiadu,interior,https://www.inaturalist.org/observations/36275697
COL_ANURA_0040,Leptodactylus colombiensis,36063592,6.5516389,-75.1728611111,122,2018-09-09,sebastian2,interior,https://www.inaturalist.org/observations/36063592
COL_ANURA_0040,Leptodactylus colombiensis,28216186,6.0032000278,-75.1128845,,2019-07-01,wilmar_agudelo,interior,https://www.inaturalist.org/observations/28216186
COL_ANURA_0040,Leptodactylus colombiensis,18152026,6.2504140947,-74.8796266094,122,2018-10-05,camilojotage,interior,https://www.inaturalist.org/observations/18152026
COL_ANURA_0040,Leptodactylus colombiensis,18152025,6.2574073905,-74.8829625827,977,2018-10-05,camilojotage,interior,https://www.inaturalist.org/observations/18152025
COL_ANURA_0040,Leptodactylus colombiensis,9758994,6.5468623074,-74.8068523407,122,2016-09-09,estebanalzate,interior,https://www.inaturalist.org/observations/9758994
COL_ANURA_0040,Leptodactylus colombiensis,40025,6.8296248971,-75.2614974976,,2011-10-19,estebanalzate,interior,http://www.inaturalist.org/observations/40025
COL_ANURA_0034,Dendropsophus norandinus,339171555,6.3125812071,-75.0673691735,2,2017-04-08,khristimantis,interior,https://www.inaturalist.org/observations/339171555
COL_ANURA_0034,Dendropsophus norandinus,339171553,6.2865654128,-75.1079054501,4,2017-04-08,khristimantis,interior,https://www.inaturalist.org/observations/339171553
COL_ANURA_0034,Dendropsophus norandinus,339171552,6.2482618127,-75.1610297418,,2017-04-08,khristimantis,interior,https://www.inaturalist.org/observations/339171552
COL_ANURA_0034,Dendropsophus norandinus,339171551,6.3762765833,-75.1376596903,2,2017-04-08,khristimantis,interior,https://www.inaturalist.org/observations/339171551
COL_ANURA_0034,Dendropsophus norandinus,335286233,6.2556388,-75.062169,,2026-01-18,alexispamplona,interior,https://www.inaturalist.org/observations/335286233
COL_ANURA_0034,Dendropsophus norandinus,199195358,6.3400930719,-74.9766977035,,2023-09-14,dbocanumenthe,interior,https://www.inaturalist.org/observations/199195358
COL_ANURA_0034,Dendropsophus norandinus,182771650,5.9363888889,-75.1413888889,50,2023-08-04,felipe_barrerao,interior,https://www.inaturalist.org/observations/182771650
COL_ANURA_0034,Dendropsophus norandinus,182771647,5.9361111111,-75.1416666667,50,2023-08-04,felipe_barrerao,interior,https://www.inaturalist.org/observations/182771647
COL_ANURA_0034,Dendropsophus norandinus,133373847,6.4087414909,-75.1467151799,1194,2022-04-08,biottero,interior,https://www.inaturalist.org/observations/133373847
COL_ANURA_0034,Dendropsophus norandinus,93085420,6.2985600286,-75.1796012828,,2021-06-20,khristimantis,interior,https://www.inaturalist.org/observations/93085420
COL_ANURA_0034,Dendropsophus norandinus,34648323,5.88628,-75.14916,,2019-09-13,wilmar_agudelo,interior,https://www.inaturalist.org/observations/34648323
COL_ANURA_0005,Sachatamia electrops,324593666,6.4735907843,-75.0428829688,,2025-11-02,sebasmc_foto,interior,https://www.inaturalist.org/observations/324593666
COL_ANURA_0005,Sachatamia electrops,197927794,6.0111145535,-75.0521253105,,2024-01-23,vero_0522,interior,https://www.inaturalist.org/observations/197927794
COL_ANURA_0005,Sachatamia electrops,197884576,6.1703148026,-75.1159023084,,2024-01-23,sebastian13009,interior,https://www.inaturalist.org/observations/197884576
COL_ANURA_0005,Sachatamia electrops,156488742,6.4856767665,-75.0677736212,1589,2022-05-19,mateogarciameja,interior,https://www.inaturalist.org/observations/156488742
COL_ANURA_0005,Sachatamia electrops,34660191,5.8472923013,-75.1206270258,,2019-09-14,wilmar_agudelo,interior,https://www.inaturalist.org/observations/34660191
COL_ANURA_0005,Sachatamia electrops,25388999,6.3473348583,-75.1920919718,,2017-08-21,microteiido,interior,https://www.inaturalist.org/observations/25388999
COL_ANURA_0005,Sachatamia electrops,19467476,6.0162842851,-74.9376515379,,2018-12-17,wilmar_agudelo,interior,https://www.inaturalist.org/observations/19467476
COL_ANURA_0012,Pristimantis palmeri,355824959,5.6914744796,-75.881562908,6,2025-10-06,ldmontoya,interior,https://www.inaturalist.org/observations/355824959
COL_ANURA_0012,Pristimantis palmeri,339941552,6.9853341924,-75.1138692882,122,2016-10-28,fundacion_proaves,interior,https://www.inaturalist.org/observations/339941552
COL_ANURA_0012,Pristimantis palmeri,337907177,5.5969683103,-75.8217448753,12,2026-01-28,danielmesa1,interior,https://www.inaturalist.org/observations/337907177
COL_ANURA_0016,Pristimantis thectopternus,190340805,5.5988130684,-75.8198174089,1104,2023-11-05,oscarencisoa,interior,https://www.inaturalist.org/observations/190340805
COL_ANURA_0001,Rheobates palmatus,204808045,6.8543086,-75.8133342,1001,2024-03-30,juand20,interior,https://www.inaturalist.org/observations/204808045
