image_path,decision,rejection_reason,width,height,blur_score,brightness_score,contrast_score,subject_visibility,duplicate_group,leakage_status,taxonomic_status,notes
D:\Anura\data\unknown_open_set_v2\images\new\Boana_geographica\col_obs_107550537_photo_180907238.jpg,ACCEPT,,1024,683,779.41,74.31,50.96,OK,,CLEAN,UNRESOLVED_NOT_IN_REGISTRY_EXPECTED_FOR_UNKNOWN,
D:\Anura\data\unknown_open_set_v2\images\new\Boana_geographica\col_obs_107550537_photo_180907269.jpg,ACCEPT,,1024,683,649.65,104.78,50.48,OK,,CLEAN,UNRESOLVED_NOT_IN_REGISTRY_EXPECTED_FOR_UNKNOWN,
D:\Anura\data\unknown_open_set_v2\images\new\Dendropsophus_labialis\col_obs_399619784_photo_733196554.jpg,ACCEPT,,768,1024,1375.67,99.21,54.24,OK,,CLEAN,UNRESOLVED_NOT_IN_REGISTRY_EXPECTED_FOR_UNKNOWN,
D:\Anura\data\unknown_open_set_v2\images\new\Dendropsophus_labialis\col_obs_399619784_photo_733196666.jpg,ACCEPT,,768,1024,3024.54,100.44,56.69,OK,,CLEAN,UNRESOLVED_NOT_IN_REGISTRY_EXPECTED_FOR_UNKNOWN,
D:\Anura\data\unknown_open_set_v2\images\new\Dendropsophus_labialis\col_obs_399619784_photo_733196738.jpg,ACCEPT,,768,1024,712.27,109.12,50.28,OK,,CLEAN,UNRESOLVED_NOT_IN_REGISTRY_EXPECTED_FOR_UNKNOWN,
D:\Anura\data\unknown_open_set_v2\images\new\Dendropsophus_labialis\col_obs_399619784_photo_733196800.jpg,ACCEPT,,768,1024,855.12,106.51,48.91,OK,,CLEAN,UNRESOLVED_NOT_IN_REGISTRY_EXPECTED_FOR_UNKNOWN,
D:\Anura\data\unknown_open_set_v2\images\new\Dendropsophus_labialis\col_obs_399619784_photo_733196858.jpg,ACCEPT,,768,1024,718.97,105.53,50.0,OK,,CLEAN,UNRESOLVED_NOT_IN_REGISTRY_EXPECTED_FOR_UNKNOWN,
D:\Anura\data\unknown_open_set_v2\images\new\Dendropsophus_labialis\col_obs_399570611_photo_733102662.jpg,ACCEPT,,725,742,103.88,100.22,40.41,OK,,CLEAN,UNRESOLVED_NOT_IN_REGISTRY_EXPECTED_FOR_UNKNOWN,
D:\Anura\data\unknown_open_set_v2\images\new\Dendropsophus_labialis\col_obs_399325213_photo_732623148.jpg,ACCEPT,,768,1024,2471.73,135.13,42.65,OK,,CLEAN,UNRESOLVED_NOT_IN_REGISTRY_EXPECTED_FOR_UNKNOWN,
D:\Anura\data\unknown_open_set_v2\images\new\Dendropsophus_labialis\col_obs_399160300_photo_732311464.jpg,ACCEPT,,768,1024,301.33,59.5,66.74,LOW_CONFIDENCE_FLAT_IMAGE,,CLEAN,UNRESOLVED_NOT_IN_REGISTRY_EXPECTED_FOR_UNKNOWN,low edge density - possible poor subject definition; not auto-rejected
D:\Anura\data\unknown_open_set_v2\images\new\Dendropsophus_labialis\col_obs_398756459_photo_731523344.jpg,ACCEPT,,970,592,1272.79,125.4,64.64,OK,,CLEAN,UNRESOLVED_NOT_IN_REGISTRY_EXPECTED_FOR_UNKNOWN,
D:\Anura\data\unknown_open_set_v2\images\new\Dendropsophus_labialis\col_obs_398587842_photo_731196849.jpg,ACCEPT,,771,1024,2562.8,120.84,56.0,OK,,CLEAN,UNRESOLVED_NOT_IN_REGISTRY_EXPECTED_FOR_UNKNOWN,
D:\Anura\data\unknown_open_set_v2\images\new\Dendropsophus_labialis\col_obs_398587842_photo_731196893.jpg,ACCEPT,,771,1024,3167.82,127.84,51.64,OK,,CLEAN,UNRESOLVED_NOT_IN_REGISTRY_EXPECTED_FOR_UNKNOWN,
D:\Anura\data\unknown_open_set_v2\images\new\Dendropsophus_labialis\col_obs_398587842_photo_731196956.jpg,ACCEPT,,771,1024,3203.85,129.49,53.31,OK,,CLEAN,UNRESOLVED_NOT_IN_REGISTRY_EXPECTED_FOR_UNKNOWN,
D:\Anura\data\unknown_open_set_v2\images\new\Dendropsophus_labialis\col_obs_398344076_photo_730727185.jpg,ACCEPT,,1024,1024,646.73,179.36,51.92,OK,,CLEAN,UNRESOLVED_NOT_IN_REGISTRY_EXPECTED_FOR_UNKNOWN,
D:\Anura\data\unknown_open_set_v2\images\new\Dendropsophus_labialis\col_obs_396451584_photo_727182284.jpg,ACCEPT,,768,1024,417.68,133.55,48.77,OK,,CLEAN,UNRESOLVED_NOT_IN_REGISTRY_EXPECTED_FOR_UNKNOWN,
D:\Anura\data\unknown_open_set_v2\images\new\Dendropsophus_labialis\col_obs_396451584_photo_727182320.jpg,ACCEPT,,768,1024,868.0,125.78,37.9,OK,,CLEAN,UNRESOLVED_NOT_IN_REGISTRY_EXPECTED_FOR_UNKNOWN,
D:\Anura\data\unknown_open_set_v2\images\new\Dendropsophus_labialis\col_obs_396010091_photo_726189292.jpg,ACCEPT,,576,1024,136.55,81.05,45.77,LOW_CONFIDENCE_FLAT_IMAGE,,CLEAN,UNRESOLVED_NOT_IN_REGISTRY_EXPECTED_FOR_UNKNOWN,low edge density - possible poor subject definition; not auto-rejected
D:\Anura\data\unknown_open_set_v2\images\new\Dendropsophus_labialis\col_obs_396010056_photo_726189256.jpg,ACCEPT,,768,1024,247.75,79.6,36.52,OK,,CLEAN,UNRESOLVED_NOT_IN_REGISTRY_EXPECTED_FOR_UNKNOWN,
D:\Anura\data\unknown_open_set_v2\images\new\Dendropsophus_labialis\col_obs_396010025_photo_726189220.jpg,ACCEPT,,1024,768,813.35,69.21,78.7,OK,,CLEAN,UNRESOLVED_NOT_IN_REGISTRY_EXPECTED_FOR_UNKNOWN,
D:\Anura\data\unknown_open_set_v2\images\new\Dendropsophus_labialis\col_obs_395384588_photo_724975242.jpg,ACCEPT,,461,1024,1441.83,115.0,47.17,OK,,CLEAN,UNRESOLVED_NOT_IN_REGISTRY_EXPECTED_FOR_UNKNOWN,
D:\Anura\data\unknown_open_set_v2\images\new\Dendropsophus_labialis\col_obs_395384588_photo_724975270.jpg,ACCEPT,,1024,461,1835.2,151.6,48.95,OK,,CLEAN,UNRESOLVED_NOT_IN_REGISTRY_EXPECTED_FOR_UNKNOWN,
D:\Anura\data\unknown_open_set_v2\images\new\Dendropsophus_labialis\col_obs_395384588_photo_724975307.jpg,ACCEPT,,461,1024,2290.62,112.27,47.04,OK,,CLEAN,UNRESOLVED_NOT_IN_REGISTRY_EXPECTED_FOR_UNKNOWN,
D:\Anura\data\unknown_open_set_v2\images\new\Dendropsophus_labialis\col_obs_395383936_photo_724973807.jpg,ACCEPT,,768,1024,921.05,142.48,53.88,OK,,CLEAN,UNRESOLVED_NOT_IN_REGISTRY_EXPECTED_FOR_UNKNOWN,
D:\Anura\data\unknown_open_set_v2\images\new\Dendropsophus_labialis\col_obs_395383936_photo_724973851.jpg,ACCEPT,,768,1024,3782.61,123.41,50.4,OK,,CLEAN,UNRESOLVED_NOT_IN_REGISTRY_EXPECTED_FOR_UNKNOWN,
D:\Anura\data\unknown_open_set_v2\images\new\Dendropsophus_labialis\col_obs_395383936_photo_724973901.jpg,ACCEPT,,768,1024,3606.78,124.64,50.55,OK,,CLEAN,UNRESOLVED_NOT_IN_REGISTRY_EXPECTED_FOR_UNKNOWN,
D:\Anura\data\unknown_open_set_v2\images\new\Dendropsophus_labialis\col_obs_395383936_photo_724973937.jpg,ACCEPT,,768,1024,2326.79,103.77,54.24,OK,,CLEAN,UNRESOLVED_NOT_IN_REGISTRY_EXPECTED_FOR_UNKNOWN,
D:\Anura\data\unknown_open_set_v2\images\new\Dendropsophus_labialis\col_obs_394769787_photo_723758430.jpg,ACCEPT,,768,1024,1789.93,108.93,64.45,OK,,CLEAN,UNRESOLVED_NOT_IN_REGISTRY_EXPECTED_FOR_UNKNOWN,
D:\Anura\data\unknown_open_set_v2\images\new\Dendropsophus_labialis\col_obs_394769787_photo_723758484.jpg,ACCEPT,,1024,768,899.49,93.23,66.27,OK,,CLEAN,UNRESOLVED_NOT_IN_REGISTRY_EXPECTED_FOR_UNKNOWN,
D:\Anura\data\unknown_open_set_v2\images\new\Dendropsophus_labialis\col_obs_394769787_photo_723758535.jpg,ACCEPT,,1024,768,2156.34,101.57,55.07,OK,,CLEAN,UNRESOLVED_NOT_IN_REGISTRY_EXPECTED_FOR_UNKNOWN,
D:\Anura\data\unknown_open_set_v2\images\new\Dendropsophus_labialis\col_obs_394769787_photo_723758571.jpg,ACCEPT,,768,1024,2194.34,110.94,60.13,OK,,CLEAN,UNRESOLVED_NOT_IN_REGISTRY_EXPECTED_FOR_UNKNOWN,
D:\Anura\data\unknown_open_set_v2\images\new\Dendropsophus_labialis\col_obs_394769787_photo_723758613.jpg,ACCEPT,,768,1024,1368.53,97.39,65.62,OK,,CLEAN,UNRESOLVED_NOT_IN_REGISTRY_EXPECTED_FOR_UNKNOWN,
D:\Anura\data\unknown_open_set_v2\images\new\Dendropsophus_labialis\col_obs_394769787_photo_723758658.jpg,ACCEPT,,768,1024,1054.21,95.62,63.06,OK,,CLEAN,UNRESOLVED_NOT_IN_REGISTRY_EXPECTED_FOR_UNKNOWN,
D:\Anura\data\unknown_open_set_v2\images\new\Dendropsophus_labialis\col_obs_394767990_photo_723754405.jpg,ACCEPT,,768,1024,2134.93,108.89,42.63,OK,,CLEAN,UNRESOLVED_NOT_IN_REGISTRY_EXPECTED_FOR_UNKNOWN,
D:\Anura\data\unknown_open_set_v2\images\new\Dendropsophus_labialis\col_obs_391132715_photo_716655386.jpg,ACCEPT,,771,1024,894.1,139.23,42.76,OK,,CLEAN,UNRESOLVED_NOT_IN_REGISTRY_EXPECTED_FOR_UNKNOWN,
D:\Anura\data\unknown_open_set_v2\images\new\Dendropsophus_labialis\col_obs_390997940_photo_716391189.jpg,ACCEPT,,1024,768,988.8,91.39,28.17,OK,,CLEAN,UNRESOLVED_NOT_IN_REGISTRY_EXPECTED_FOR_UNKNOWN,
D:\Anura\data\unknown_open_set_v2\images\new\Dendropsophus_labialis\col_obs_390050591_photo_714541951.jpg,ACCEPT,,768,1024,1240.52,125.44,55.74,OK,,CLEAN,UNRESOLVED_NOT_IN_REGISTRY_EXPECTED_FOR_UNKNOWN,
D:\Anura\data\unknown_open_set_v2\images\new\Dendropsophus_labialis\col_obs_389794299_photo_714034734.jpg,ACCEPT,,1024,1011,5183.49,127.24,54.3,OK,,CLEAN,UNRESOLVED_NOT_IN_REGISTRY_EXPECTED_FOR_UNKNOWN,
D:\Anura\data\unknown_open_set_v2\images\new\Dendropsophus_labialis\col_obs_388520491_photo_711562412.jpg,ACCEPT,,1024,460,840.88,141.18,49.64,OK,,CLEAN,UNRESOLVED_NOT_IN_REGISTRY_EXPECTED_FOR_UNKNOWN,
D:\Anura\data\unknown_open_set_v2\images\new\Dendropsophus_labialis\col_obs_388285149_photo_711117204.jpg,ACCEPT,,1024,768,1909.74,129.51,49.57,OK,,CLEAN,UNRESOLVED_NOT_IN_REGISTRY_EXPECTED_FOR_UNKNOWN,
D:\Anura\data\unknown_open_set_v2\images\new\Dendropsophus_labialis\col_obs_388207524_photo_710967797.jpg,ACCEPT,,768,1024,5779.74,140.87,46.08,OK,,CLEAN,UNRESOLVED_NOT_IN_REGISTRY_EXPECTED_FOR_UNKNOWN,
D:\Anura\data\unknown_open_set_v2\images\new\Dendropsophus_labialis\col_obs_387093046_photo_708797758.jpg,ACCEPT,,768,1024,4345.16,148.61,36.77,OK,,CLEAN,UNRESOLVED_NOT_IN_REGISTRY_EXPECTED_FOR_UNKNOWN,
D:\Anura\data\unknown_open_set_v2\images\new\Dendropsophus_labialis\col_obs_386932510_photo_708491555.jpg,ACCEPT,,768,1024,465.93,159.88,19.61,OK,,CLEAN,UNRESOLVED_NOT_IN_REGISTRY_EXPECTED_FOR_UNKNOWN,
D:\Anura\data\unknown_open_set_v2\images\new\Dendropsophus_labialis\col_obs_386619505_photo_707895722.jpg,ACCEPT,,768,1024,5646.3,151.76,40.6,OK,,CLEAN,UNRESOLVED_NOT_IN_REGISTRY_EXPECTED_FOR_UNKNOWN,
D:\Anura\data\unknown_open_set_v2\images\new\Dendropsophus_labialis\col_obs_386619505_photo_707895764.jpg,ACCEPT,,576,1024,859.11,128.0,48.84,OK,,CLEAN,UNRESOLVED_NOT_IN_REGISTRY_EXPECTED_FOR_UNKNOWN,
D:\Anura\data\unknown_open_set_v2\images\new\Dendropsophus_labialis\col_obs_386619505_photo_707895813.jpg,ACCEPT,,768,1024,1535.34,125.67,56.35,OK,,CLEAN,UNRESOLVED_NOT_IN_REGISTRY_EXPECTED_FOR_UNKNOWN,
D:\Anura\data\unknown_open_set_v2\images\new\Dendropsophus_labialis\col_obs_386560760_photo_707787787.jpg,ACCEPT,,1024,683,2149.95,95.64,53.74,OK,,CLEAN,UNRESOLVED_NOT_IN_REGISTRY_EXPECTED_FOR_UNKNOWN,
D:\Anura\data\unknown_open_set_v2\images\new\Dendropsophus_labialis\col_obs_385803911_photo_706327013.jpg,ACCEPT,,576,1024,1118.61,117.37,48.81,OK,,CLEAN,UNRESOLVED_NOT_IN_REGISTRY_EXPECTED_FOR_UNKNOWN,
D:\Anura\data\unknown_open_set_v2\images\new\Dendropsophus_labialis\col_obs_384727196_photo_704281761.jpg,ACCEPT,,674,720,164.78,89.35,38.66,LOW_CONFIDENCE_FLAT_IMAGE,,CLEAN,UNRESOLVED_NOT_IN_REGISTRY_EXPECTED_FOR_UNKNOWN,low edge density - possible poor subject definition; not auto-rejected
D:\Anura\data\unknown_open_set_v2\images\new\Dendropsophus_labialis\col_obs_383968818_photo_702814428.jpg,ACCEPT,,1024,768,1673.44,118.71,39.35,OK,,CLEAN,UNRESOLVED_NOT_IN_REGISTRY_EXPECTED_FOR_UNKNOWN,
D:\Anura\data\unknown_open_set_v2\images\new\Dendropsophus_labialis\col_obs_383968627_photo_702813953.jpg,ACCEPT,,768,1024,3950.16,131.05,44.31,OK,,CLEAN,UNRESOLVED_NOT_IN_REGISTRY_EXPECTED_FOR_UNKNOWN,
D:\Anura\data\unknown_open_set_v2\images\new\Dendropsophus_labialis\col_obs_383931685_photo_702745227.jpg,ACCEPT,,768,1024,275.8,104.53,55.96,LOW_CONFIDENCE_FLAT_IMAGE,,CLEAN,UNRESOLVED_NOT_IN_REGISTRY_EXPECTED_FOR_UNKNOWN,low edge density - possible poor subject definition; not auto-rejected
D:\Anura\data\unknown_open_set_v2\images\new\Dendropsophus_labialis\col_obs_383929385_photo_702740737.jpg,ACCEPT,,768,1024,1077.82,119.34,51.93,OK,,CLEAN,UNRESOLVED_NOT_IN_REGISTRY_EXPECTED_FOR_UNKNOWN,
D:\Anura\data\unknown_open_set_v2\images\new\Dendropsophus_labialis\col_obs_383929385_photo_702740800.jpg,ACCEPT,,768,1024,686.59,130.95,56.21,OK,,CLEAN,UNRESOLVED_NOT_IN_REGISTRY_EXPECTED_FOR_UNKNOWN,
D:\Anura\data\unknown_open_set_v2\images\new\Dendropsophus_labialis\col_obs_380176757_photo_695506372.jpg,ACCEPT,,461,1024,5341.83,128.91,53.23,OK,,CLEAN,UNRESOLVED_NOT_IN_REGISTRY_EXPECTED_FOR_UNKNOWN,
D:\Anura\data\unknown_open_set_v2\images\new\Dendropsophus_labialis\col_obs_380176757_photo_695506421.jpg,ACCEPT,,461,1024,1203.03,127.5,57.63,OK,,CLEAN,UNRESOLVED_NOT_IN_REGISTRY_EXPECTED_FOR_UNKNOWN,
D:\Anura\data\unknown_open_set_v2\images\new\Dendropsophus_labialis\col_obs_380176757_photo_695506479.jpg,ACCEPT,,461,1024,383.04,138.45,54.84,OK,,CLEAN,UNRESOLVED_NOT_IN_REGISTRY_EXPECTED_FOR_UNKNOWN,
D:\Anura\data\unknown_open_set_v2\images\new\Dendropsophus_labialis\col_obs_380176757_photo_695506524.jpg,ACCEPT,,461,1024,22059.27,131.92,52.57,OK,,CLEAN,UNRESOLVED_NOT_IN_REGISTRY_EXPECTED_FOR_UNKNOWN,
D:\Anura\data\unknown_open_set_v2\images\new\Dendropsophus_labialis\col_obs_378585244_photo_705829359.jpg,ACCEPT,,1024,768,127.24,51.72,36.01,LOW_CONFIDENCE_FLAT_IMAGE,,CLEAN,UNRESOLVED_NOT_IN_REGISTRY_EXPECTED_FOR_UNKNOWN,low edge density - possible poor subject definition; not auto-rejected
D:\Anura\data\unknown_open_set_v2\images\new\Dendropsophus_labialis\col_obs_378247279_photo_691770162.jpg,ACCEPT,,474,1024,1229.34,80.75,48.47,OK,,CLEAN,UNRESOLVED_NOT_IN_REGISTRY_EXPECTED_FOR_UNKNOWN,
D:\Anura\data\unknown_open_set_v2\images\new\Dendropsophus_labialis\col_obs_378247279_photo_693167418.jpg,ACCEPT,,1024,768,4076.55,135.8,57.45,OK,,CLEAN,UNRESOLVED_NOT_IN_REGISTRY_EXPECTED_FOR_UNKNOWN,
D:\Anura\data\unknown_open_set_v2\images\new\Dendropsophus_labialis\col_obs_376737739_photo_688857231.jpg,ACCEPT,,768,1024,8039.75,147.9,52.97,OK,,CLEAN,UNRESOLVED_NOT_IN_REGISTRY_EXPECTED_FOR_UNKNOWN,
D:\Anura\data\unknown_open_set_v2\images\new\Dendropsophus_labialis\col_obs_374130656_photo_683802225.jpg,ACCEPT,,940,1024,1700.99,96.15,36.03,OK,,CLEAN,UNRESOLVED_NOT_IN_REGISTRY_EXPECTED_FOR_UNKNOWN,
D:\Anura\data\unknown_open_set_v2\images\new\Dendropsophus_labialis\col_obs_373457992_photo_682516129.jpg,ACCEPT,,768,1024,1166.2,70.72,80.43,OK,,CLEAN,UNRESOLVED_NOT_IN_REGISTRY_EXPECTED_FOR_UNKNOWN,
D:\Anura\data\unknown_open_set_v2\images\new\Dendropsophus_labialis\col_obs_373457992_photo_682516144.jpg,ACCEPT,,768,1024,1356.32,135.09,21.96,OK,,CLEAN,UNRESOLVED_NOT_IN_REGISTRY_EXPECTED_FOR_UNKNOWN,
D:\Anura\data\unknown_open_set_v2\images\new\Dendropsophus_labialis\col_obs_373457992_photo_682516168.jpg,ACCEPT,,768,1024,2842.21,127.94,52.36,OK,,CLEAN,UNRESOLVED_NOT_IN_REGISTRY_EXPECTED_FOR_UNKNOWN,
D:\Anura\data\unknown_open_set_v2\images\new\Dendropsophus_labialis\col_obs_373457992_photo_682516195.jpg,ACCEPT,,771,1024,3924.7,127.54,60.88,OK,,CLEAN,UNRESOLVED_NOT_IN_REGISTRY_EXPECTED_FOR_UNKNOWN,
D:\Anura\data\unknown_open_set_v2\images\new\Dendropsophus_labialis\col_obs_373457992_photo_682516228.jpg,ACCEPT,,768,1024,881.2,121.98,47.69,OK,,CLEAN,UNRESOLVED_NOT_IN_REGISTRY_EXPECTED_FOR_UNKNOWN,
D:\Anura\data\unknown_open_set_v2\images\new\Dendropsophus_labialis\col_obs_373457992_photo_682516262.jpg,ACCEPT,,768,1024,2745.31,106.17,69.04,OK,,CLEAN,UNRESOLVED_NOT_IN_REGISTRY_EXPECTED_FOR_UNKNOWN,
D:\Anura\data\unknown_open_set_v2\images\new\Dendropsophus_labialis\col_obs_373094275_photo_681815521.jpg,ACCEPT,,576,1024,103.35,96.97,68.58,LOW_CONFIDENCE_FLAT_IMAGE,,CLEAN,UNRESOLVED_NOT_IN_REGISTRY_EXPECTED_FOR_UNKNOWN,low edge density - possible poor subject definition; not auto-rejected
D:\Anura\data\unknown_open_set_v2\images\new\Dendropsophus_labialis\col_obs_373092737_photo_681812424.jpg,ACCEPT,,363,336,542.49,100.26,53.87,OK,,CLEAN,UNRESOLVED_NOT_IN_REGISTRY_EXPECTED_FOR_UNKNOWN,
D:\Anura\data\unknown_open_set_v2\images\new\Dendropsophus_labialis\col_obs_373092737_photo_681812477.jpg,ACCEPT,,268,278,58.86,150.91,34.73,LOW_CONFIDENCE_FLAT_IMAGE,,CLEAN,UNRESOLVED_NOT_IN_REGISTRY_EXPECTED_FOR_UNKNOWN,low edge density - possible poor subject definition; not auto-rejected
D:\Anura\data\unknown_open_set_v2\images\new\Dendropsophus_labialis\col_obs_373092737_photo_681812530.jpg,ACCEPT,,398,251,145.73,116.76,29.48,OK,,CLEAN,UNRESOLVED_NOT_IN_REGISTRY_EXPECTED_FOR_UNKNOWN,
D:\Anura\data\unknown_open_set_v2\images\new\Dendropsophus_labialis\col_obs_373025436_photo_681683401.jpg,ACCEPT,,1024,771,3676.54,154.71,61.13,OK,,CLEAN,UNRESOLVED_NOT_IN_REGISTRY_EXPECTED_FOR_UNKNOWN,
D:\Anura\data\unknown_open_set_v2\images\new\Dendropsophus_labialis\col_obs_372650690_photo_680971980.jpg,ACCEPT,,768,1024,4472.76,126.85,51.52,OK,,CLEAN,UNRESOLVED_NOT_IN_REGISTRY_EXPECTED_FOR_UNKNOWN,
D:\Anura\data\unknown_open_set_v2\images\new\Dendropsophus_labialis\col_obs_372634674_photo_680943033.jpg,ACCEPT,,768,1024,826.88,155.32,35.4,OK,,CLEAN,UNRESOLVED_NOT_IN_REGISTRY_EXPECTED_FOR_UNKNOWN,
D:\Anura\data\unknown_open_set_v2\images\new\Dendropsophus_minutus\col_obs_387229249_photo_709057878.jpg,ACCEPT,,683,1024,2192.49,48.69,50.43,OK,,CLEAN,UNRESOLVED_NOT_IN_REGISTRY_EXPECTED_FOR_UNKNOWN,
D:\Anura\data\unknown_open_set_v2\images\new\Dendropsophus_minutus\col_obs_328123606_photo_594519359.jpg,ACCEPT,,1024,768,873.9,94.74,66.68,OK,,CLEAN,UNRESOLVED_NOT_IN_REGISTRY_EXPECTED_FOR_UNKNOWN,
D:\Anura\data\unknown_open_set_v2\images\new\Dendropsophus_minutus\col_obs_328123606_photo_594519402.jpg,ACCEPT,,768,1024,2619.56,100.56,42.31,OK,,CLEAN,UNRESOLVED_NOT_IN_REGISTRY_EXPECTED_FOR_UNKNOWN,
D:\Anura\data\unknown_open_set_v2\images\new\Dendropsophus_minutus\col_obs_328123606_photo_594519439.jpg,ACCEPT,,1024,768,1986.09,102.08,69.97,OK,,CLEAN,UNRESOLVED_NOT_IN_REGISTRY_EXPECTED_FOR_UNKNOWN,
D:\Anura\data\unknown_open_set_v2\images\new\Dendropsophus_minutus\col_obs_258917554_photo_464659153.jpg,ACCEPT,,1024,683,299.68,69.92,36.85,LOW_CONFIDENCE_FLAT_IMAGE,,CLEAN,UNRESOLVED_NOT_IN_REGISTRY_EXPECTED_FOR_UNKNOWN,low edge density - possible poor subject definition; not auto-rejected
D:\Anura\data\unknown_open_set_v2\images\new\Dendropsophus_minutus\col_obs_227375842_photo_403356103.jpg,ACCEPT,,819,1024,345.36,76.56,41.52,OK,,CLEAN,UNRESOLVED_NOT_IN_REGISTRY_EXPECTED_FOR_UNKNOWN,
D:\Anura\data\unknown_open_set_v2\images\new\Dendropsophus_minutus\col_obs_227375837_photo_403356072.jpg,ACCEPT,,1024,640,274.57,74.4,39.14,LOW_CONFIDENCE_FLAT_IMAGE,,CLEAN,UNRESOLVED_NOT_IN_REGISTRY_EXPECTED_FOR_UNKNOWN,low edge density - possible poor subject definition; not auto-rejected
D:\Anura\data\unknown_open_set_v2\images\new\Dendropsophus_minutus\col_obs_227375836_photo_403356060.jpg,ACCEPT,,1024,640,729.57,59.14,32.42,OK,,CLEAN,UNRESOLVED_NOT_IN_REGISTRY_EXPECTED_FOR_UNKNOWN,
D:\Anura\data\unknown_open_set_v2\images\new\Dendropsophus_minutus\col_obs_155752728_photo_269266694.jpg,ACCEPT,,1024,767,247.6,181.55,20.21,OK,,CLEAN,UNRESOLVED_NOT_IN_REGISTRY_EXPECTED_FOR_UNKNOWN,
D:\Anura\data\unknown_open_set_v2\images\new\Dendropsophus_minutus\col_obs_146969492_photo_252803736.jpg,ACCEPT,,1024,683,402.16,77.15,51.36,OK,,CLEAN,UNRESOLVED_NOT_IN_REGISTRY_EXPECTED_FOR_UNKNOWN,
D:\Anura\data\unknown_open_set_v2\images\new\Dendropsophus_minutus\col_obs_146571780_photo_252020902.jpg,ACCEPT,,1024,768,820.51,210.06,40.86,OK,,CLEAN,UNRESOLVED_NOT_IN_REGISTRY_EXPECTED_FOR_UNKNOWN,
D:\Anura\data\unknown_open_set_v2\images\new\Dendropsophus_minutus\col_obs_124327432_photo_210718992.jpg,ACCEPT,,1024,768,1723.75,96.73,80.62,OK,,CLEAN,UNRESOLVED_NOT_IN_REGISTRY_EXPECTED_FOR_UNKNOWN,
D:\Anura\data\unknown_open_set_v2\images\new\Dendropsophus_minutus\col_obs_51550652_photo_81908343.jpg,ACCEPT,,1024,768,1016.12,134.44,62.51,OK,,CLEAN,UNRESOLVED_NOT_IN_REGISTRY_EXPECTED_FOR_UNKNOWN,
D:\Anura\data\unknown_open_set_v2\images\new\Dendropsophus_minutus\col_obs_51550640_photo_81908167.jpg,ACCEPT,,1024,768,620.66,115.57,56.53,OK,,CLEAN,UNRESOLVED_NOT_IN_REGISTRY_EXPECTED_FOR_UNKNOWN,
D:\Anura\data\unknown_open_set_v2\images\new\Dendropsophus_minutus\col_obs_45321743_photo_71860988.jpg,ACCEPT,,1024,768,901.84,61.58,53.3,OK,,CLEAN,UNRESOLVED_NOT_IN_REGISTRY_EXPECTED_FOR_UNKNOWN,
D:\Anura\data\unknown_open_set_v2\images\new\Dendropsophus_minutus\col_obs_43528264_photo_69059276.jpg,ACCEPT,,1024,768,730.44,59.72,75.81,OK,,CLEAN,UNRESOLVED_NOT_IN_REGISTRY_EXPECTED_FOR_UNKNOWN,
D:\Anura\data\unknown_open_set_v2\images\new\Dendropsophus_minutus\col_obs_43528255_photo_69059133.jpg,ACCEPT,,1024,768,389.77,89.96,55.97,OK,,CLEAN,UNRESOLVED_NOT_IN_REGISTRY_EXPECTED_FOR_UNKNOWN,
D:\Anura\data\unknown_open_set_v2\images\new\Dendropsophus_minutus\col_obs_43528235_photo_69058112.jpg,ACCEPT,,1024,768,499.8,79.23,67.79,OK,,CLEAN,UNRESOLVED_NOT_IN_REGISTRY_EXPECTED_FOR_UNKNOWN,
D:\Anura\data\unknown_open_set_v2\images\new\Dendropsophus_minutus\col_obs_32311040_photo_50664611.jpg,ACCEPT,,1024,768,228.22,77.62,57.84,OK,,CLEAN,UNRESOLVED_NOT_IN_REGISTRY_EXPECTED_FOR_UNKNOWN,
D:\Anura\data\unknown_open_set_v2\images\new\Dendropsophus_minutus\col_obs_30797017_photo_48136311.jpg,ACCEPT,,1024,768,271.66,77.69,62.52,OK,,CLEAN,UNRESOLVED_NOT_IN_REGISTRY_EXPECTED_FOR_UNKNOWN,
D:\Anura\data\unknown_open_set_v2\images\new\Dendropsophus_minutus\col_obs_30684603_photo_47950068.jpg,ACCEPT,,1024,576,940.71,89.83,69.95,OK,,CLEAN,UNRESOLVED_NOT_IN_REGISTRY_EXPECTED_FOR_UNKNOWN,
D:\Anura\data\unknown_open_set_v2\images\new\Dendropsophus_minutus\col_obs_30684603_photo_47950056.jpg,ACCEPT,,1024,576,864.87,55.39,71.28,OK,,CLEAN,UNRESOLVED_NOT_IN_REGISTRY_EXPECTED_FOR_UNKNOWN,
D:\Anura\data\unknown_open_set_v2\images\new\Dendropsophus_minutus\col_obs_30684603_photo_47950043.jpg,ACCEPT,,1024,576,1071.33,59.35,71.73,OK,,CLEAN,UNRESOLVED_NOT_IN_REGISTRY_EXPECTED_FOR_UNKNOWN,
D:\Anura\data\unknown_open_set_v2\images\new\Pristimantis_w_nigrum\col_obs_340834208_photo_620326464.jpg,ACCEPT,,1024,768,4283.55,23.88,41.81,OK,,CLEAN,UNRESOLVED_NOT_IN_REGISTRY_EXPECTED_FOR_UNKNOWN,
D:\Anura\data\unknown_open_set_v2\images\new\Pristimantis_w_nigrum\col_obs_340805581_photo_620267697.jpg,ACCEPT,,1024,768,4474.68,23.87,41.93,OK,,CLEAN,UNRESOLVED_NOT_IN_REGISTRY_EXPECTED_FOR_UNKNOWN,
D:\Anura\data\unknown_open_set_v2\images\new\Pristimantis_w_nigrum\col_obs_338160441_photo_614900652.jpg,ACCEPT,,768,1024,7588.59,110.06,58.92,OK,,CLEAN,UNRESOLVED_NOT_IN_REGISTRY_EXPECTED_FOR_UNKNOWN,
D:\Anura\data\unknown_open_set_v2\images\new\Pristimantis_w_nigrum\col_obs_338160441_photo_614900681.jpg,ACCEPT,,768,1024,788.06,99.08,55.67,OK,,CLEAN,UNRESOLVED_NOT_IN_REGISTRY_EXPECTED_FOR_UNKNOWN,
D:\Anura\data\unknown_open_set_v2\images\new\Pristimantis_w_nigrum\col_obs_338160441_photo_614900699.jpg,ACCEPT,,1024,768,437.36,145.76,55.91,LOW_CONFIDENCE_FLAT_IMAGE,,CLEAN,UNRESOLVED_NOT_IN_REGISTRY_EXPECTED_FOR_UNKNOWN,low edge density - possible poor subject definition; not auto-rejected
D:\Anura\data\unknown_open_set_v2\images\new\Pristimantis_w_nigrum\col_obs_338160441_photo_614900730.jpg,ACCEPT,,1024,768,308.31,134.49,49.29,LOW_CONFIDENCE_FLAT_IMAGE,,CLEAN,UNRESOLVED_NOT_IN_REGISTRY_EXPECTED_FOR_UNKNOWN,low edge density - possible poor subject definition; not auto-rejected
D:\Anura\data\unknown_open_set_v2\images\new\Pristimantis_w_nigrum\col_obs_338160441_photo_614900743.jpg,ACCEPT,,1024,768,699.01,110.03,54.64,OK,,CLEAN,UNRESOLVED_NOT_IN_REGISTRY_EXPECTED_FOR_UNKNOWN,
D:\Anura\data\unknown_open_set_v2\images\new\Pristimantis_w_nigrum\col_obs_338160441_photo_614900767.jpg,ACCEPT,,1024,768,617.36,115.57,60.03,OK,,CLEAN,UNRESOLVED_NOT_IN_REGISTRY_EXPECTED_FOR_UNKNOWN,
D:\Anura\data\unknown_open_set_v2\images\new\Pristimantis_w_nigrum\col_obs_338160441_photo_718542512.jpg,ACCEPT,,768,1024,902.69,65.58,29.32,OK,,CLEAN,UNRESOLVED_NOT_IN_REGISTRY_EXPECTED_FOR_UNKNOWN,
D:\Anura\data\unknown_open_set_v2\images\new\Pristimantis_w_nigrum\col_obs_279571425_photo_502042424.jpg,ACCEPT,,806,1024,322.97,144.33,41.14,LOW_CONFIDENCE_FLAT_IMAGE,,CLEAN,UNRESOLVED_NOT_IN_REGISTRY_EXPECTED_FOR_UNKNOWN,low edge density - possible poor subject definition; not auto-rejected
D:\Anura\data\unknown_open_set_v2\images\new\Pristimantis_w_nigrum\col_obs_279571425_photo_502042502.jpg,ACCEPT,,728,1024,238.29,140.29,47.77,LOW_CONFIDENCE_FLAT_IMAGE,,CLEAN,UNRESOLVED_NOT_IN_REGISTRY_EXPECTED_FOR_UNKNOWN,low edge density - possible poor subject definition; not auto-rejected
D:\Anura\data\unknown_open_set_v2\images\new\Pristimantis_w_nigrum\col_obs_279571425_photo_502042587.jpg,ACCEPT,,648,1024,564.54,148.07,39.19,OK,,CLEAN,UNRESOLVED_NOT_IN_REGISTRY_EXPECTED_FOR_UNKNOWN,
D:\Anura\data\unknown_open_set_v2\images\new\Pristimantis_w_nigrum\col_obs_279571425_photo_502042675.jpg,ACCEPT,,970,1024,393.25,143.08,56.2,OK,,CLEAN,UNRESOLVED_NOT_IN_REGISTRY_EXPECTED_FOR_UNKNOWN,
D:\Anura\data\unknown_open_set_v2\images\new\Pristimantis_w_nigrum\col_obs_279571425_photo_502042747.jpg,ACCEPT,,840,1024,478.58,161.84,55.47,OK,,CLEAN,UNRESOLVED_NOT_IN_REGISTRY_EXPECTED_FOR_UNKNOWN,
D:\Anura\data\unknown_open_set_v2\images\new\Pristimantis_w_nigrum\col_obs_279571425_photo_502042791.jpg,ACCEPT,,956,1024,796.8,131.54,38.96,OK,,CLEAN,UNRESOLVED_NOT_IN_REGISTRY_EXPECTED_FOR_UNKNOWN,
D:\Anura\data\unknown_open_set_v2\images\new\Pristimantis_w_nigrum\col_obs_279571425_photo_502042849.jpg,ACCEPT,,1024,909,443.18,154.37,39.18,LOW_CONFIDENCE_FLAT_IMAGE,,CLEAN,UNRESOLVED_NOT_IN_REGISTRY_EXPECTED_FOR_UNKNOWN,low edge density - possible poor subject definition; not auto-rejected
D:\Anura\data\unknown_open_set_v2\images\new\Pristimantis_w_nigrum\col_obs_279571425_photo_502042941.jpg,ACCEPT,,1024,758,347.82,159.91,37.71,LOW_CONFIDENCE_FLAT_IMAGE,,CLEAN,UNRESOLVED_NOT_IN_REGISTRY_EXPECTED_FOR_UNKNOWN,low edge density - possible poor subject definition; not auto-rejected
D:\Anura\data\unknown_open_set_v2\images\new\Pristimantis_w_nigrum\col_obs_279571425_photo_502043033.jpg,ACCEPT,,1024,853,191.89,159.81,41.16,LOW_CONFIDENCE_FLAT_IMAGE,,CLEAN,UNRESOLVED_NOT_IN_REGISTRY_EXPECTED_FOR_UNKNOWN,low edge density - possible poor subject definition; not auto-rejected
D:\Anura\data\unknown_open_set_v2\images\new\Pristimantis_w_nigrum\col_obs_279571425_photo_502043102.jpg,ACCEPT,,1024,924,256.58,159.01,39.16,LOW_CONFIDENCE_FLAT_IMAGE,,CLEAN,UNRESOLVED_NOT_IN_REGISTRY_EXPECTED_FOR_UNKNOWN,low edge density - possible poor subject definition; not auto-rejected
D:\Anura\data\unknown_open_set_v2\images\new\Pristimantis_w_nigrum\col_obs_279571425_photo_502043152.jpg,ACCEPT,,1024,988,561.92,140.11,39.18,OK,,CLEAN,UNRESOLVED_NOT_IN_REGISTRY_EXPECTED_FOR_UNKNOWN,
D:\Anura\data\unknown_open_set_v2\images\new\Pristimantis_w_nigrum\col_obs_279571425_photo_502043192.jpg,ACCEPT,,1024,936,488.49,154.65,39.32,OK,,CLEAN,UNRESOLVED_NOT_IN_REGISTRY_EXPECTED_FOR_UNKNOWN,
D:\Anura\data\unknown_open_set_v2\images\new\Pristimantis_w_nigrum\col_obs_279571425_photo_502043323.jpg,ACCEPT,,932,1024,851.47,158.35,42.06,OK,,CLEAN,UNRESOLVED_NOT_IN_REGISTRY_EXPECTED_FOR_UNKNOWN,
D:\Anura\data\unknown_open_set_v2\images\new\Pristimantis_w_nigrum\col_obs_279571425_photo_502043455.jpg,ACCEPT,,980,1024,1615.58,98.32,45.57,OK,,CLEAN,UNRESOLVED_NOT_IN_REGISTRY_EXPECTED_FOR_UNKNOWN,
D:\Anura\data\unknown_open_set_v2\images\new\Pristimantis_w_nigrum\col_obs_271023878_photo_487474864.jpg,ACCEPT,,1024,768,1590.41,85.8,44.63,OK,,CLEAN,UNRESOLVED_NOT_IN_REGISTRY_EXPECTED_FOR_UNKNOWN,
D:\Anura\data\unknown_open_set_v2\images\new\Pristimantis_w_nigrum\col_obs_271023878_photo_487474923.jpg,ACCEPT,,1024,768,1026.54,100.56,48.36,OK,,CLEAN,UNRESOLVED_NOT_IN_REGISTRY_EXPECTED_FOR_UNKNOWN,
D:\Anura\data\unknown_open_set_v2\images\new\Pristimantis_w_nigrum\col_obs_248157123_photo_443343941.jpg,ACCEPT,,1024,771,2441.53,117.23,62.8,OK,,CLEAN,UNRESOLVED_NOT_IN_REGISTRY_EXPECTED_FOR_UNKNOWN,
D:\Anura\data\unknown_open_set_v2\images\new\Pristimantis_w_nigrum\col_obs_210119130_photo_371708311.jpg,ACCEPT,,768,1024,3102.38,132.13,37.7,OK,,CLEAN,UNRESOLVED_NOT_IN_REGISTRY_EXPECTED_FOR_UNKNOWN,
D:\Anura\data\unknown_open_set_v2\images\new\Pristimantis_w_nigrum\col_obs_210119130_photo_371708402.jpg,ACCEPT,,1024,768,2718.05,111.33,56.6,OK,,CLEAN,UNRESOLVED_NOT_IN_REGISTRY_EXPECTED_FOR_UNKNOWN,
D:\Anura\data\unknown_open_set_v2\images\new\Pristimantis_w_nigrum\col_obs_210119130_photo_371708497.jpg,ACCEPT,,1024,768,6659.68,115.13,58.26,OK,,CLEAN,UNRESOLVED_NOT_IN_REGISTRY_EXPECTED_FOR_UNKNOWN,
D:\Anura\data\unknown_open_set_v2\images\new\Pristimantis_w_nigrum\col_obs_206866984_photo_365849556.jpg,ACCEPT,,1024,768,676.54,175.79,38.29,OK,,CLEAN,UNRESOLVED_NOT_IN_REGISTRY_EXPECTED_FOR_UNKNOWN,
D:\Anura\data\unknown_open_set_v2\images\new\Pristimantis_w_nigrum\col_obs_203467753_photo_359496108.jpg,ACCEPT,,1024,461,992.41,122.98,47.98,OK,,CLEAN,UNRESOLVED_NOT_IN_REGISTRY_EXPECTED_FOR_UNKNOWN,
D:\Anura\data\unknown_open_set_v2\images\new\Pristimantis_w_nigrum\col_obs_182685204_photo_318539854.jpg,ACCEPT,,1024,683,3107.06,62.71,35.44,OK,,CLEAN,UNRESOLVED_NOT_IN_REGISTRY_EXPECTED_FOR_UNKNOWN,
D:\Anura\data\unknown_open_set_v2\images\new\Pristimantis_w_nigrum\col_obs_181187644_photo_315744198.jpg,ACCEPT,,1024,768,2651.33,134.9,75.63,OK,,CLEAN,UNRESOLVED_NOT_IN_REGISTRY_EXPECTED_FOR_UNKNOWN,
D:\Anura\data\unknown_open_set_v2\images\new\Pristimantis_w_nigrum\col_obs_181187644_photo_315744493.jpg,ACCEPT,,1024,768,2065.92,146.39,58.04,OK,,CLEAN,UNRESOLVED_NOT_IN_REGISTRY_EXPECTED_FOR_UNKNOWN,
D:\Anura\data\unknown_open_set_v2\images\new\Pristimantis_w_nigrum\col_obs_144900993_photo_248802299.jpg,ACCEPT,,1024,768,937.39,62.55,34.04,OK,,CLEAN,UNRESOLVED_NOT_IN_REGISTRY_EXPECTED_FOR_UNKNOWN,
D:\Anura\data\unknown_open_set_v2\images\new\Pristimantis_w_nigrum\col_obs_144900993_photo_248802313.jpg,ACCEPT,,1024,768,3620.23,72.06,38.79,OK,,CLEAN,UNRESOLVED_NOT_IN_REGISTRY_EXPECTED_FOR_UNKNOWN,
D:\Anura\data\unknown_open_set_v2\images\new\Pristimantis_w_nigrum\col_obs_134912808_photo_230038244.jpg,ACCEPT,,1024,768,4934.82,59.38,36.82,OK,,CLEAN,UNRESOLVED_NOT_IN_REGISTRY_EXPECTED_FOR_UNKNOWN,
D:\Anura\data\unknown_open_set_v2\images\new\Pristimantis_w_nigrum\col_obs_134912808_photo_230038197.jpg,ACCEPT,,768,1024,814.04,48.31,58.39,OK,,CLEAN,UNRESOLVED_NOT_IN_REGISTRY_EXPECTED_FOR_UNKNOWN,
D:\Anura\data\unknown_open_set_v2\images\new\Pristimantis_w_nigrum\col_obs_134912808_photo_230038372.jpg,ACCEPT,,1024,768,377.86,33.84,54.71,LOW_CONFIDENCE_FLAT_IMAGE,,CLEAN,UNRESOLVED_NOT_IN_REGISTRY_EXPECTED_FOR_UNKNOWN,low edge density - possible poor subject definition; not auto-rejected
D:\Anura\data\unknown_open_set_v2\images\new\Pristimantis_w_nigrum\col_obs_134912808_photo_230038465.jpg,ACCEPT,,1024,768,306.68,80.33,35.43,LOW_CONFIDENCE_FLAT_IMAGE,,CLEAN,UNRESOLVED_NOT_IN_REGISTRY_EXPECTED_FOR_UNKNOWN,low edge density - possible poor subject definition; not auto-rejected
D:\Anura\data\unknown_open_set_v2\images\new\Pristimantis_w_nigrum\col_obs_99697981_photo_166255431.jpg,ACCEPT,,1024,768,267.82,26.03,43.11,OK,,CLEAN,UNRESOLVED_NOT_IN_REGISTRY_EXPECTED_FOR_UNKNOWN,
D:\Anura\data\unknown_open_set_v2\images\new\Pristimantis_w_nigrum\col_obs_99621298_photo_166110548.jpg,ACCEPT,,1024,768,1515.29,124.71,52.09,OK,,CLEAN,UNRESOLVED_NOT_IN_REGISTRY_EXPECTED_FOR_UNKNOWN,
D:\Anura\data\unknown_open_set_v2\images\new\Pristimantis_w_nigrum\col_obs_99621298_photo_166110573.jpg,ACCEPT,,1024,768,1464.24,106.65,52.19,OK,,CLEAN,UNRESOLVED_NOT_IN_REGISTRY_EXPECTED_FOR_UNKNOWN,
D:\Anura\data\unknown_open_set_v2\images\new\Pristimantis_w_nigrum\col_obs_99621298_photo_166110583.jpg,ACCEPT,,1024,768,2436.13,154.1,59.25,OK,,CLEAN,UNRESOLVED_NOT_IN_REGISTRY_EXPECTED_FOR_UNKNOWN,
D:\Anura\data\unknown_open_set_v2\images\new\Pristimantis_w_nigrum\col_obs_68555936_photo_111038856.jpg,ACCEPT,,1024,576,668.04,50.81,38.57,OK,,CLEAN,UNRESOLVED_NOT_IN_REGISTRY_EXPECTED_FOR_UNKNOWN,
D:\Anura\data\unknown_open_set_v2\images\new\Pristimantis_w_nigrum\col_obs_21855420_photo_33857279.jpg,ACCEPT,,1024,681,1352.16,172.83,52.77,OK,,CLEAN,UNRESOLVED_NOT_IN_REGISTRY_EXPECTED_FOR_UNKNOWN,
D:\Anura\data\unknown_open_set_v2\images\new\Pristimantis_w_nigrum\col_obs_21855420_photo_33857821.jpg,ACCEPT,,1024,681,1372.58,190.64,56.51,OK,,CLEAN,UNRESOLVED_NOT_IN_REGISTRY_EXPECTED_FOR_UNKNOWN,
D:\Anura\data\unknown_open_set_v2\images\new\Pristimantis_w_nigrum\col_obs_15832731_photo_23685789.jpg,ACCEPT,,1024,683,966.67,76.07,19.35,OK,,CLEAN,UNRESOLVED_NOT_IN_REGISTRY_EXPECTED_FOR_UNKNOWN,
D:\Anura\data\unknown_open_set_v2\images\new\Pristimantis_w_nigrum\col_obs_9376369_photo_12733814.jpg,ACCEPT,,1024,682,1203.56,64.44,46.93,OK,,CLEAN,UNRESOLVED_NOT_IN_REGISTRY_EXPECTED_FOR_UNKNOWN,
D:\Anura\data\unknown_open_set_v2\images\new\Pristimantis_w_nigrum\col_obs_5236567_photo_6475219.jpg,ACCEPT,,1024,680,1557.32,91.22,32.2,OK,,CLEAN,UNRESOLVED_NOT_IN_REGISTRY_EXPECTED_FOR_UNKNOWN,
D:\Anura\data\unknown_open_set_v2\images\new\Pristimantis_w_nigrum\col_obs_5236567_photo_6475239.jpg,ACCEPT,,1024,681,2035.75,114.01,39.48,OK,,CLEAN,UNRESOLVED_NOT_IN_REGISTRY_EXPECTED_FOR_UNKNOWN,
D:\Anura\data\unknown_open_set_v2\images\new\Pristimantis_w_nigrum\col_obs_1494293_photo_1851054.jpg,ACCEPT,,1024,804,2022.64,211.38,75.57,OK,,CLEAN,UNRESOLVED_NOT_IN_REGISTRY_EXPECTED_FOR_UNKNOWN,
D:\Anura\data\unknown_open_set_v2\images\new\Pristimantis_w_nigrum\col_obs_1494293_photo_1851055.jpg,ACCEPT,,1024,588,1333.55,210.65,77.15,OK,,CLEAN,UNRESOLVED_NOT_IN_REGISTRY_EXPECTED_FOR_UNKNOWN,
D:\Anura\data\unknown_open_set_v2\images\new\Pristimantis_nervicus\col_obs_336617187_photo_611745205.jpg,ACCEPT,,1024,1008,2616.45,112.34,59.73,OK,,CLEAN,UNRESOLVED_NOT_IN_REGISTRY_EXPECTED_FOR_UNKNOWN,
D:\Anura\data\unknown_open_set_v2\images\new\Pristimantis_nervicus\col_obs_336617187_photo_611745223.jpg,ACCEPT,,891,1024,526.32,74.79,46.64,OK,,CLEAN,UNRESOLVED_NOT_IN_REGISTRY_EXPECTED_FOR_UNKNOWN,
D:\Anura\data\unknown_open_set_v2\images\new\Pristimantis_nervicus\col_obs_8513259_photo_11362822.jpg,ACCEPT,,1024,733,4564.57,125.88,56.49,OK,,CLEAN,UNRESOLVED_NOT_IN_REGISTRY_EXPECTED_FOR_UNKNOWN,
D:\Anura\data\unknown_open_set_v2\images\new\Rhinella_marina\col_obs_391427074_photo_717226036.jpg,ACCEPT,,1024,678,1000.44,91.37,26.82,OK,,CLEAN,UNRESOLVED_NOT_IN_REGISTRY_EXPECTED_FOR_UNKNOWN,
D:\Anura\data\unknown_open_set_v2\images\new\Rhinella_marina\col_obs_391102878_photo_716598845.jpg,ACCEPT,,1024,818,1746.32,126.32,44.89,OK,,CLEAN,UNRESOLVED_NOT_IN_REGISTRY_EXPECTED_FOR_UNKNOWN,
D:\Anura\data\unknown_open_set_v2\images\new\Rhinella_marina\col_obs_391102878_photo_716598844.jpg,ACCEPT,,872,1024,2157.62,102.54,43.53,OK,,CLEAN,UNRESOLVED_NOT_IN_REGISTRY_EXPECTED_FOR_UNKNOWN,
D:\Anura\data\unknown_open_set_v2\images\new\Rhinella_marina\col_obs_390170414_photo_714779576.jpg,ACCEPT,,768,1024,7673.12,73.36,72.14,OK,,CLEAN,UNRESOLVED_NOT_IN_REGISTRY_EXPECTED_FOR_UNKNOWN,
D:\Anura\data\unknown_open_set_v2\images\new\Rhinella_marina\col_obs_390170414_photo_714779595.jpg,ACCEPT,,1024,768,2770.87,95.34,65.37,OK,,CLEAN,UNRESOLVED_NOT_IN_REGISTRY_EXPECTED_FOR_UNKNOWN,
D:\Anura\data\unknown_open_set_v2\images\new\Rhinella_marina\col_obs_388641746_photo_711818109.jpg,ACCEPT,,614,606,1520.84,125.77,66.92,OK,,CLEAN,UNRESOLVED_NOT_IN_REGISTRY_EXPECTED_FOR_UNKNOWN,
D:\Anura\data\unknown_open_set_v2\images\new\Rhinella_marina\col_obs_385750002_photo_706219251.jpg,ACCEPT,,768,1024,9250.59,139.02,40.56,OK,,CLEAN,UNRESOLVED_NOT_IN_REGISTRY_EXPECTED_FOR_UNKNOWN,
D:\Anura\data\unknown_open_set_v2\images\new\Rhinella_marina\col_obs_385750002_photo_706219325.jpg,ACCEPT,,1024,768,7648.98,137.59,36.44,OK,,CLEAN,UNRESOLVED_NOT_IN_REGISTRY_EXPECTED_FOR_UNKNOWN,
D:\Anura\data\unknown_open_set_v2\images\new\Rhinella_marina\col_obs_385750002_photo_706219392.jpg,ACCEPT,,1024,768,14687.95,141.05,38.72,OK,,CLEAN,UNRESOLVED_NOT_IN_REGISTRY_EXPECTED_FOR_UNKNOWN,
D:\Anura\data\unknown_open_set_v2\images\new\Rhinella_marina\col_obs_385750002_photo_706219475.jpg,ACCEPT,,1024,768,6711.06,133.36,62.55,OK,,CLEAN,UNRESOLVED_NOT_IN_REGISTRY_EXPECTED_FOR_UNKNOWN,
D:\Anura\data\unknown_open_set_v2\images\new\Rhinella_marina\col_obs_385119922_photo_705037604.jpg,ACCEPT,,768,1024,4215.84,147.74,33.59,OK,,CLEAN,UNRESOLVED_NOT_IN_REGISTRY_EXPECTED_FOR_UNKNOWN,
D:\Anura\data\unknown_open_set_v2\images\new\Rhinella_marina\col_obs_385119922_photo_705037929.jpg,ACCEPT,,768,1024,6565.42,142.47,34.21,OK,,CLEAN,UNRESOLVED_NOT_IN_REGISTRY_EXPECTED_FOR_UNKNOWN,
D:\Anura\data\unknown_open_set_v2\images\new\Rhinella_marina\col_obs_385119922_photo_705038290.jpg,ACCEPT,,768,1024,6294.13,143.22,33.68,OK,,CLEAN,UNRESOLVED_NOT_IN_REGISTRY_EXPECTED_FOR_UNKNOWN,
D:\Anura\data\unknown_open_set_v2\images\new\Rhinella_marina\col_obs_385119722_photo_705037059.jpg,ACCEPT,,768,1024,807.78,123.06,52.89,OK,,CLEAN,UNRESOLVED_NOT_IN_REGISTRY_EXPECTED_FOR_UNKNOWN,
D:\Anura\data\unknown_open_set_v2\images\new\Rhinella_marina\col_obs_385119722_photo_705037394.jpg,ACCEPT,,768,1024,8169.92,120.48,55.99,OK,,CLEAN,UNRESOLVED_NOT_IN_REGISTRY_EXPECTED_FOR_UNKNOWN,
D:\Anura\data\unknown_open_set_v2\images\new\Rhinella_marina\col_obs_385119626_photo_705036889.jpg,ACCEPT,,768,1024,9144.73,118.6,60.68,OK,,CLEAN,UNRESOLVED_NOT_IN_REGISTRY_EXPECTED_FOR_UNKNOWN,
D:\Anura\data\unknown_open_set_v2\images\new\Rhinella_marina\col_obs_383493773_photo_701905803.jpg,ACCEPT,,473,1024,2649.38,62.85,43.07,OK,,CLEAN,UNRESOLVED_NOT_IN_REGISTRY_EXPECTED_FOR_UNKNOWN,
D:\Anura\data\unknown_open_set_v2\images\new\Rhinella_marina\col_obs_383493773_photo_701914770.jpg,ACCEPT,,473,1024,3186.25,62.8,44.3,OK,,CLEAN,UNRESOLVED_NOT_IN_REGISTRY_EXPECTED_FOR_UNKNOWN,
D:\Anura\data\unknown_open_set_v2\images\new\Rhinella_marina\col_obs_383477199_photo_701870438.jpg,ACCEPT,,1024,683,259.45,127.1,39.51,OK,,CLEAN,UNRESOLVED_NOT_IN_REGISTRY_EXPECTED_FOR_UNKNOWN,
D:\Anura\data\unknown_open_set_v2\images\new\Rhinella_marina\col_obs_382751066_photo_700469976.jpg,ACCEPT,,1024,601,470.74,118.58,61.56,OK,,CLEAN,UNRESOLVED_NOT_IN_REGISTRY_EXPECTED_FOR_UNKNOWN,
D:\Anura\data\unknown_open_set_v2\images\new\Rhinella_marina\col_obs_379518265_photo_694222694.jpg,ACCEPT,,769,1024,138.0,21.5,19.21,LOW_CONFIDENCE_FLAT_IMAGE,,CLEAN,UNRESOLVED_NOT_IN_REGISTRY_EXPECTED_FOR_UNKNOWN,low edge density - possible poor subject definition; not auto-rejected
D:\Anura\data\unknown_open_set_v2\images\new\Rhinella_marina\col_obs_373032066_photo_681695095.jpg,ACCEPT,,768,1024,3080.69,105.98,74.98,OK,,CLEAN,UNRESOLVED_NOT_IN_REGISTRY_EXPECTED_FOR_UNKNOWN,
D:\Anura\data\unknown_open_set_v2\images\new\Rhinella_marina\col_obs_372173568_photo_680048282.jpg,ACCEPT,,1024,683,691.9,57.17,46.5,OK,,CLEAN,UNRESOLVED_NOT_IN_REGISTRY_EXPECTED_FOR_UNKNOWN,
D:\Anura\data\unknown_open_set_v2\images\new\Rhinella_marina\col_obs_372173568_photo_680048200.jpg,ACCEPT,,683,1024,2474.72,46.44,28.54,OK,,CLEAN,UNRESOLVED_NOT_IN_REGISTRY_EXPECTED_FOR_UNKNOWN,
D:\Anura\data\unknown_open_set_v2\images\new\Rhinella_marina\col_obs_365072043_photo_666480556.jpg,ACCEPT,,1024,768,812.21,139.39,39.95,OK,,CLEAN,UNRESOLVED_NOT_IN_REGISTRY_EXPECTED_FOR_UNKNOWN,
D:\Anura\data\unknown_open_set_v2\images\new\Rhinella_marina\col_obs_363103603_photo_662774811.jpg,ACCEPT,,1024,819,3598.32,108.79,47.03,OK,,CLEAN,UNRESOLVED_NOT_IN_REGISTRY_EXPECTED_FOR_UNKNOWN,
D:\Anura\data\unknown_open_set_v2\images\new\Rhinella_marina\col_obs_361223025_photo_659208915.jpg,ACCEPT,,1024,819,2598.04,109.32,52.4,OK,,CLEAN,UNRESOLVED_NOT_IN_REGISTRY_EXPECTED_FOR_UNKNOWN,
D:\Anura\data\unknown_open_set_v2\images\new\Rhinella_marina\col_obs_361041033_photo_658867737.jpg,ACCEPT,,768,1024,5202.56,100.73,60.56,OK,,CLEAN,UNRESOLVED_NOT_IN_REGISTRY_EXPECTED_FOR_UNKNOWN,
D:\Anura\data\unknown_open_set_v2\images\new\Rhinella_marina\col_obs_361041033_photo_658868182.jpg,ACCEPT,,1024,768,10456.1,109.93,43.16,OK,,CLEAN,UNRESOLVED_NOT_IN_REGISTRY_EXPECTED_FOR_UNKNOWN,
D:\Anura\data\unknown_open_set_v2\images\new\Rhinella_marina\col_obs_360973558_photo_658731998.jpg,ACCEPT,,1024,768,3092.46,74.89,46.14,OK,,CLEAN,UNRESOLVED_NOT_IN_REGISTRY_EXPECTED_FOR_UNKNOWN,
D:\Anura\data\unknown_open_set_v2\images\new\Rhinella_marina\col_obs_360973558_photo_658732095.jpg,ACCEPT,,768,1024,4241.52,73.58,54.77,OK,,CLEAN,UNRESOLVED_NOT_IN_REGISTRY_EXPECTED_FOR_UNKNOWN,
D:\Anura\data\unknown_open_set_v2\images\new\Rhinella_marina\col_obs_360973558_photo_658732172.jpg,ACCEPT,,768,1024,3087.62,86.33,57.37,OK,,CLEAN,UNRESOLVED_NOT_IN_REGISTRY_EXPECTED_FOR_UNKNOWN,
D:\Anura\data\unknown_open_set_v2\images\new\Rhinella_marina\col_obs_358701067_photo_654379340.jpg,ACCEPT,,1024,768,1105.95,106.94,53.86,OK,,CLEAN,UNRESOLVED_NOT_IN_REGISTRY_EXPECTED_FOR_UNKNOWN,
D:\Anura\data\unknown_open_set_v2\images\new\Rhinella_marina\col_obs_358701067_photo_654379202.jpg,ACCEPT,,1024,768,428.39,155.23,58.47,OK,,CLEAN,UNRESOLVED_NOT_IN_REGISTRY_EXPECTED_FOR_UNKNOWN,
D:\Anura\data\unknown_open_set_v2\images\new\Rhinella_marina\col_obs_358701067_photo_654379196.jpg,ACCEPT,,1024,768,925.81,137.48,63.92,OK,,CLEAN,UNRESOLVED_NOT_IN_REGISTRY_EXPECTED_FOR_UNKNOWN,
D:\Anura\data\unknown_open_set_v2\images\new\Rhinella_marina\col_obs_358701067_photo_654379195.jpg,ACCEPT,,1024,768,315.78,138.6,64.47,OK,,CLEAN,UNRESOLVED_NOT_IN_REGISTRY_EXPECTED_FOR_UNKNOWN,
D:\Anura\data\unknown_open_set_v2\images\new\Rhinella_marina\col_obs_357869344_photo_652770781.jpg,ACCEPT,,1024,668,3779.09,81.72,61.3,OK,,CLEAN,UNRESOLVED_NOT_IN_REGISTRY_EXPECTED_FOR_UNKNOWN,
D:\Anura\data\unknown_open_set_v2\images\new\Rhinella_marina\col_obs_353627520_photo_645191700.jpg,ACCEPT,,768,1024,110.67,115.47,67.12,LOW_CONFIDENCE_FLAT_IMAGE,,CLEAN,UNRESOLVED_NOT_IN_REGISTRY_EXPECTED_FOR_UNKNOWN,low edge density - possible poor subject definition; not auto-rejected
D:\Anura\data\unknown_open_set_v2\images\new\Rhinella_marina\col_obs_353627520_photo_645191858.jpg,ACCEPT,,768,1024,135.37,112.54,67.38,LOW_CONFIDENCE_FLAT_IMAGE,,CLEAN,UNRESOLVED_NOT_IN_REGISTRY_EXPECTED_FOR_UNKNOWN,low edge density - possible poor subject definition; not auto-rejected
D:\Anura\data\unknown_open_set_v2\images\new\Rhinella_marina\col_obs_353627520_photo_645192024.jpg,ACCEPT,,768,1024,120.56,116.58,64.24,LOW_CONFIDENCE_FLAT_IMAGE,,CLEAN,UNRESOLVED_NOT_IN_REGISTRY_EXPECTED_FOR_UNKNOWN,low edge density - possible poor subject definition; not auto-rejected
D:\Anura\data\unknown_open_set_v2\images\new\Rhinella_marina\col_obs_353627520_photo_645192178.jpg,ACCEPT,,768,1024,97.8,112.77,68.01,LOW_CONFIDENCE_FLAT_IMAGE,,CLEAN,UNRESOLVED_NOT_IN_REGISTRY_EXPECTED_FOR_UNKNOWN,low edge density - possible poor subject definition; not auto-rejected
D:\Anura\data\unknown_open_set_v2\images\new\Rhinella_marina\col_obs_353627520_photo_645192371.jpg,ACCEPT,,768,1024,131.41,116.13,64.54,OK,,CLEAN,UNRESOLVED_NOT_IN_REGISTRY_EXPECTED_FOR_UNKNOWN,
D:\Anura\data\unknown_open_set_v2\images\new\Rhinella_marina\col_obs_353627520_photo_645192526.jpg,ACCEPT,,768,1024,168.15,109.91,70.74,OK,,CLEAN,UNRESOLVED_NOT_IN_REGISTRY_EXPECTED_FOR_UNKNOWN,
D:\Anura\data\unknown_open_set_v2\images\new\Rhinella_marina\col_obs_353627520_photo_645192696.jpg,ACCEPT,,768,1024,119.67,115.71,66.83,LOW_CONFIDENCE_FLAT_IMAGE,,CLEAN,UNRESOLVED_NOT_IN_REGISTRY_EXPECTED_FOR_UNKNOWN,low edge density - possible poor subject definition; not auto-rejected
D:\Anura\data\unknown_open_set_v2\images\new\Rhinella_marina\col_obs_353627520_photo_645192870.jpg,ACCEPT,,768,1024,131.41,108.13,72.46,LOW_CONFIDENCE_FLAT_IMAGE,,CLEAN,UNRESOLVED_NOT_IN_REGISTRY_EXPECTED_FOR_UNKNOWN,low edge density - possible poor subject definition; not auto-rejected
D:\Anura\data\unknown_open_set_v2\images\new\Rhinella_marina\col_obs_350218275_photo_638973795.jpg,ACCEPT,,768,1024,15678.34,114.56,52.66,OK,,CLEAN,UNRESOLVED_NOT_IN_REGISTRY_EXPECTED_FOR_UNKNOWN,
D:\Anura\data\unknown_open_set_v2\images\new\Rhinella_marina\col_obs_348591387_photo_635772499.jpg,ACCEPT,,768,1024,2939.43,109.08,54.52,OK,,CLEAN,UNRESOLVED_NOT_IN_REGISTRY_EXPECTED_FOR_UNKNOWN,
D:\Anura\data\unknown_open_set_v2\images\new\Rhinella_marina\col_obs_348591387_photo_635772549.jpg,ACCEPT,,768,1024,4097.92,119.06,56.24,OK,,CLEAN,UNRESOLVED_NOT_IN_REGISTRY_EXPECTED_FOR_UNKNOWN,
D:\Anura\data\unknown_open_set_v2\images\new\Rhinella_marina\col_obs_348052086_photo_634711368.jpg,ACCEPT,,1024,768,2167.39,124.24,60.17,OK,,CLEAN,UNRESOLVED_NOT_IN_REGISTRY_EXPECTED_FOR_UNKNOWN,
D:\Anura\data\unknown_open_set_v2\images\new\Rhinella_marina\col_obs_348052086_photo_634711381.jpg,ACCEPT,,1024,768,2810.32,126.36,53.82,OK,,CLEAN,UNRESOLVED_NOT_IN_REGISTRY_EXPECTED_FOR_UNKNOWN,
D:\Anura\data\unknown_open_set_v2\images\new\Rhinella_marina\col_obs_347969150_photo_634544310.jpg,ACCEPT,,768,1024,5357.55,121.52,53.77,OK,,CLEAN,UNRESOLVED_NOT_IN_REGISTRY_EXPECTED_FOR_UNKNOWN,
D:\Anura\data\unknown_open_set_v2\images\new\Rhinella_marina\col_obs_347969150_photo_634544326.jpg,ACCEPT,,768,1024,7205.52,133.27,51.07,OK,,CLEAN,UNRESOLVED_NOT_IN_REGISTRY_EXPECTED_FOR_UNKNOWN,
D:\Anura\data\unknown_open_set_v2\images\new\Rhinella_marina\col_obs_346526020_photo_631682460.jpg,ACCEPT,,768,1024,383.08,127.21,34.12,OK,,CLEAN,UNRESOLVED_NOT_IN_REGISTRY_EXPECTED_FOR_UNKNOWN,
D:\Anura\data\unknown_open_set_v2\images\new\Rhinella_marina\col_obs_346526020_photo_636886037.jpg,ACCEPT,,768,1024,357.42,125.17,38.09,OK,,CLEAN,UNRESOLVED_NOT_IN_REGISTRY_EXPECTED_FOR_UNKNOWN,
D:\Anura\data\unknown_open_set_v2\images\new\Rhinella_marina\col_obs_346526020_photo_679418536.jpg,ACCEPT,,768,1024,401.03,125.83,39.0,OK,,CLEAN,UNRESOLVED_NOT_IN_REGISTRY_EXPECTED_FOR_UNKNOWN,
D:\Anura\data\unknown_open_set_v2\images\new\Rhinella_marina\col_obs_346526020_photo_679418597.jpg,ACCEPT,,768,1024,401.77,123.51,39.02,OK,,CLEAN,UNRESOLVED_NOT_IN_REGISTRY_EXPECTED_FOR_UNKNOWN,
D:\Anura\data\unknown_open_set_v2\images\new\Rhinella_marina\col_obs_345750782_photo_630135770.jpg,ACCEPT,,682,1024,1456.55,63.61,65.57,OK,,CLEAN,UNRESOLVED_NOT_IN_REGISTRY_EXPECTED_FOR_UNKNOWN,
D:\Anura\data\unknown_open_set_v2\images\new\Rhinella_marina\col_obs_345750782_photo_630135788.jpg,ACCEPT,,1024,682,1821.88,91.64,55.07,OK,,CLEAN,UNRESOLVED_NOT_IN_REGISTRY_EXPECTED_FOR_UNKNOWN,
D:\Anura\data\unknown_open_set_v2\images\new\Rhinella_marina\col_obs_344062614_photo_626851527.jpg,ACCEPT,,1024,768,7279.65,96.54,53.6,OK,,CLEAN,UNRESOLVED_NOT_IN_REGISTRY_EXPECTED_FOR_UNKNOWN,
D:\Anura\data\unknown_open_set_v2\images\new\Rhinella_marina\col_obs_344062614_photo_626851571.jpg,ACCEPT,,768,1024,8200.19,94.45,57.02,OK,,CLEAN,UNRESOLVED_NOT_IN_REGISTRY_EXPECTED_FOR_UNKNOWN,
D:\Anura\data\unknown_open_set_v2\images\new\Rhinella_marina\col_obs_344057562_photo_626841800.jpg,ACCEPT,,1024,923,7410.13,119.02,58.34,OK,,CLEAN,UNRESOLVED_NOT_IN_REGISTRY_EXPECTED_FOR_UNKNOWN,
D:\Anura\data\unknown_open_set_v2\images\new\Rhinella_marina\col_obs_343579529_photo_625991488.jpg,ACCEPT,,768,1024,4988.65,90.06,59.81,OK,,CLEAN,UNRESOLVED_NOT_IN_REGISTRY_EXPECTED_FOR_UNKNOWN,
D:\Anura\data\unknown_open_set_v2\images\new\Rhinella_marina\col_obs_343579529_photo_625991515.jpg,ACCEPT,,768,1024,7149.9,108.13,60.55,OK,,CLEAN,UNRESOLVED_NOT_IN_REGISTRY_EXPECTED_FOR_UNKNOWN,
D:\Anura\data\unknown_open_set_v2\images\new\Rhinella_marina\col_obs_343579529_photo_626009643.jpg,ACCEPT,,768,1024,2292.96,98.59,62.07,OK,,CLEAN,UNRESOLVED_NOT_IN_REGISTRY_EXPECTED_FOR_UNKNOWN,
D:\Anura\data\unknown_open_set_v2\images\new\Rhinella_marina\col_obs_343579529_photo_626009713.jpg,ACCEPT,,768,1024,2375.36,113.8,54.83,OK,,CLEAN,UNRESOLVED_NOT_IN_REGISTRY_EXPECTED_FOR_UNKNOWN,
D:\Anura\data\unknown_open_set_v2\images\new\Rhinella_marina\col_obs_343579529_photo_626009884.jpg,ACCEPT,,768,1024,5142.69,108.96,61.5,OK,,CLEAN,UNRESOLVED_NOT_IN_REGISTRY_EXPECTED_FOR_UNKNOWN,
D:\Anura\data\unknown_open_set_v2\images\new\Rhinella_marina\col_obs_343134399_photo_624986285.jpg,ACCEPT,,768,1024,1428.82,37.81,51.83,OK,,CLEAN,UNRESOLVED_NOT_IN_REGISTRY_EXPECTED_FOR_UNKNOWN,
D:\Anura\data\unknown_open_set_v2\images\new\Rhinella_marina\col_obs_343134399_photo_624986308.jpg,ACCEPT,,768,1024,1830.78,40.04,53.1,OK,,CLEAN,UNRESOLVED_NOT_IN_REGISTRY_EXPECTED_FOR_UNKNOWN,
D:\Anura\data\unknown_open_set_v2\images\new\Rhinella_marina\col_obs_343134399_photo_624986348.jpg,ACCEPT,,1024,768,3267.53,60.6,63.76,OK,,CLEAN,UNRESOLVED_NOT_IN_REGISTRY_EXPECTED_FOR_UNKNOWN,
D:\Anura\data\unknown_open_set_v2\images\new\Rhinella_marina\col_obs_341976681_photo_622663573.jpg,ACCEPT,,1024,768,2184.59,141.66,48.29,OK,,CLEAN,UNRESOLVED_NOT_IN_REGISTRY_EXPECTED_FOR_UNKNOWN,
D:\Anura\data\unknown_open_set_v2\images\new\Rhinella_marina\col_obs_341976681_photo_622663880.jpg,ACCEPT,,1024,768,3755.4,142.3,50.44,OK,,CLEAN,UNRESOLVED_NOT_IN_REGISTRY_EXPECTED_FOR_UNKNOWN,
D:\Anura\data\unknown_open_set_v2\images\new\Rhinella_marina\col_obs_341976681_photo_622664132.jpg,ACCEPT,,1024,768,6131.99,157.41,46.84,OK,,CLEAN,UNRESOLVED_NOT_IN_REGISTRY_EXPECTED_FOR_UNKNOWN,
D:\Anura\data\unknown_open_set_v2\images\new\Rhinella_marina\col_obs_341743807_photo_622183366.jpg,ACCEPT,,1024,683,1854.25,58.01,44.88,OK,,CLEAN,UNRESOLVED_NOT_IN_REGISTRY_EXPECTED_FOR_UNKNOWN,
D:\Anura\data\unknown_open_set_v2\images\new\Rhinella_marina\col_obs_340876298_photo_620412051.jpg,ACCEPT,,768,1024,7256.84,146.47,52.45,OK,,CLEAN,UNRESOLVED_NOT_IN_REGISTRY_EXPECTED_FOR_UNKNOWN,
D:\Anura\data\unknown_open_set_v2\images\new\Rhinella_marina\col_obs_340538338_photo_619730181.jpg,ACCEPT,,768,1024,9208.76,63.7,57.04,OK,,CLEAN,UNRESOLVED_NOT_IN_REGISTRY_EXPECTED_FOR_UNKNOWN,
D:\Anura\data\unknown_open_set_v2\images\new\Rhinella_marina\col_obs_340210143_photo_619064515.jpg,ACCEPT,,1024,768,9175.89,103.04,65.28,OK,,CLEAN,UNRESOLVED_NOT_IN_REGISTRY_EXPECTED_FOR_UNKNOWN,
D:\Anura\data\unknown_open_set_v2\images\new\Rhinella_marina\col_obs_339825067_photo_618272395.jpg,ACCEPT,,1024,784,5130.98,111.22,63.21,OK,,CLEAN,UNRESOLVED_NOT_IN_REGISTRY_EXPECTED_FOR_UNKNOWN,
D:\Anura\data\unknown_open_set_v2\images\new\Rhinella_marina\col_obs_339454979_photo_617520543.jpg,ACCEPT,,1024,768,3809.11,126.79,32.1,OK,,CLEAN,UNRESOLVED_NOT_IN_REGISTRY_EXPECTED_FOR_UNKNOWN,
D:\Anura\data\unknown_open_set_v2\images\new\Rhinella_marina\col_obs_338449073_photo_615499839.jpg,ACCEPT,,473,1024,3607.26,98.43,57.79,OK,,CLEAN,UNRESOLVED_NOT_IN_REGISTRY_EXPECTED_FOR_UNKNOWN,
D:\Anura\data\unknown_open_set_v2\images\new\Rhinella_marina\col_obs_337121627_photo_612771743.jpg,ACCEPT,,1024,768,398.34,102.72,23.8,OK,,CLEAN,UNRESOLVED_NOT_IN_REGISTRY_EXPECTED_FOR_UNKNOWN,
D:\Anura\data\unknown_open_set_v2\images\new\Rhinella_marina\col_obs_337121627_photo_612772070.jpg,ACCEPT,,1024,768,408.69,120.57,35.26,OK,,CLEAN,UNRESOLVED_NOT_IN_REGISTRY_EXPECTED_FOR_UNKNOWN,
D:\Anura\data\unknown_open_set_v2\images\new\Rhinella_marina\col_obs_337121627_photo_612771777.jpg,ACCEPT,,1024,768,278.78,120.37,29.91,OK,,CLEAN,UNRESOLVED_NOT_IN_REGISTRY_EXPECTED_FOR_UNKNOWN,
D:\Anura\data\unknown_open_set_v2\images\new\Rhinella_marina\col_obs_337121627_photo_612771744.jpg,ACCEPT,,1024,768,469.49,123.67,36.78,OK,,CLEAN,UNRESOLVED_NOT_IN_REGISTRY_EXPECTED_FOR_UNKNOWN,
D:\Anura\data\unknown_open_set_v2\images\new\Smilisca_phaeota\col_obs_399441134_photo_732845605.jpg,ACCEPT,,1024,683,1144.75,28.65,46.47,OK,,CLEAN,UNRESOLVED_NOT_IN_REGISTRY_EXPECTED_FOR_UNKNOWN,
D:\Anura\data\unknown_open_set_v2\images\new\Smilisca_phaeota\col_obs_397014283_photo_728118572.jpg,ACCEPT,,1024,768,2035.64,43.42,71.0,OK,,CLEAN,UNRESOLVED_NOT_IN_REGISTRY_EXPECTED_FOR_UNKNOWN,
D:\Anura\data\unknown_open_set_v2\images\new\Smilisca_phaeota\col_obs_397006557_photo_728102335.jpg,ACCEPT,,1024,768,2117.66,70.23,72.8,OK,,CLEAN,UNRESOLVED_NOT_IN_REGISTRY_EXPECTED_FOR_UNKNOWN,
D:\Anura\data\unknown_open_set_v2\images\new\Smilisca_phaeota\col_obs_394549119_photo_723326388.jpg,ACCEPT,,461,1024,4086.43,93.65,63.53,OK,,CLEAN,UNRESOLVED_NOT_IN_REGISTRY_EXPECTED_FOR_UNKNOWN,
D:\Anura\data\unknown_open_set_v2\images\new\Smilisca_phaeota\col_obs_394549119_photo_723326432.jpg,ACCEPT,,461,1024,1911.85,81.48,70.97,OK,,CLEAN,UNRESOLVED_NOT_IN_REGISTRY_EXPECTED_FOR_UNKNOWN,
D:\Anura\data\unknown_open_set_v2\images\new\Smilisca_phaeota\col_obs_393638356_photo_721535780.jpg,ACCEPT,,461,1024,577.21,83.35,58.39,OK,,CLEAN,UNRESOLVED_NOT_IN_REGISTRY_EXPECTED_FOR_UNKNOWN,
D:\Anura\data\unknown_open_set_v2\images\new\Smilisca_phaeota\col_obs_393638356_photo_721535823.jpg,ACCEPT,,461,1024,355.71,76.5,60.95,OK,,CLEAN,UNRESOLVED_NOT_IN_REGISTRY_EXPECTED_FOR_UNKNOWN,
D:\Anura\data\unknown_open_set_v2\images\new\Smilisca_phaeota\col_obs_393638356_photo_721535859.jpg,ACCEPT,,461,1024,490.48,75.28,53.21,OK,,CLEAN,UNRESOLVED_NOT_IN_REGISTRY_EXPECTED_FOR_UNKNOWN,
D:\Anura\data\unknown_open_set_v2\images\new\Smilisca_phaeota\col_obs_391027275_photo_716452263.jpg,ACCEPT,,1024,576,688.93,109.41,22.31,OK,,CLEAN,UNRESOLVED_NOT_IN_REGISTRY_EXPECTED_FOR_UNKNOWN,
D:\Anura\data\unknown_open_set_v2\images\new\Smilisca_phaeota\col_obs_387769568_photo_710105352.jpg,ACCEPT,,1009,1024,323.4,124.68,17.86,LOW_CONFIDENCE_FLAT_IMAGE,,CLEAN,UNRESOLVED_NOT_IN_REGISTRY_EXPECTED_FOR_UNKNOWN,low edge density - possible poor subject definition; not auto-rejected
D:\Anura\data\unknown_open_set_v2\images\new\Smilisca_phaeota\col_obs_387769568_photo_710105380.jpg,ACCEPT,,808,1024,437.49,75.48,14.92,LOW_CONFIDENCE_FLAT_IMAGE,,CLEAN,UNRESOLVED_NOT_IN_REGISTRY_EXPECTED_FOR_UNKNOWN,low edge density - possible poor subject definition; not auto-rejected
D:\Anura\data\unknown_open_set_v2\images\new\Smilisca_phaeota\col_obs_378955118_photo_693135545.jpg,ACCEPT,,768,1024,4787.94,94.67,59.31,OK,,CLEAN,UNRESOLVED_NOT_IN_REGISTRY_EXPECTED_FOR_UNKNOWN,
D:\Anura\data\unknown_open_set_v2\images\new\Smilisca_phaeota\col_obs_375603072_photo_686667489.jpg,ACCEPT,,714,478,27.47,98.67,69.57,LOW_CONFIDENCE_FLAT_IMAGE,,CLEAN,UNRESOLVED_NOT_IN_REGISTRY_EXPECTED_FOR_UNKNOWN,low edge density - possible poor subject definition; not auto-rejected
D:\Anura\data\unknown_open_set_v2\images\new\Smilisca_phaeota\col_obs_372765997_photo_681191627.jpg,ACCEPT,,768,1024,518.38,73.91,49.61,OK,,CLEAN,UNRESOLVED_NOT_IN_REGISTRY_EXPECTED_FOR_UNKNOWN,
D:\Anura\data\unknown_open_set_v2\images\new\Smilisca_phaeota\col_obs_372765997_photo_681191687.jpg,ACCEPT,,768,1024,691.12,75.14,42.63,OK,,CLEAN,UNRESOLVED_NOT_IN_REGISTRY_EXPECTED_FOR_UNKNOWN,
D:\Anura\data\unknown_open_set_v2\images\new\Smilisca_phaeota\col_obs_371433435_photo_678635176.jpg,ACCEPT,,576,1024,2419.56,58.23,51.22,OK,,CLEAN,UNRESOLVED_NOT_IN_REGISTRY_EXPECTED_FOR_UNKNOWN,
D:\Anura\data\unknown_open_set_v2\images\new\Smilisca_phaeota\col_obs_371433435_photo_678635245.jpg,ACCEPT,,576,1024,1593.98,56.29,54.77,OK,,CLEAN,UNRESOLVED_NOT_IN_REGISTRY_EXPECTED_FOR_UNKNOWN,
D:\Anura\data\unknown_open_set_v2\images\new\Smilisca_phaeota\col_obs_368076117_photo_672237574.jpg,ACCEPT,,1024,1024,999.59,127.35,50.61,OK,,CLEAN,UNRESOLVED_NOT_IN_REGISTRY_EXPECTED_FOR_UNKNOWN,
D:\Anura\data\unknown_open_set_v2\images\new\Smilisca_phaeota\col_obs_368076117_photo_672237641.jpg,ACCEPT,,1024,1024,1443.1,136.1,56.99,OK,,CLEAN,UNRESOLVED_NOT_IN_REGISTRY_EXPECTED_FOR_UNKNOWN,
D:\Anura\data\unknown_open_set_v2\images\new\Smilisca_phaeota\col_obs_368076117_photo_672237681.jpg,ACCEPT,,576,1024,223.28,125.34,53.33,LOW_CONFIDENCE_FLAT_IMAGE,,CLEAN,UNRESOLVED_NOT_IN_REGISTRY_EXPECTED_FOR_UNKNOWN,low edge density - possible poor subject definition; not auto-rejected
D:\Anura\data\unknown_open_set_v2\images\new\Smilisca_phaeota\col_obs_368076117_photo_672237719.jpg,ACCEPT,,1024,576,2490.07,133.27,43.88,OK,,CLEAN,UNRESOLVED_NOT_IN_REGISTRY_EXPECTED_FOR_UNKNOWN,
D:\Anura\data\unknown_open_set_v2\images\new\Smilisca_phaeota\col_obs_367480200_photo_671097781.jpg,ACCEPT,,768,1024,2425.13,178.43,46.37,OK,,CLEAN,UNRESOLVED_NOT_IN_REGISTRY_EXPECTED_FOR_UNKNOWN,
D:\Anura\data\unknown_open_set_v2\images\new\Smilisca_phaeota\col_obs_367480200_photo_671097834.jpg,ACCEPT,,768,1024,3096.17,140.57,70.94,OK,,CLEAN,UNRESOLVED_NOT_IN_REGISTRY_EXPECTED_FOR_UNKNOWN,
D:\Anura\data\unknown_open_set_v2\images\new\Smilisca_phaeota\col_obs_367480200_photo_671097905.jpg,ACCEPT,,768,1024,5261.44,137.25,53.18,OK,,CLEAN,UNRESOLVED_NOT_IN_REGISTRY_EXPECTED_FOR_UNKNOWN,
D:\Anura\data\unknown_open_set_v2\images\new\Smilisca_phaeota\col_obs_366894693_photo_669971437.jpg,ACCEPT,,1024,462,422.0,131.09,38.84,OK,NEWDUP_0b0f47678b,CLEAN,UNRESOLVED_NOT_IN_REGISTRY_EXPECTED_FOR_UNKNOWN,
D:\Anura\data\unknown_open_set_v2\images\new\Smilisca_phaeota\col_obs_366827463_photo_669840224.jpg,ACCEPT,,1024,768,4809.44,105.83,55.21,OK,,CLEAN,UNRESOLVED_NOT_IN_REGISTRY_EXPECTED_FOR_UNKNOWN,
D:\Anura\data\unknown_open_set_v2\images\new\Smilisca_phaeota\col_obs_366827463_photo_669840284.jpg,ACCEPT,,768,1024,4175.51,112.12,52.74,OK,,CLEAN,UNRESOLVED_NOT_IN_REGISTRY_EXPECTED_FOR_UNKNOWN,
D:\Anura\data\unknown_open_set_v2\images\new\Smilisca_phaeota\col_obs_366827463_photo_669840383.jpg,ACCEPT,,1024,768,4818.68,117.42,52.82,OK,,CLEAN,UNRESOLVED_NOT_IN_REGISTRY_EXPECTED_FOR_UNKNOWN,
D:\Anura\data\unknown_open_set_v2\images\new\Smilisca_phaeota\col_obs_366748436_photo_669691673.jpg,ACCEPT,,768,1024,1072.03,101.18,51.39,OK,,CLEAN,UNRESOLVED_NOT_IN_REGISTRY_EXPECTED_FOR_UNKNOWN,
D:\Anura\data\unknown_open_set_v2\images\new\Smilisca_phaeota\col_obs_366748436_photo_669691747.jpg,ACCEPT,,768,1024,188.0,104.31,47.31,OK,,CLEAN,UNRESOLVED_NOT_IN_REGISTRY_EXPECTED_FOR_UNKNOWN,
D:\Anura\data\unknown_open_set_v2\images\new\Smilisca_phaeota\col_obs_366530945_photo_669288377.jpg,ACCEPT,,768,1024,2584.39,93.41,68.41,OK,,CLEAN,UNRESOLVED_NOT_IN_REGISTRY_EXPECTED_FOR_UNKNOWN,
D:\Anura\data\unknown_open_set_v2\images\new\Smilisca_phaeota\col_obs_366426659_photo_669085869.jpg,ACCEPT,,702,435,24.48,67.81,67.23,LOW_CONFIDENCE_FLAT_IMAGE,,CLEAN,UNRESOLVED_NOT_IN_REGISTRY_EXPECTED_FOR_UNKNOWN,low edge density - possible poor subject definition; not auto-rejected
D:\Anura\data\unknown_open_set_v2\images\new\Smilisca_phaeota\col_obs_366302669_photo_668855108.jpg,ACCEPT,,1024,457,2103.33,135.49,40.98,OK,,CLEAN,UNRESOLVED_NOT_IN_REGISTRY_EXPECTED_FOR_UNKNOWN,
D:\Anura\data\unknown_open_set_v2\images\new\Smilisca_phaeota\col_obs_366302669_photo_668855134.jpg,ACCEPT,,1024,457,1723.35,135.93,41.08,OK,,CLEAN,UNRESOLVED_NOT_IN_REGISTRY_EXPECTED_FOR_UNKNOWN,
D:\Anura\data\unknown_open_set_v2\images\new\Smilisca_phaeota\col_obs_366302669_photo_668855160.jpg,ACCEPT,,1024,457,1694.91,133.58,40.85,OK,,CLEAN,UNRESOLVED_NOT_IN_REGISTRY_EXPECTED_FOR_UNKNOWN,
D:\Anura\data\unknown_open_set_v2\images\new\Smilisca_phaeota\col_obs_366302669_photo_668855205.jpg,ACCEPT,,1024,457,1661.23,132.76,37.04,OK,,CLEAN,UNRESOLVED_NOT_IN_REGISTRY_EXPECTED_FOR_UNKNOWN,
D:\Anura\data\unknown_open_set_v2\images\new\Smilisca_phaeota\col_obs_366302669_photo_668855249.jpg,ACCEPT,,1024,457,3740.11,142.61,40.35,OK,,CLEAN,UNRESOLVED_NOT_IN_REGISTRY_EXPECTED_FOR_UNKNOWN,
D:\Anura\data\unknown_open_set_v2\images\new\Smilisca_phaeota\col_obs_366302669_photo_668855280.jpg,ACCEPT,,1024,457,4049.85,143.15,39.73,OK,,CLEAN,UNRESOLVED_NOT_IN_REGISTRY_EXPECTED_FOR_UNKNOWN,
D:\Anura\data\unknown_open_set_v2\images\new\Smilisca_phaeota\col_obs_366302669_photo_668855316.jpg,ACCEPT,,457,1024,2635.17,140.76,37.94,OK,,CLEAN,UNRESOLVED_NOT_IN_REGISTRY_EXPECTED_FOR_UNKNOWN,
D:\Anura\data\unknown_open_set_v2\images\new\Smilisca_phaeota\col_obs_366302669_photo_668855347.jpg,ACCEPT,,1024,457,3748.8,140.5,34.71,OK,,CLEAN,UNRESOLVED_NOT_IN_REGISTRY_EXPECTED_FOR_UNKNOWN,
D:\Anura\data\unknown_open_set_v2\images\new\Smilisca_phaeota\col_obs_366302669_photo_668855378.jpg,ACCEPT,,457,1024,2282.02,121.87,41.37,OK,,CLEAN,UNRESOLVED_NOT_IN_REGISTRY_EXPECTED_FOR_UNKNOWN,
D:\Anura\data\unknown_open_set_v2\images\new\Smilisca_phaeota\col_obs_365758187_photo_667809033.jpg,ACCEPT,,768,1024,250.44,112.59,53.44,OK,,CLEAN,UNRESOLVED_NOT_IN_REGISTRY_EXPECTED_FOR_UNKNOWN,
D:\Anura\data\unknown_open_set_v2\images\new\Smilisca_phaeota\col_obs_365758187_photo_667809128.jpg,ACCEPT,,768,1024,187.75,117.74,72.39,LOW_CONFIDENCE_FLAT_IMAGE,,CLEAN,UNRESOLVED_NOT_IN_REGISTRY_EXPECTED_FOR_UNKNOWN,low edge density - possible poor subject definition; not auto-rejected
D:\Anura\data\unknown_open_set_v2\images\new\Smilisca_phaeota\col_obs_364663506_photo_665727724.jpg,ACCEPT,,635,811,298.12,49.63,25.57,LOW_CONFIDENCE_FLAT_IMAGE,,CLEAN,UNRESOLVED_NOT_IN_REGISTRY_EXPECTED_FOR_UNKNOWN,low edge density - possible poor subject definition; not auto-rejected
D:\Anura\data\unknown_open_set_v2\images\new\Smilisca_phaeota\col_obs_364643626_photo_665691962.jpg,ACCEPT,,768,1024,938.17,128.21,30.94,OK,,CLEAN,UNRESOLVED_NOT_IN_REGISTRY_EXPECTED_FOR_UNKNOWN,
D:\Anura\data\unknown_open_set_v2\images\new\Smilisca_phaeota\col_obs_364643626_photo_665692045.jpg,ACCEPT,,768,1024,396.7,141.69,28.93,OK,,CLEAN,UNRESOLVED_NOT_IN_REGISTRY_EXPECTED_FOR_UNKNOWN,
D:\Anura\data\unknown_open_set_v2\images\new\Smilisca_phaeota\col_obs_364643626_photo_665692134.jpg,ACCEPT,,768,1024,1508.76,123.28,35.3,OK,,CLEAN,UNRESOLVED_NOT_IN_REGISTRY_EXPECTED_FOR_UNKNOWN,
D:\Anura\data\unknown_open_set_v2\images\new\Smilisca_phaeota\col_obs_364643626_photo_665692210.jpg,ACCEPT,,768,1024,1844.48,126.03,33.05,OK,,CLEAN,UNRESOLVED_NOT_IN_REGISTRY_EXPECTED_FOR_UNKNOWN,
D:\Anura\data\unknown_open_set_v2\images\new\Smilisca_phaeota\col_obs_364153172_photo_664769321.jpg,ACCEPT,,571,740,71.91,139.83,52.15,LOW_CONFIDENCE_FLAT_IMAGE,,CLEAN,UNRESOLVED_NOT_IN_REGISTRY_EXPECTED_FOR_UNKNOWN,low edge density - possible poor subject definition; not auto-rejected
D:\Anura\data\unknown_open_set_v2\images\new\Smilisca_phaeota\col_obs_364144913_photo_664753274.jpg,ACCEPT,,771,1024,780.5,137.88,42.93,OK,,CLEAN,UNRESOLVED_NOT_IN_REGISTRY_EXPECTED_FOR_UNKNOWN,
D:\Anura\data\unknown_open_set_v2\images\new\Smilisca_phaeota\col_obs_363799812_photo_664106161.jpg,ACCEPT,,623,1024,315.28,76.18,47.11,OK,,CLEAN,UNRESOLVED_NOT_IN_REGISTRY_EXPECTED_FOR_UNKNOWN,
D:\Anura\data\unknown_open_set_v2\images\new\Smilisca_phaeota\col_obs_363799812_photo_664106211.jpg,ACCEPT,,805,1024,278.89,104.07,44.07,OK,,CLEAN,UNRESOLVED_NOT_IN_REGISTRY_EXPECTED_FOR_UNKNOWN,
D:\Anura\data\unknown_open_set_v2\images\new\Smilisca_phaeota\col_obs_363687948_photo_663893064.jpg,ACCEPT,,1024,768,1943.21,57.9,48.05,OK,,CLEAN,UNRESOLVED_NOT_IN_REGISTRY_EXPECTED_FOR_UNKNOWN,
D:\Anura\data\unknown_open_set_v2\images\new\Smilisca_phaeota\col_obs_363687948_photo_663893626.jpg,ACCEPT,,1024,768,3821.4,100.78,61.7,OK,,CLEAN,UNRESOLVED_NOT_IN_REGISTRY_EXPECTED_FOR_UNKNOWN,
D:\Anura\data\unknown_open_set_v2\images\new\Smilisca_phaeota\col_obs_363513005_photo_663563376.jpg,ACCEPT,,1024,860,279.66,61.22,20.07,LOW_CONFIDENCE_FLAT_IMAGE,,CLEAN,UNRESOLVED_NOT_IN_REGISTRY_EXPECTED_FOR_UNKNOWN,low edge density - possible poor subject definition; not auto-rejected
D:\Anura\data\unknown_open_set_v2\images\new\Smilisca_phaeota\col_obs_363513005_photo_663563430.jpg,ACCEPT,,768,1024,298.5,61.38,18.64,LOW_CONFIDENCE_FLAT_IMAGE,,CLEAN,UNRESOLVED_NOT_IN_REGISTRY_EXPECTED_FOR_UNKNOWN,low edge density - possible poor subject definition; not auto-rejected
D:\Anura\data\unknown_open_set_v2\images\new\Smilisca_phaeota\col_obs_363061024_photo_662700226.jpg,ACCEPT,,1024,457,794.98,128.33,40.01,OK,,CLEAN,UNRESOLVED_NOT_IN_REGISTRY_EXPECTED_FOR_UNKNOWN,
D:\Anura\data\unknown_open_set_v2\images\new\Smilisca_phaeota\col_obs_363061024_photo_662700285.jpg,ACCEPT,,1024,457,882.73,133.0,37.44,OK,,CLEAN,UNRESOLVED_NOT_IN_REGISTRY_EXPECTED_FOR_UNKNOWN,
D:\Anura\data\unknown_open_set_v2\images\new\Smilisca_phaeota\col_obs_363061024_photo_662700340.jpg,ACCEPT,,457,1024,1136.09,123.98,33.57,OK,,CLEAN,UNRESOLVED_NOT_IN_REGISTRY_EXPECTED_FOR_UNKNOWN,
D:\Anura\data\unknown_open_set_v2\images\new\Smilisca_phaeota\col_obs_363061024_photo_662700389.jpg,ACCEPT,,1024,457,571.25,137.22,44.88,OK,,CLEAN,UNRESOLVED_NOT_IN_REGISTRY_EXPECTED_FOR_UNKNOWN,
D:\Anura\data\unknown_open_set_v2\images\new\Smilisca_phaeota\col_obs_363061024_photo_662700454.jpg,ACCEPT,,1024,457,490.7,136.51,44.78,OK,,CLEAN,UNRESOLVED_NOT_IN_REGISTRY_EXPECTED_FOR_UNKNOWN,
D:\Anura\data\unknown_open_set_v2\images\new\Smilisca_phaeota\col_obs_363061024_photo_662700512.jpg,ACCEPT,,1024,457,730.57,127.44,45.76,OK,,CLEAN,UNRESOLVED_NOT_IN_REGISTRY_EXPECTED_FOR_UNKNOWN,
D:\Anura\data\unknown_open_set_v2\images\new\Smilisca_phaeota\col_obs_363061024_photo_662700595.jpg,ACCEPT,,457,1024,1143.62,136.94,41.17,OK,,CLEAN,UNRESOLVED_NOT_IN_REGISTRY_EXPECTED_FOR_UNKNOWN,
D:\Anura\data\unknown_open_set_v2\images\new\Smilisca_phaeota\col_obs_363061024_photo_662700652.jpg,ACCEPT,,457,1024,2620.29,135.53,46.86,OK,,CLEAN,UNRESOLVED_NOT_IN_REGISTRY_EXPECTED_FOR_UNKNOWN,
D:\Anura\data\unknown_open_set_v2\images\new\Smilisca_phaeota\col_obs_362964998_photo_662520381.jpg,ACCEPT,,1024,920,988.4,33.08,56.75,OK,,CLEAN,UNRESOLVED_NOT_IN_REGISTRY_EXPECTED_FOR_UNKNOWN,
D:\Anura\data\unknown_open_set_v2\images\new\Smilisca_phaeota\col_obs_362702619_photo_662007135.jpg,ACCEPT,,1024,752,1450.82,52.46,31.25,OK,,CLEAN,UNRESOLVED_NOT_IN_REGISTRY_EXPECTED_FOR_UNKNOWN,
D:\Anura\data\unknown_open_set_v2\images\new\Smilisca_phaeota\col_obs_361334401_photo_659429641.jpg,ACCEPT,,1024,768,1924.32,99.28,59.57,OK,,CLEAN,UNRESOLVED_NOT_IN_REGISTRY_EXPECTED_FOR_UNKNOWN,
D:\Anura\data\unknown_open_set_v2\images\new\Smilisca_phaeota\col_obs_361312691_photo_659385770.jpg,ACCEPT,,1024,682,287.81,48.22,40.01,LOW_CONFIDENCE_FLAT_IMAGE,,CLEAN,UNRESOLVED_NOT_IN_REGISTRY_EXPECTED_FOR_UNKNOWN,low edge density - possible poor subject definition; not auto-rejected
D:\Anura\data\unknown_open_set_v2\images\new\Smilisca_phaeota\col_obs_361228692_photo_659221130.jpg,ACCEPT,,768,1024,1475.12,150.42,26.27,OK,,CLEAN,UNRESOLVED_NOT_IN_REGISTRY_EXPECTED_FOR_UNKNOWN,
D:\Anura\data\unknown_open_set_v2\images\new\Smilisca_phaeota\col_obs_361228692_photo_659221200.jpg,ACCEPT,,768,1024,4955.11,166.96,31.91,OK,,CLEAN,UNRESOLVED_NOT_IN_REGISTRY_EXPECTED_FOR_UNKNOWN,
D:\Anura\data\unknown_open_set_v2\images\new\Smilisca_phaeota\col_obs_361228692_photo_659221270.jpg,ACCEPT,,768,1024,2946.5,152.1,31.27,OK,,CLEAN,UNRESOLVED_NOT_IN_REGISTRY_EXPECTED_FOR_UNKNOWN,
D:\Anura\data\unknown_open_set_v2\images\new\Smilisca_phaeota\col_obs_361228692_photo_659221340.jpg,ACCEPT,,768,1024,3139.31,158.72,30.67,OK,,CLEAN,UNRESOLVED_NOT_IN_REGISTRY_EXPECTED_FOR_UNKNOWN,
D:\Anura\data\unknown_open_set_v2\images\new\Smilisca_phaeota\col_obs_361067011_photo_658919825.jpg,ACCEPT,,1024,683,594.07,73.48,39.16,OK,,CLEAN,UNRESOLVED_NOT_IN_REGISTRY_EXPECTED_FOR_UNKNOWN,
D:\Anura\data\unknown_open_set_v2\images\new\Smilisca_phaeota\col_obs_360555383_photo_657914523.jpg,ACCEPT,,1024,671,824.16,104.19,56.75,OK,,CLEAN,UNRESOLVED_NOT_IN_REGISTRY_EXPECTED_FOR_UNKNOWN,
D:\Anura\data\unknown_open_set_v2\images\new\Smilisca_phaeota\col_obs_360555366_photo_657911284.jpg,ACCEPT,,1024,650,1306.79,64.02,53.61,OK,,CLEAN,UNRESOLVED_NOT_IN_REGISTRY_EXPECTED_FOR_UNKNOWN,
D:\Anura\data\unknown_open_set_v2\images\new\Smilisca_phaeota\col_obs_359092736_photo_655138810.jpg,ACCEPT,,768,1024,173.44,178.76,23.9,LOW_CONFIDENCE_FLAT_IMAGE,,CLEAN,UNRESOLVED_NOT_IN_REGISTRY_EXPECTED_FOR_UNKNOWN,low edge density - possible poor subject definition; not auto-rejected
D:\Anura\data\unknown_open_set_v2\images\new\Smilisca_phaeota\col_obs_359092736_photo_655138927.jpg,ACCEPT,,768,1024,127.86,176.92,19.23,LOW_CONFIDENCE_FLAT_IMAGE,,CLEAN,UNRESOLVED_NOT_IN_REGISTRY_EXPECTED_FOR_UNKNOWN,low edge density - possible poor subject definition; not auto-rejected
D:\Anura\data\unknown_open_set_v2\images\new\Smilisca_phaeota\col_obs_359092736_photo_655139031.jpg,ACCEPT,,768,1024,92.88,173.06,14.32,LOW_CONFIDENCE_FLAT_IMAGE,,CLEAN,UNRESOLVED_NOT_IN_REGISTRY_EXPECTED_FOR_UNKNOWN,low edge density - possible poor subject definition; not auto-rejected
D:\Anura\data\unknown_open_set_v2\images\new\Smilisca_phaeota\col_obs_359052451_photo_655060619.jpg,ACCEPT,,768,1024,1886.49,148.53,48.98,OK,,CLEAN,UNRESOLVED_NOT_IN_REGISTRY_EXPECTED_FOR_UNKNOWN,
D:\Anura\data\unknown_open_set_v2\images\new\Smilisca_phaeota\col_obs_359035230_photo_655026946.jpg,ACCEPT,,576,1024,692.81,95.03,36.51,OK,,CLEAN,UNRESOLVED_NOT_IN_REGISTRY_EXPECTED_FOR_UNKNOWN,
D:\Anura\data\unknown_open_set_v2\images\new\Smilisca_phaeota\col_obs_359035230_photo_655026997.jpg,ACCEPT,,576,1024,861.32,91.69,36.76,OK,,CLEAN,UNRESOLVED_NOT_IN_REGISTRY_EXPECTED_FOR_UNKNOWN,
D:\Anura\data\unknown_open_set_v2\images\new\Smilisca_phaeota\col_obs_358732190_photo_654445981.jpg,ACCEPT,,768,1024,2441.2,123.02,50.18,OK,,CLEAN,UNRESOLVED_NOT_IN_REGISTRY_EXPECTED_FOR_UNKNOWN,
D:\Anura\data\unknown_open_set_v2\images\new\Smilisca_phaeota\col_obs_358732190_photo_654446320.jpg,ACCEPT,,768,1024,2620.23,122.2,50.41,OK,,CLEAN,UNRESOLVED_NOT_IN_REGISTRY_EXPECTED_FOR_UNKNOWN,
D:\Anura\data\unknown_open_set_v2\images\new\Smilisca_phaeota\col_obs_358732190_photo_654446351.jpg,ACCEPT,,768,1024,1844.72,125.25,58.21,OK,,CLEAN,UNRESOLVED_NOT_IN_REGISTRY_EXPECTED_FOR_UNKNOWN,
D:\Anura\data\unknown_open_set_v2\images\new\Smilisca_phaeota\col_obs_358076941_photo_653166911.jpg,ACCEPT,,768,1024,3379.55,118.19,42.21,OK,,CLEAN,UNRESOLVED_NOT_IN_REGISTRY_EXPECTED_FOR_UNKNOWN,
D:\Anura\data\unknown_open_set_v2\images\new\Smilisca_phaeota\col_obs_358011946_photo_653041322.jpg,ACCEPT,,1024,680,450.1,40.58,26.03,OK,,CLEAN,UNRESOLVED_NOT_IN_REGISTRY_EXPECTED_FOR_UNKNOWN,
D:\Anura\data\unknown_open_set_v2\images\new\Smilisca_phaeota\col_obs_357372696_photo_651811012.jpg,ACCEPT,,768,1024,9918.74,126.99,59.13,OK,,CLEAN,UNRESOLVED_NOT_IN_REGISTRY_EXPECTED_FOR_UNKNOWN,
D:\Anura\data\unknown_open_set_v2\images\new\Smilisca_phaeota\col_obs_357372696_photo_651811087.jpg,ACCEPT,,768,1024,1120.28,164.9,28.02,OK,,CLEAN,UNRESOLVED_NOT_IN_REGISTRY_EXPECTED_FOR_UNKNOWN,
D:\Anura\data\unknown_open_set_v2\images\new\Smilisca_phaeota\col_obs_357372696_photo_651811171.jpg,ACCEPT,,768,1024,1446.56,163.48,36.44,OK,,CLEAN,UNRESOLVED_NOT_IN_REGISTRY_EXPECTED_FOR_UNKNOWN,
D:\Anura\data\unknown_open_set_v2\images\new\Smilisca_phaeota\col_obs_354891634_photo_647358022.jpg,ACCEPT,,768,1024,11681.77,122.88,62.62,OK,,CLEAN,UNRESOLVED_NOT_IN_REGISTRY_EXPECTED_FOR_UNKNOWN,
D:\Anura\data\unknown_open_set_v2\images\new\Smilisca_phaeota\col_obs_354492135_photo_646669801.jpg,ACCEPT,,796,1024,2959.7,62.01,73.74,OK,,CLEAN,UNRESOLVED_NOT_IN_REGISTRY_EXPECTED_FOR_UNKNOWN,
D:\Anura\data\unknown_open_set_v2\images\new\Smilisca_phaeota\col_obs_353107452_photo_644337003.jpg,ACCEPT,,1024,622,5513.87,154.79,41.38,OK,,CLEAN,UNRESOLVED_NOT_IN_REGISTRY_EXPECTED_FOR_UNKNOWN,
D:\Anura\data\unknown_open_set_v2\images\new\Smilisca_phaeota\col_obs_353062499_photo_644257213.jpg,ACCEPT,,768,1024,7353.26,115.97,62.55,OK,,CLEAN,UNRESOLVED_NOT_IN_REGISTRY_EXPECTED_FOR_UNKNOWN,
D:\Anura\data\unknown_open_set_v2\images\new\Smilisca_phaeota\col_obs_352165942_photo_642753677.jpg,ACCEPT,,1024,740,8224.41,32.5,56.11,OK,,CLEAN,UNRESOLVED_NOT_IN_REGISTRY_EXPECTED_FOR_UNKNOWN,
D:\Anura\data\unknown_open_set_v2\images\new\Smilisca_phaeota\col_obs_352165942_photo_642753708.jpg,ACCEPT,,1024,576,906.1,27.79,40.54,OK,,CLEAN,UNRESOLVED_NOT_IN_REGISTRY_EXPECTED_FOR_UNKNOWN,
D:\Anura\data\unknown_open_set_v2\images\new\Smilisca_phaeota\col_obs_352165942_photo_642754134.jpg,ACCEPT,,1024,617,6786.35,28.68,43.96,OK,,CLEAN,UNRESOLVED_NOT_IN_REGISTRY_EXPECTED_FOR_UNKNOWN,
D:\Anura\data\unknown_open_set_v2\images\new\Smilisca_phaeota\col_obs_352102816_photo_642624280.jpg,ACCEPT,,768,1024,974.57,118.65,46.56,OK,,CLEAN,UNRESOLVED_NOT_IN_REGISTRY_EXPECTED_FOR_UNKNOWN,
D:\Anura\data\unknown_open_set_v2\images\new\Smilisca_phaeota\col_obs_352102816_photo_642624318.jpg,ACCEPT,,1024,768,877.42,130.14,36.33,OK,,CLEAN,UNRESOLVED_NOT_IN_REGISTRY_EXPECTED_FOR_UNKNOWN,
D:\Anura\data\unknown_open_set_v2\images\new\Smilisca_phaeota\col_obs_351858887_photo_642152050.jpg,ACCEPT,,1024,771,976.34,149.35,47.45,OK,,CLEAN,UNRESOLVED_NOT_IN_REGISTRY_EXPECTED_FOR_UNKNOWN,
D:\Anura\data\unknown_open_set_v2\images\new\Smilisca_phaeota\col_obs_351858887_photo_642152089.jpg,ACCEPT,,1024,771,280.08,144.45,63.18,LOW_CONFIDENCE_FLAT_IMAGE,,CLEAN,UNRESOLVED_NOT_IN_REGISTRY_EXPECTED_FOR_UNKNOWN,low edge density - possible poor subject definition; not auto-rejected
D:\Anura\data\unknown_open_set_v2\images\new\Smilisca_phaeota\col_obs_351858887_photo_647324356.jpg,ACCEPT,,1024,771,301.66,137.36,66.9,OK,,CLEAN,UNRESOLVED_NOT_IN_REGISTRY_EXPECTED_FOR_UNKNOWN,
D:\Anura\data\unknown_open_set_v2\images\new\Smilisca_phaeota\col_obs_351772118_photo_641983742.jpg,ACCEPT,,1024,768,1838.25,109.34,57.72,OK,,CLEAN,UNRESOLVED_NOT_IN_REGISTRY_EXPECTED_FOR_UNKNOWN,
D:\Anura\data\unknown_open_set_v2\images\new\Smilisca_phaeota\col_obs_351005537_photo_640487584.jpg,ACCEPT,,771,1024,163.09,86.07,57.39,OK,,CLEAN,UNRESOLVED_NOT_IN_REGISTRY_EXPECTED_FOR_UNKNOWN,
D:\Anura\data\unknown_open_set_v2\images\new\Smilisca_phaeota\col_obs_350918262_photo_640324804.jpg,ACCEPT,,1024,462,422.0,131.09,38.84,OK,NEWDUP_0b0f47678b,CLEAN,UNRESOLVED_NOT_IN_REGISTRY_EXPECTED_FOR_UNKNOWN,
D:\Anura\data\unknown_open_set_v2\images\new\Smilisca_phaeota\col_obs_350632678_photo_639780238.jpg,ACCEPT,,499,471,137.24,131.96,41.93,OK,,CLEAN,UNRESOLVED_NOT_IN_REGISTRY_EXPECTED_FOR_UNKNOWN,
D:\Anura\data\unknown_open_set_v2\images\new\Smilisca_phaeota\col_obs_350409538_photo_639344078.jpg,ACCEPT,,1024,771,1809.84,133.12,57.75,OK,,CLEAN,UNRESOLVED_NOT_IN_REGISTRY_EXPECTED_FOR_UNKNOWN,
D:\Anura\data\unknown_open_set_v2\images\new\Smilisca_phaeota\col_obs_350409538_photo_639344125.jpg,ACCEPT,,1024,771,3513.48,163.25,49.57,OK,,CLEAN,UNRESOLVED_NOT_IN_REGISTRY_EXPECTED_FOR_UNKNOWN,
D:\Anura\data\unknown_open_set_v2\images\new\Smilisca_phaeota\col_obs_350409538_photo_639344152.jpg,ACCEPT,,1024,771,1956.87,148.31,46.93,OK,,CLEAN,UNRESOLVED_NOT_IN_REGISTRY_EXPECTED_FOR_UNKNOWN,
D:\Anura\data\unknown_open_set_v2\images\new\Leptodactylus_fragilis\col_obs_399441122_photo_732845074.jpg,ACCEPT,,1024,683,654.6,59.7,71.02,OK,,CLEAN,UNRESOLVED_NOT_IN_REGISTRY_EXPECTED_FOR_UNKNOWN,
D:\Anura\data\unknown_open_set_v2\images\new\Leptodactylus_fragilis\col_obs_399152930_photo_732292578.jpg,ACCEPT,,1024,768,599.63,96.63,58.4,OK,,CLEAN,UNRESOLVED_NOT_IN_REGISTRY_EXPECTED_FOR_UNKNOWN,
D:\Anura\data\unknown_open_set_v2\images\new\Leptodactylus_fragilis\col_obs_386900741_photo_708411257.jpg,ACCEPT,,819,1024,1676.25,69.5,32.42,OK,,CLEAN,UNRESOLVED_NOT_IN_REGISTRY_EXPECTED_FOR_UNKNOWN,
D:\Anura\data\unknown_open_set_v2\images\new\Leptodactylus_fragilis\col_obs_386900741_photo_708411510.jpg,ACCEPT,,1024,819,317.1,106.12,36.75,OK,,CLEAN,UNRESOLVED_NOT_IN_REGISTRY_EXPECTED_FOR_UNKNOWN,
D:\Anura\data\unknown_open_set_v2\images\new\Leptodactylus_fragilis\col_obs_383365947_photo_701656675.jpg,ACCEPT,,683,1024,1827.28,86.83,43.83,OK,,CLEAN,UNRESOLVED_NOT_IN_REGISTRY_EXPECTED_FOR_UNKNOWN,
D:\Anura\data\unknown_open_set_v2\images\new\Leptodactylus_fragilis\col_obs_380903606_photo_696906277.jpg,ACCEPT,,576,1024,3350.14,136.7,47.38,OK,,CLEAN,UNRESOLVED_NOT_IN_REGISTRY_EXPECTED_FOR_UNKNOWN,
D:\Anura\data\unknown_open_set_v2\images\new\Leptodactylus_fragilis\col_obs_380903606_photo_696906316.jpg,ACCEPT,,576,1024,3662.03,134.79,46.46,OK,,CLEAN,UNRESOLVED_NOT_IN_REGISTRY_EXPECTED_FOR_UNKNOWN,
D:\Anura\data\unknown_open_set_v2\images\new\Leptodactylus_fragilis\col_obs_380903606_photo_696906348.jpg,ACCEPT,,576,1024,3436.63,141.21,39.16,OK,,CLEAN,UNRESOLVED_NOT_IN_REGISTRY_EXPECTED_FOR_UNKNOWN,
D:\Anura\data\unknown_open_set_v2\images\new\Leptodactylus_fragilis\col_obs_380903606_photo_696906395.jpg,ACCEPT,,576,1024,3811.35,144.92,35.67,OK,,CLEAN,UNRESOLVED_NOT_IN_REGISTRY_EXPECTED_FOR_UNKNOWN,
D:\Anura\data\unknown_open_set_v2\images\new\Leptodactylus_fragilis\col_obs_358496109_photo_653993408.jpg,ACCEPT,,768,1024,122.07,92.41,42.78,LOW_CONFIDENCE_FLAT_IMAGE,,CLEAN,UNRESOLVED_NOT_IN_REGISTRY_EXPECTED_FOR_UNKNOWN,low edge density - possible poor subject definition; not auto-rejected
D:\Anura\data\unknown_open_set_v2\images\new\Leptodactylus_fragilis\col_obs_356722390_photo_650551162.jpg,ACCEPT,,1024,768,3860.7,119.97,39.83,OK,,CLEAN,UNRESOLVED_NOT_IN_REGISTRY_EXPECTED_FOR_UNKNOWN,
D:\Anura\data\unknown_open_set_v2\images\new\Leptodactylus_fragilis\col_obs_356722390_photo_650551212.jpg,ACCEPT,,1024,768,4701.92,169.99,45.44,OK,,CLEAN,UNRESOLVED_NOT_IN_REGISTRY_EXPECTED_FOR_UNKNOWN,
D:\Anura\data\unknown_open_set_v2\images\new\Leptodactylus_fragilis\col_obs_352434104_photo_643257625.jpg,ACCEPT,,768,1024,2903.13,83.09,64.39,OK,,CLEAN,UNRESOLVED_NOT_IN_REGISTRY_EXPECTED_FOR_UNKNOWN,
D:\Anura\data\unknown_open_set_v2\images\new\Leptodactylus_fragilis\col_obs_352434104_photo_643257670.jpg,ACCEPT,,768,1024,1348.08,50.38,82.22,OK,,CLEAN,UNRESOLVED_NOT_IN_REGISTRY_EXPECTED_FOR_UNKNOWN,
D:\Anura\data\unknown_open_set_v2\images\new\Leptodactylus_fragilis\col_obs_352434104_photo_643257701.jpg,ACCEPT,,768,1024,1424.62,60.29,79.1,OK,,CLEAN,UNRESOLVED_NOT_IN_REGISTRY_EXPECTED_FOR_UNKNOWN,
D:\Anura\data\unknown_open_set_v2\images\new\Leptodactylus_fragilis\col_obs_349766510_photo_638088946.jpg,ACCEPT,,768,1024,3182.7,122.97,58.66,OK,,CLEAN,UNRESOLVED_NOT_IN_REGISTRY_EXPECTED_FOR_UNKNOWN,
D:\Anura\data\unknown_open_set_v2\images\new\Leptodactylus_fragilis\col_obs_349766510_photo_638088987.jpg,ACCEPT,,768,1024,2171.18,126.78,62.07,OK,,CLEAN,UNRESOLVED_NOT_IN_REGISTRY_EXPECTED_FOR_UNKNOWN,
D:\Anura\data\unknown_open_set_v2\images\new\Leptodactylus_fragilis\col_obs_347274288_photo_633166362.jpg,ACCEPT,,768,1024,3300.35,130.83,66.33,OK,,CLEAN,UNRESOLVED_NOT_IN_REGISTRY_EXPECTED_FOR_UNKNOWN,
D:\Anura\data\unknown_open_set_v2\images\new\Leptodactylus_fragilis\col_obs_347274288_photo_633166432.jpg,ACCEPT,,768,1024,4072.47,153.46,64.63,OK,,CLEAN,UNRESOLVED_NOT_IN_REGISTRY_EXPECTED_FOR_UNKNOWN,
D:\Anura\data\unknown_open_set_v2\images\new\Leptodactylus_fragilis\col_obs_346844475_photo_632308792.jpg,ACCEPT,,1024,768,3844.55,114.92,73.06,OK,,CLEAN,UNRESOLVED_NOT_IN_REGISTRY_EXPECTED_FOR_UNKNOWN,
D:\Anura\data\unknown_open_set_v2\images\new\Leptodactylus_fragilis\col_obs_345778928_photo_630203280.jpg,ACCEPT,,768,1024,8217.24,158.1,41.36,OK,,CLEAN,UNRESOLVED_NOT_IN_REGISTRY_EXPECTED_FOR_UNKNOWN,
D:\Anura\data\unknown_open_set_v2\images\new\Leptodactylus_fragilis\col_obs_345745660_photo_630136922.jpg,ACCEPT,,768,1024,11920.18,158.71,42.9,OK,,CLEAN,UNRESOLVED_NOT_IN_REGISTRY_EXPECTED_FOR_UNKNOWN,
D:\Anura\data\unknown_open_set_v2\images\new\Leptodactylus_fragilis\col_obs_344575615_photo_627858298.jpg,ACCEPT,,1024,768,4651.86,162.45,52.31,OK,,CLEAN,UNRESOLVED_NOT_IN_REGISTRY_EXPECTED_FOR_UNKNOWN,
D:\Anura\data\unknown_open_set_v2\images\new\Leptodactylus_fragilis\col_obs_344575615_photo_627859122.jpg,ACCEPT,,1024,768,5364.37,160.7,51.53,OK,,CLEAN,UNRESOLVED_NOT_IN_REGISTRY_EXPECTED_FOR_UNKNOWN,
D:\Anura\data\unknown_open_set_v2\images\new\Leptodactylus_fragilis\col_obs_343232113_photo_625185169.jpg,ACCEPT,,768,1024,6552.97,82.36,34.68,OK,,CLEAN,UNRESOLVED_NOT_IN_REGISTRY_EXPECTED_FOR_UNKNOWN,
D:\Anura\data\unknown_open_set_v2\images\new\Leptodactylus_fragilis\col_obs_341398648_photo_631099204.jpg,ACCEPT,,1024,683,990.47,220.9,30.64,LOW_CONFIDENCE_FLAT_IMAGE,,CLEAN,UNRESOLVED_NOT_IN_REGISTRY_EXPECTED_FOR_UNKNOWN,low edge density - possible poor subject definition; not auto-rejected
D:\Anura\data\unknown_open_set_v2\images\new\Leptodactylus_fragilis\col_obs_341398648_photo_631099206.jpg,ACCEPT,,1024,683,597.07,185.36,22.02,LOW_CONFIDENCE_FLAT_IMAGE,,CLEAN,UNRESOLVED_NOT_IN_REGISTRY_EXPECTED_FOR_UNKNOWN,low edge density - possible poor subject definition; not auto-rejected
D:\Anura\data\unknown_open_set_v2\images\new\Leptodactylus_fragilis\col_obs_341398648_photo_631099201.jpg,ACCEPT,,1024,683,930.75,211.87,34.09,LOW_CONFIDENCE_FLAT_IMAGE,,CLEAN,UNRESOLVED_NOT_IN_REGISTRY_EXPECTED_FOR_UNKNOWN,low edge density - possible poor subject definition; not auto-rejected
D:\Anura\data\unknown_open_set_v2\images\new\Leptodactylus_fragilis\col_obs_341398648_photo_631099207.jpg,ACCEPT,,1024,683,821.68,206.0,28.54,LOW_CONFIDENCE_FLAT_IMAGE,,CLEAN,UNRESOLVED_NOT_IN_REGISTRY_EXPECTED_FOR_UNKNOWN,low edge density - possible poor subject definition; not auto-rejected
D:\Anura\data\unknown_open_set_v2\images\new\Leptodactylus_fragilis\col_obs_341398648_photo_631099203.jpg,ACCEPT,,1024,683,946.88,218.06,28.47,LOW_CONFIDENCE_FLAT_IMAGE,,CLEAN,UNRESOLVED_NOT_IN_REGISTRY_EXPECTED_FOR_UNKNOWN,low edge density - possible poor subject definition; not auto-rejected
D:\Anura\data\unknown_open_set_v2\images\new\Leptodactylus_fragilis\col_obs_341398648_photo_631099208.jpg,ACCEPT,,1024,683,924.33,217.46,38.84,LOW_CONFIDENCE_FLAT_IMAGE,,CLEAN,UNRESOLVED_NOT_IN_REGISTRY_EXPECTED_FOR_UNKNOWN,low edge density - possible poor subject definition; not auto-rejected
D:\Anura\data\unknown_open_set_v2\images\new\Leptodactylus_fragilis\col_obs_341392055_photo_631003757.jpg,ACCEPT,,1024,768,4203.11,109.41,58.92,OK,,CLEAN,UNRESOLVED_NOT_IN_REGISTRY_EXPECTED_FOR_UNKNOWN,
D:\Anura\data\unknown_open_set_v2\images\new\Leptodactylus_fragilis\col_obs_341158244_photo_620989893.jpg,ACCEPT,,1024,683,3009.66,126.67,43.83,OK,,CLEAN,UNRESOLVED_NOT_IN_REGISTRY_EXPECTED_FOR_UNKNOWN,
D:\Anura\data\unknown_open_set_v2\images\new\Leptodactylus_fragilis\col_obs_339489761_photo_617591587.jpg,ACCEPT,,768,1024,2676.2,152.83,39.5,OK,,CLEAN,UNRESOLVED_NOT_IN_REGISTRY_EXPECTED_FOR_UNKNOWN,
D:\Anura\data\unknown_open_set_v2\images\new\Leptodactylus_fragilis\col_obs_339489761_photo_617591605.jpg,ACCEPT,,768,1024,5171.29,163.22,47.38,OK,,CLEAN,UNRESOLVED_NOT_IN_REGISTRY_EXPECTED_FOR_UNKNOWN,
D:\Anura\data\unknown_open_set_v2\images\new\Leptodactylus_fragilis\col_obs_339489761_photo_617591633.jpg,ACCEPT,,768,1024,4796.71,157.38,50.66,OK,,CLEAN,UNRESOLVED_NOT_IN_REGISTRY_EXPECTED_FOR_UNKNOWN,
D:\Anura\data\unknown_open_set_v2\images\new\Leptodactylus_fragilis\col_obs_338966350_photo_616544366.jpg,ACCEPT,,768,1024,1428.42,146.86,45.53,OK,,CLEAN,UNRESOLVED_NOT_IN_REGISTRY_EXPECTED_FOR_UNKNOWN,
D:\Anura\data\unknown_open_set_v2\images\new\Leptodactylus_fragilis\col_obs_338966350_photo_616544450.jpg,ACCEPT,,768,1024,2244.62,124.17,53.15,OK,,CLEAN,UNRESOLVED_NOT_IN_REGISTRY_EXPECTED_FOR_UNKNOWN,
D:\Anura\data\unknown_open_set_v2\images\new\Leptodactylus_fragilis\col_obs_338966350_photo_616544506.jpg,ACCEPT,,768,1024,2401.48,151.06,49.58,OK,,CLEAN,UNRESOLVED_NOT_IN_REGISTRY_EXPECTED_FOR_UNKNOWN,
D:\Anura\data\unknown_open_set_v2\images\new\Leptodactylus_fragilis\col_obs_338966350_photo_616544553.jpg,ACCEPT,,768,1024,2811.42,136.88,49.88,OK,,CLEAN,UNRESOLVED_NOT_IN_REGISTRY_EXPECTED_FOR_UNKNOWN,
D:\Anura\data\unknown_open_set_v2\images\new\Leptodactylus_fragilis\col_obs_336277256_photo_611052790.jpg,ACCEPT,,1024,576,999.74,31.57,44.16,OK,,CLEAN,UNRESOLVED_NOT_IN_REGISTRY_EXPECTED_FOR_UNKNOWN,
D:\Anura\data\unknown_open_set_v2\images\new\Leptodactylus_fragilis\col_obs_335299924_photo_609091855.jpg,ACCEPT,,750,562,716.28,131.95,30.08,OK,,CLEAN,UNRESOLVED_NOT_IN_REGISTRY_EXPECTED_FOR_UNKNOWN,
D:\Anura\data\unknown_open_set_v2\images\new\Leptodactylus_fragilis\col_obs_335299924_photo_609091887.jpg,ACCEPT,,756,1008,3588.37,130.16,32.55,OK,,CLEAN,UNRESOLVED_NOT_IN_REGISTRY_EXPECTED_FOR_UNKNOWN,
D:\Anura\data\unknown_open_set_v2\images\new\Leptodactylus_fragilis\col_obs_335299924_photo_609091905.jpg,ACCEPT,,750,562,943.46,135.04,28.8,OK,,CLEAN,UNRESOLVED_NOT_IN_REGISTRY_EXPECTED_FOR_UNKNOWN,
D:\Anura\data\unknown_open_set_v2\images\new\Leptodactylus_fragilis\col_obs_335299924_photo_609091930.jpg,ACCEPT,,756,1008,4401.16,135.48,34.84,OK,,CLEAN,UNRESOLVED_NOT_IN_REGISTRY_EXPECTED_FOR_UNKNOWN,
D:\Anura\data\unknown_open_set_v2\images\new\Leptodactylus_fragilis\col_obs_334403866_photo_607268791.jpg,ACCEPT,,1024,990,7926.52,134.19,55.88,OK,,CLEAN,UNRESOLVED_NOT_IN_REGISTRY_EXPECTED_FOR_UNKNOWN,
D:\Anura\data\unknown_open_set_v2\images\new\Leptodactylus_fragilis\col_obs_334403866_photo_607269044.jpg,ACCEPT,,1024,867,15803.3,132.81,67.45,OK,,CLEAN,UNRESOLVED_NOT_IN_REGISTRY_EXPECTED_FOR_UNKNOWN,
D:\Anura\data\unknown_open_set_v2\images\new\Leptodactylus_fragilis\col_obs_333016620_photo_604499005.jpg,ACCEPT,,1024,1024,917.8,141.95,60.28,OK,,CLEAN,UNRESOLVED_NOT_IN_REGISTRY_EXPECTED_FOR_UNKNOWN,
D:\Anura\data\unknown_open_set_v2\images\new\Leptodactylus_fragilis\col_obs_333015085_photo_604495826.jpg,ACCEPT,,1024,1024,1246.79,135.28,55.41,OK,,CLEAN,UNRESOLVED_NOT_IN_REGISTRY_EXPECTED_FOR_UNKNOWN,
D:\Anura\data\unknown_open_set_v2\images\new\Leptodactylus_fragilis\col_obs_331268057_photo_600909821.jpg,ACCEPT,,1024,851,2066.31,102.63,33.65,OK,,CLEAN,UNRESOLVED_NOT_IN_REGISTRY_EXPECTED_FOR_UNKNOWN,
D:\Anura\data\unknown_open_set_v2\images\new\Leptodactylus_fragilis\col_obs_331268057_photo_600909863.jpg,ACCEPT,,1024,848,1668.0,110.18,30.77,OK,,CLEAN,UNRESOLVED_NOT_IN_REGISTRY_EXPECTED_FOR_UNKNOWN,
D:\Anura\data\unknown_open_set_v2\images\new\Leptodactylus_fragilis\col_obs_329754211_photo_597801756.jpg,ACCEPT,,768,1024,108.71,150.97,55.84,LOW_CONFIDENCE_FLAT_IMAGE,,CLEAN,UNRESOLVED_NOT_IN_REGISTRY_EXPECTED_FOR_UNKNOWN,low edge density - possible poor subject definition; not auto-rejected
D:\Anura\data\unknown_open_set_v2\images\new\Leptodactylus_fragilis\col_obs_329754211_photo_597803271.jpg,ACCEPT,,768,1024,59.33,152.57,63.56,LOW_CONFIDENCE_FLAT_IMAGE,,CLEAN,UNRESOLVED_NOT_IN_REGISTRY_EXPECTED_FOR_UNKNOWN,low edge density - possible poor subject definition; not auto-rejected
D:\Anura\data\unknown_open_set_v2\images\new\Leptodactylus_fragilis\col_obs_329754211_photo_597804270.jpg,ACCEPT,,768,1024,148.31,135.15,30.69,LOW_CONFIDENCE_FLAT_IMAGE,,CLEAN,UNRESOLVED_NOT_IN_REGISTRY_EXPECTED_FOR_UNKNOWN,low edge density - possible poor subject definition; not auto-rejected
D:\Anura\data\unknown_open_set_v2\images\new\Leptodactylus_fragilis\col_obs_329754211_photo_597804305.jpg,ACCEPT,,768,1024,335.7,128.95,27.89,LOW_CONFIDENCE_FLAT_IMAGE,,CLEAN,UNRESOLVED_NOT_IN_REGISTRY_EXPECTED_FOR_UNKNOWN,low edge density - possible poor subject definition; not auto-rejected
D:\Anura\data\unknown_open_set_v2\images\new\Leptodactylus_fragilis\col_obs_329262232_photo_596796340.jpg,ACCEPT,,1024,658,439.69,100.69,32.16,OK,,CLEAN,UNRESOLVED_NOT_IN_REGISTRY_EXPECTED_FOR_UNKNOWN,
D:\Anura\data\unknown_open_set_v2\images\new\Leptodactylus_fragilis\col_obs_328281871_photo_594835792.jpg,ACCEPT,,768,1024,910.07,182.07,29.69,OK,,CLEAN,UNRESOLVED_NOT_IN_REGISTRY_EXPECTED_FOR_UNKNOWN,
D:\Anura\data\unknown_open_set_v2\images\new\Leptodactylus_fragilis\col_obs_328281871_photo_594835803.jpg,ACCEPT,,1024,768,399.42,155.07,33.77,OK,,CLEAN,UNRESOLVED_NOT_IN_REGISTRY_EXPECTED_FOR_UNKNOWN,
D:\Anura\data\unknown_open_set_v2\images\new\Leptodactylus_fragilis\col_obs_327603504_photo_593537161.jpg,ACCEPT,,1024,576,3345.58,129.82,39.11,OK,,CLEAN,UNRESOLVED_NOT_IN_REGISTRY_EXPECTED_FOR_UNKNOWN,
D:\Anura\data\unknown_open_set_v2\images\new\Leptodactylus_fragilis\col_obs_326990619_photo_592319762.jpg,ACCEPT,,1024,768,7044.55,151.88,54.09,OK,,CLEAN,UNRESOLVED_NOT_IN_REGISTRY_EXPECTED_FOR_UNKNOWN,
D:\Anura\data\unknown_open_set_v2\images\new\Leptodactylus_fragilis\col_obs_326990619_photo_592319767.jpg,ACCEPT,,768,1024,13478.19,148.82,59.81,OK,,CLEAN,UNRESOLVED_NOT_IN_REGISTRY_EXPECTED_FOR_UNKNOWN,
D:\Anura\data\unknown_open_set_v2\images\new\Leptodactylus_fragilis\col_obs_326911547_photo_592164229.jpg,ACCEPT,,1024,768,3027.6,91.02,56.54,OK,,CLEAN,UNRESOLVED_NOT_IN_REGISTRY_EXPECTED_FOR_UNKNOWN,
D:\Anura\data\unknown_open_set_v2\images\new\Leptodactylus_fragilis\col_obs_321005702_photo_580481709.jpg,ACCEPT,,1024,768,1611.08,126.18,55.9,OK,,CLEAN,UNRESOLVED_NOT_IN_REGISTRY_EXPECTED_FOR_UNKNOWN,
D:\Anura\data\unknown_open_set_v2\images\new\Leptodactylus_fragilis\col_obs_320271106_photo_579033727.jpg,ACCEPT,,1024,768,2129.67,125.21,57.24,OK,,CLEAN,UNRESOLVED_NOT_IN_REGISTRY_EXPECTED_FOR_UNKNOWN,
D:\Anura\data\unknown_open_set_v2\images\new\Leptodactylus_fragilis\col_obs_320271106_photo_579034239.jpg,ACCEPT,,1024,768,3794.63,114.46,53.4,OK,,CLEAN,UNRESOLVED_NOT_IN_REGISTRY_EXPECTED_FOR_UNKNOWN,
D:\Anura\data\unknown_open_set_v2\images\new\Leptodactylus_fragilis\col_obs_317536161_photo_573791662.jpg,ACCEPT,,1024,768,2910.41,126.5,51.93,OK,,CLEAN,UNRESOLVED_NOT_IN_REGISTRY_EXPECTED_FOR_UNKNOWN,
D:\Anura\data\unknown_open_set_v2\images\new\Leptodactylus_fragilis\col_obs_317536161_photo_573797775.jpg,ACCEPT,,1024,768,1382.16,137.95,57.91,OK,,CLEAN,UNRESOLVED_NOT_IN_REGISTRY_EXPECTED_FOR_UNKNOWN,
D:\Anura\data\unknown_open_set_v2\images\new\Leptodactylus_fragilis\col_obs_316775072_photo_572351782.jpg,ACCEPT,,1024,578,5506.16,79.29,47.5,OK,,CLEAN,UNRESOLVED_NOT_IN_REGISTRY_EXPECTED_FOR_UNKNOWN,
D:\Anura\data\unknown_open_set_v2\images\new\Leptodactylus_fragilis\col_obs_305567215_photo_550957411.jpg,ACCEPT,,1024,683,767.07,212.13,32.32,OK,,CLEAN,UNRESOLVED_NOT_IN_REGISTRY_EXPECTED_FOR_UNKNOWN,
D:\Anura\data\unknown_open_set_v2\images\new\Leptodactylus_fragilis\col_obs_294595331_photo_530265083.jpg,ACCEPT,,1024,768,1417.2,99.7,49.31,OK,,CLEAN,UNRESOLVED_NOT_IN_REGISTRY_EXPECTED_FOR_UNKNOWN,
D:\Anura\data\unknown_open_set_v2\images\new\Leptodactylus_fragilis\col_obs_294595331_photo_530265654.jpg,ACCEPT,,1024,768,1133.68,87.47,48.0,OK,,CLEAN,UNRESOLVED_NOT_IN_REGISTRY_EXPECTED_FOR_UNKNOWN,
D:\Anura\data\unknown_open_set_v2\images\new\Leptodactylus_fragilis\col_obs_288843271_photo_519472876.jpg,ACCEPT,,1024,768,2867.9,141.5,52.62,OK,NEWDUP_9acecd8dda,CLEAN,UNRESOLVED_NOT_IN_REGISTRY_EXPECTED_FOR_UNKNOWN,
D:\Anura\data\unknown_open_set_v2\images\new\Leptodactylus_fragilis\col_obs_288843271_photo_519482668.jpg,ACCEPT,,768,1024,5118.72,105.52,83.59,OK,,CLEAN,UNRESOLVED_NOT_IN_REGISTRY_EXPECTED_FOR_UNKNOWN,
D:\Anura\data\unknown_open_set_v2\images\new\Leptodactylus_fragilis\col_obs_288843271_photo_519482718.jpg,ACCEPT,,1024,768,2815.14,138.37,44.86,OK,,CLEAN,UNRESOLVED_NOT_IN_REGISTRY_EXPECTED_FOR_UNKNOWN,
D:\Anura\data\unknown_open_set_v2\images\new\Leptodactylus_fragilis\col_obs_288843271_photo_519482733.jpg,ACCEPT,,1024,768,3944.71,125.75,59.53,OK,,CLEAN,UNRESOLVED_NOT_IN_REGISTRY_EXPECTED_FOR_UNKNOWN,
D:\Anura\data\unknown_open_set_v2\images\new\Leptodactylus_fragilis\col_obs_288843271_photo_519482732.jpg,ACCEPT,,1024,768,2867.9,141.5,52.62,OK,NEWDUP_9acecd8dda,CLEAN,UNRESOLVED_NOT_IN_REGISTRY_EXPECTED_FOR_UNKNOWN,
D:\Anura\data\unknown_open_set_v2\images\new\Leptodactylus_fragilis\col_obs_288843271_photo_519482744.jpg,ACCEPT,,1024,768,2404.74,125.55,60.18,OK,,CLEAN,UNRESOLVED_NOT_IN_REGISTRY_EXPECTED_FOR_UNKNOWN,
D:\Anura\data\unknown_open_set_v2\images\new\Leptodactylus_fragilis\col_obs_284546586_photo_511393957.jpg,ACCEPT,,768,1024,139.04,27.63,53.76,LOW_CONFIDENCE_FLAT_IMAGE,,CLEAN,UNRESOLVED_NOT_IN_REGISTRY_EXPECTED_FOR_UNKNOWN,low edge density - possible poor subject definition; not auto-rejected
D:\Anura\data\unknown_open_set_v2\images\new\Leptodactylus_fragilis\col_obs_281129030_photo_504981174.jpg,ACCEPT,,1024,768,1043.47,127.96,46.05,OK,,CLEAN,UNRESOLVED_NOT_IN_REGISTRY_EXPECTED_FOR_UNKNOWN,
D:\Anura\data\unknown_open_set_v2\images\new\Leptodactylus_fragilis\col_obs_281129030_photo_504981204.jpg,ACCEPT,,1024,768,707.35,125.94,47.38,OK,,CLEAN,UNRESOLVED_NOT_IN_REGISTRY_EXPECTED_FOR_UNKNOWN,
D:\Anura\data\unknown_open_set_v2\images\new\Leptodactylus_fragilis\col_obs_265941053_photo_477773364.jpg,ACCEPT,,1024,723,3693.98,155.45,43.66,OK,,CLEAN,UNRESOLVED_NOT_IN_REGISTRY_EXPECTED_FOR_UNKNOWN,
D:\Anura\data\unknown_open_set_v2\images\new\Leptodactylus_fragilis\col_obs_265941053_photo_477773383.jpg,ACCEPT,,1024,955,2392.36,144.92,50.31,OK,,CLEAN,UNRESOLVED_NOT_IN_REGISTRY_EXPECTED_FOR_UNKNOWN,
D:\Anura\data\unknown_open_set_v2\images\new\Leptodactylus_fragilis\col_obs_265941053_photo_477773395.jpg,ACCEPT,,768,1024,535.25,119.12,48.17,OK,,CLEAN,UNRESOLVED_NOT_IN_REGISTRY_EXPECTED_FOR_UNKNOWN,
D:\Anura\data\unknown_open_set_v2\images\new\Leptodactylus_fragilis\col_obs_265845259_photo_477579269.jpg,ACCEPT,,1024,683,6889.4,108.39,56.63,OK,,CLEAN,UNRESOLVED_NOT_IN_REGISTRY_EXPECTED_FOR_UNKNOWN,
D:\Anura\data\unknown_open_set_v2\images\new\Leptodactylus_fragilis\col_obs_264455093_photo_474886848.jpg,ACCEPT,,768,1024,4029.81,97.03,62.24,OK,,CLEAN,UNRESOLVED_NOT_IN_REGISTRY_EXPECTED_FOR_UNKNOWN,
D:\Anura\data\unknown_open_set_v2\images\new\Espadarana_prosoblepon\col_obs_393460834_photo_721194047.jpg,ACCEPT,,768,1024,7308.89,86.99,56.81,OK,,CLEAN,UNRESOLVED_NOT_IN_REGISTRY_EXPECTED_FOR_UNKNOWN,
D:\Anura\data\unknown_open_set_v2\images\new\Espadarana_prosoblepon\col_obs_392282553_photo_718889529.jpg,ACCEPT,,1024,768,490.05,37.46,51.68,OK,,CLEAN,UNRESOLVED_NOT_IN_REGISTRY_EXPECTED_FOR_UNKNOWN,
D:\Anura\data\unknown_open_set_v2\images\new\Espadarana_prosoblepon\col_obs_392282553_photo_718889594.jpg,ACCEPT,,1024,768,340.31,71.63,57.88,LOW_CONFIDENCE_FLAT_IMAGE,,CLEAN,UNRESOLVED_NOT_IN_REGISTRY_EXPECTED_FOR_UNKNOWN,low edge density - possible poor subject definition; not auto-rejected
D:\Anura\data\unknown_open_set_v2\images\new\Espadarana_prosoblepon\col_obs_392282553_photo_718889651.jpg,ACCEPT,,1024,768,377.54,102.87,42.96,LOW_CONFIDENCE_FLAT_IMAGE,,CLEAN,UNRESOLVED_NOT_IN_REGISTRY_EXPECTED_FOR_UNKNOWN,low edge density - possible poor subject definition; not auto-rejected
D:\Anura\data\unknown_open_set_v2\images\new\Espadarana_prosoblepon\col_obs_392282553_photo_718889683.jpg,ACCEPT,,1024,768,350.22,73.54,57.57,LOW_CONFIDENCE_FLAT_IMAGE,,CLEAN,UNRESOLVED_NOT_IN_REGISTRY_EXPECTED_FOR_UNKNOWN,low edge density - possible poor subject definition; not auto-rejected
D:\Anura\data\unknown_open_set_v2\images\new\Espadarana_prosoblepon\col_obs_392282553_photo_718889744.jpg,ACCEPT,,1024,768,330.68,70.1,65.27,LOW_CONFIDENCE_FLAT_IMAGE,,CLEAN,UNRESOLVED_NOT_IN_REGISTRY_EXPECTED_FOR_UNKNOWN,low edge density - possible poor subject definition; not auto-rejected
D:\Anura\data\unknown_open_set_v2\images\new\Espadarana_prosoblepon\col_obs_384412213_photo_703672720.jpg,ACCEPT,,576,1024,330.78,58.22,36.04,OK,,CLEAN,UNRESOLVED_NOT_IN_REGISTRY_EXPECTED_FOR_UNKNOWN,
D:\Anura\data\unknown_open_set_v2\images\new\Espadarana_prosoblepon\col_obs_383975171_photo_702824743.jpg,ACCEPT,,768,1024,332.26,92.0,50.04,LOW_CONFIDENCE_FLAT_IMAGE,,CLEAN,UNRESOLVED_NOT_IN_REGISTRY_EXPECTED_FOR_UNKNOWN,low edge density - possible poor subject definition; not auto-rejected
D:\Anura\data\unknown_open_set_v2\images\new\Espadarana_prosoblepon\col_obs_381191729_photo_697461548.jpg,ACCEPT,,771,1024,175.09,150.19,41.09,OK,,CLEAN,UNRESOLVED_NOT_IN_REGISTRY_EXPECTED_FOR_UNKNOWN,
D:\Anura\data\unknown_open_set_v2\images\new\Espadarana_prosoblepon\col_obs_374818721_photo_685142834.jpg,ACCEPT,,1024,768,1419.12,72.4,64.71,OK,,CLEAN,UNRESOLVED_NOT_IN_REGISTRY_EXPECTED_FOR_UNKNOWN,
D:\Anura\data\unknown_open_set_v2\images\new\Espadarana_prosoblepon\col_obs_362635134_photo_661888820.jpg,ACCEPT,,768,1024,892.72,119.41,50.69,OK,,CLEAN,UNRESOLVED_NOT_IN_REGISTRY_EXPECTED_FOR_UNKNOWN,
D:\Anura\data\unknown_open_set_v2\images\new\Espadarana_prosoblepon\col_obs_361315792_photo_659391931.jpg,ACCEPT,,1024,682,234.66,79.43,35.26,LOW_CONFIDENCE_FLAT_IMAGE,,CLEAN,UNRESOLVED_NOT_IN_REGISTRY_EXPECTED_FOR_UNKNOWN,low edge density - possible poor subject definition; not auto-rejected
D:\Anura\data\unknown_open_set_v2\images\new\Espadarana_prosoblepon\col_obs_348655265_photo_635905792.jpg,ACCEPT,,768,1024,1309.23,65.84,64.28,OK,,CLEAN,UNRESOLVED_NOT_IN_REGISTRY_EXPECTED_FOR_UNKNOWN,
D:\Anura\data\unknown_open_set_v2\images\new\Espadarana_prosoblepon\col_obs_348655265_photo_635905800.jpg,ACCEPT,,600,1024,757.16,84.75,76.62,OK,,CLEAN,UNRESOLVED_NOT_IN_REGISTRY_EXPECTED_FOR_UNKNOWN,
D:\Anura\data\unknown_open_set_v2\images\new\Espadarana_prosoblepon\col_obs_347270345_photo_633157913.jpg,ACCEPT,,685,1024,1693.84,109.87,52.23,OK,,CLEAN,UNRESOLVED_NOT_IN_REGISTRY_EXPECTED_FOR_UNKNOWN,
D:\Anura\data\unknown_open_set_v2\images\new\Espadarana_prosoblepon\col_obs_345788560_photo_630221346.jpg,ACCEPT,,768,1024,370.44,53.7,34.71,OK,,CLEAN,UNRESOLVED_NOT_IN_REGISTRY_EXPECTED_FOR_UNKNOWN,
D:\Anura\data\unknown_open_set_v2\images\new\Espadarana_prosoblepon\col_obs_345788560_photo_630221886.jpg,REJECT_QUALITY,brightness_13.3_out_of_range,768,1024,105.48,13.32,18.34,,,CLEAN,UNRESOLVED_NOT_IN_REGISTRY_EXPECTED_FOR_UNKNOWN,
D:\Anura\data\unknown_open_set_v2\images\new\Espadarana_prosoblepon\col_obs_345788560_photo_630221889.jpg,ACCEPT,,768,1024,734.95,34.53,41.91,OK,,CLEAN,UNRESOLVED_NOT_IN_REGISTRY_EXPECTED_FOR_UNKNOWN,
D:\Anura\data\unknown_open_set_v2\images\new\Espadarana_prosoblepon\col_obs_344806065_photo_628291770.jpg,ACCEPT,,771,1024,1917.73,82.68,44.01,OK,,CLEAN,UNRESOLVED_NOT_IN_REGISTRY_EXPECTED_FOR_UNKNOWN,
D:\Anura\data\unknown_open_set_v2\images\new\Espadarana_prosoblepon\col_obs_344806065_photo_628291806.jpg,ACCEPT,,771,1024,2628.48,92.9,44.35,OK,,CLEAN,UNRESOLVED_NOT_IN_REGISTRY_EXPECTED_FOR_UNKNOWN,
D:\Anura\data\unknown_open_set_v2\images\new\Espadarana_prosoblepon\col_obs_341392040_photo_631005701.jpg,ACCEPT,,1024,768,595.74,103.9,23.28,OK,,CLEAN,UNRESOLVED_NOT_IN_REGISTRY_EXPECTED_FOR_UNKNOWN,
D:\Anura\data\unknown_open_set_v2\images\new\Espadarana_prosoblepon\col_obs_341392040_photo_631005699.jpg,ACCEPT,,1024,768,624.8,101.78,29.49,OK,,CLEAN,UNRESOLVED_NOT_IN_REGISTRY_EXPECTED_FOR_UNKNOWN,
D:\Anura\data\unknown_open_set_v2\images\new\Espadarana_prosoblepon\col_obs_341392040_photo_631005702.jpg,ACCEPT,,1024,768,731.02,45.73,29.91,OK,,CLEAN,UNRESOLVED_NOT_IN_REGISTRY_EXPECTED_FOR_UNKNOWN,
D:\Anura\data\unknown_open_set_v2\images\new\Espadarana_prosoblepon\col_obs_341392040_photo_631005707.jpg,ACCEPT,,1024,768,904.98,69.56,35.97,OK,,CLEAN,UNRESOLVED_NOT_IN_REGISTRY_EXPECTED_FOR_UNKNOWN,
D:\Anura\data\unknown_open_set_v2\images\new\Espadarana_prosoblepon\col_obs_341392040_photo_631005703.jpg,ACCEPT,,1024,768,1042.1,64.34,32.62,OK,,CLEAN,UNRESOLVED_NOT_IN_REGISTRY_EXPECTED_FOR_UNKNOWN,
D:\Anura\data\unknown_open_set_v2\images\new\Espadarana_prosoblepon\col_obs_341392040_photo_631005705.jpg,ACCEPT,,1024,768,739.15,75.93,29.47,OK,,CLEAN,UNRESOLVED_NOT_IN_REGISTRY_EXPECTED_FOR_UNKNOWN,
D:\Anura\data\unknown_open_set_v2\images\new\Espadarana_prosoblepon\col_obs_341392040_photo_631005704.jpg,ACCEPT,,1024,768,748.15,98.61,34.39,OK,,CLEAN,UNRESOLVED_NOT_IN_REGISTRY_EXPECTED_FOR_UNKNOWN,
D:\Anura\data\unknown_open_set_v2\images\new\Espadarana_prosoblepon\col_obs_341392040_photo_631005706.jpg,ACCEPT,,1024,768,886.19,91.31,32.31,OK,,CLEAN,UNRESOLVED_NOT_IN_REGISTRY_EXPECTED_FOR_UNKNOWN,
D:\Anura\data\unknown_open_set_v2\images\new\Espadarana_prosoblepon\col_obs_341392040_photo_631005708.jpg,ACCEPT,,1024,768,843.88,92.73,35.38,OK,,CLEAN,UNRESOLVED_NOT_IN_REGISTRY_EXPECTED_FOR_UNKNOWN,
D:\Anura\data\unknown_open_set_v2\images\new\Espadarana_prosoblepon\col_obs_341382917_photo_631439071.jpg,ACCEPT,,1024,768,1014.38,108.23,46.71,OK,,CLEAN,UNRESOLVED_NOT_IN_REGISTRY_EXPECTED_FOR_UNKNOWN,
D:\Anura\data\unknown_open_set_v2\images\new\Espadarana_prosoblepon\col_obs_341382917_photo_631439070.jpg,ACCEPT,,1024,768,909.21,97.78,44.48,OK,,CLEAN,UNRESOLVED_NOT_IN_REGISTRY_EXPECTED_FOR_UNKNOWN,
D:\Anura\data\unknown_open_set_v2\images\new\Espadarana_prosoblepon\col_obs_341316401_photo_621319261.jpg,ACCEPT,,1024,525,3222.93,139.74,56.23,OK,,CLEAN,UNRESOLVED_NOT_IN_REGISTRY_EXPECTED_FOR_UNKNOWN,
D:\Anura\data\unknown_open_set_v2\images\new\Espadarana_prosoblepon\col_obs_341174904_photo_621027444.jpg,ACCEPT,,771,1024,1541.5,133.4,63.58,OK,,CLEAN,UNRESOLVED_NOT_IN_REGISTRY_EXPECTED_FOR_UNKNOWN,
D:\Anura\data\unknown_open_set_v2\images\new\Espadarana_prosoblepon\col_obs_341145958_photo_620966529.jpg,ACCEPT,,771,1024,735.63,122.84,53.87,OK,,CLEAN,UNRESOLVED_NOT_IN_REGISTRY_EXPECTED_FOR_UNKNOWN,
D:\Anura\data\unknown_open_set_v2\images\new\Espadarana_prosoblepon\col_obs_340112471_photo_618864801.jpg,ACCEPT,,768,1024,6938.12,140.38,45.07,OK,,CLEAN,UNRESOLVED_NOT_IN_REGISTRY_EXPECTED_FOR_UNKNOWN,
D:\Anura\data\unknown_open_set_v2\images\new\Espadarana_prosoblepon\col_obs_340063532_photo_618760629.jpg,ACCEPT,,771,1024,633.28,118.41,53.96,OK,,CLEAN,UNRESOLVED_NOT_IN_REGISTRY_EXPECTED_FOR_UNKNOWN,
D:\Anura\data\unknown_open_set_v2\images\new\Espadarana_prosoblepon\col_obs_339905927_photo_618438261.jpg,ACCEPT,,771,1024,592.96,103.68,55.23,OK,,CLEAN,UNRESOLVED_NOT_IN_REGISTRY_EXPECTED_FOR_UNKNOWN,
D:\Anura\data\unknown_open_set_v2\images\new\Espadarana_prosoblepon\col_obs_339905927_photo_618438312.jpg,ACCEPT,,771,1024,1265.83,118.16,53.84,OK,,CLEAN,UNRESOLVED_NOT_IN_REGISTRY_EXPECTED_FOR_UNKNOWN,
D:\Anura\data\unknown_open_set_v2\images\new\Espadarana_prosoblepon\col_obs_339905927_photo_618438355.jpg,ACCEPT,,771,1024,1200.33,118.37,54.62,OK,,CLEAN,UNRESOLVED_NOT_IN_REGISTRY_EXPECTED_FOR_UNKNOWN,
D:\Anura\data\unknown_open_set_v2\images\new\Espadarana_prosoblepon\col_obs_339311997_photo_617210911.jpg,ACCEPT,,1024,768,181.69,223.26,40.02,LOW_CONFIDENCE_FLAT_IMAGE,,CLEAN,UNRESOLVED_NOT_IN_REGISTRY_EXPECTED_FOR_UNKNOWN,low edge density - possible poor subject definition; not auto-rejected
D:\Anura\data\unknown_open_set_v2\images\new\Espadarana_prosoblepon\col_obs_339311997_photo_617210940.jpg,ACCEPT,,1024,768,209.74,35.02,46.21,LOW_CONFIDENCE_FLAT_IMAGE,,CLEAN,UNRESOLVED_NOT_IN_REGISTRY_EXPECTED_FOR_UNKNOWN,low edge density - possible poor subject definition; not auto-rejected
D:\Anura\data\unknown_open_set_v2\images\new\Espadarana_prosoblepon\col_obs_339311996_photo_617210522.jpg,ACCEPT,,1024,768,455.23,209.41,50.52,OK,,CLEAN,UNRESOLVED_NOT_IN_REGISTRY_EXPECTED_FOR_UNKNOWN,
D:\Anura\data\unknown_open_set_v2\images\new\Espadarana_prosoblepon\col_obs_339311991_photo_617210504.jpg,ACCEPT,,1024,768,610.0,204.61,55.84,OK,,CLEAN,UNRESOLVED_NOT_IN_REGISTRY_EXPECTED_FOR_UNKNOWN,
D:\Anura\data\unknown_open_set_v2\images\new\Espadarana_prosoblepon\col_obs_339311988_photo_617210442.jpg,ACCEPT,,1024,768,280.73,61.29,19.3,LOW_CONFIDENCE_FLAT_IMAGE,,CLEAN,UNRESOLVED_NOT_IN_REGISTRY_EXPECTED_FOR_UNKNOWN,low edge density - possible poor subject definition; not auto-rejected
D:\Anura\data\unknown_open_set_v2\images\new\Espadarana_prosoblepon\col_obs_339220983_photo_617034285.jpg,ACCEPT,,1024,768,224.81,54.84,31.87,LOW_CONFIDENCE_FLAT_IMAGE,,CLEAN,UNRESOLVED_NOT_IN_REGISTRY_EXPECTED_FOR_UNKNOWN,low edge density - possible poor subject definition; not auto-rejected
D:\Anura\data\unknown_open_set_v2\images\new\Espadarana_prosoblepon\col_obs_339220977_photo_617034275.jpg,ACCEPT,,1024,768,3451.46,76.95,33.79,OK,,CLEAN,UNRESOLVED_NOT_IN_REGISTRY_EXPECTED_FOR_UNKNOWN,
D:\Anura\data\unknown_open_set_v2\images\new\Espadarana_prosoblepon\col_obs_339220975_photo_617034271.jpg,ACCEPT,,1024,768,527.49,68.09,29.09,OK,,CLEAN,UNRESOLVED_NOT_IN_REGISTRY_EXPECTED_FOR_UNKNOWN,
D:\Anura\data\unknown_open_set_v2\images\new\Espadarana_prosoblepon\col_obs_339220952_photo_617034176.jpg,ACCEPT,,1024,768,415.44,58.36,67.76,LOW_CONFIDENCE_FLAT_IMAGE,,CLEAN,UNRESOLVED_NOT_IN_REGISTRY_EXPECTED_FOR_UNKNOWN,low edge density - possible poor subject definition; not auto-rejected
D:\Anura\data\unknown_open_set_v2\images\new\Espadarana_prosoblepon\col_obs_339220949_photo_617034165.jpg,ACCEPT,,1024,768,409.58,39.78,41.37,OK,,CLEAN,UNRESOLVED_NOT_IN_REGISTRY_EXPECTED_FOR_UNKNOWN,
D:\Anura\data\unknown_open_set_v2\images\new\Espadarana_prosoblepon\col_obs_339182739_photo_616958001.jpg,ACCEPT,,1024,768,545.29,66.54,73.92,OK,,CLEAN,UNRESOLVED_NOT_IN_REGISTRY_EXPECTED_FOR_UNKNOWN,
D:\Anura\data\unknown_open_set_v2\images\new\Espadarana_prosoblepon\col_obs_338889295_photo_616372141.jpg,ACCEPT,,1024,683,685.43,49.5,35.32,OK,,CLEAN,UNRESOLVED_NOT_IN_REGISTRY_EXPECTED_FOR_UNKNOWN,
D:\Anura\data\unknown_open_set_v2\images\new\Espadarana_prosoblepon\col_obs_338889292_photo_616372146.jpg,ACCEPT,,1024,683,1143.74,76.96,38.29,OK,,CLEAN,UNRESOLVED_NOT_IN_REGISTRY_EXPECTED_FOR_UNKNOWN,
D:\Anura\data\unknown_open_set_v2\images\new\Espadarana_prosoblepon\col_obs_337215651_photo_612964150.jpg,ACCEPT,,1024,762,678.12,50.55,50.24,OK,,CLEAN,UNRESOLVED_NOT_IN_REGISTRY_EXPECTED_FOR_UNKNOWN,
D:\Anura\data\unknown_open_set_v2\images\new\Espadarana_prosoblepon\col_obs_332611945_photo_603670186.jpg,ACCEPT,,1024,768,5025.43,37.03,28.64,OK,,CLEAN,UNRESOLVED_NOT_IN_REGISTRY_EXPECTED_FOR_UNKNOWN,
D:\Anura\data\unknown_open_set_v2\images\new\Espadarana_prosoblepon\col_obs_332611945_photo_603670208.jpg,ACCEPT,,1024,826,11958.75,48.62,33.92,OK,,CLEAN,UNRESOLVED_NOT_IN_REGISTRY_EXPECTED_FOR_UNKNOWN,
D:\Anura\data\unknown_open_set_v2\images\new\Espadarana_prosoblepon\col_obs_332011096_photo_602434092.jpg,ACCEPT,,1024,1024,409.37,61.78,47.7,OK,,CLEAN,UNRESOLVED_NOT_IN_REGISTRY_EXPECTED_FOR_UNKNOWN,
D:\Anura\data\unknown_open_set_v2\images\new\Espadarana_prosoblepon\col_obs_328808580_photo_595900618.jpg,ACCEPT,,460,1024,1206.61,146.29,39.94,OK,,CLEAN,UNRESOLVED_NOT_IN_REGISTRY_EXPECTED_FOR_UNKNOWN,
D:\Anura\data\unknown_open_set_v2\images\new\Espadarana_prosoblepon\col_obs_328808580_photo_595900648.jpg,ACCEPT,,460,1024,1369.29,146.94,37.12,OK,,CLEAN,UNRESOLVED_NOT_IN_REGISTRY_EXPECTED_FOR_UNKNOWN,
D:\Anura\data\unknown_open_set_v2\images\new\Espadarana_prosoblepon\col_obs_328808580_photo_595900687.jpg,ACCEPT,,576,1024,1079.32,99.36,57.05,OK,,CLEAN,UNRESOLVED_NOT_IN_REGISTRY_EXPECTED_FOR_UNKNOWN,
D:\Anura\data\unknown_open_set_v2\images\new\Espadarana_prosoblepon\col_obs_325443502_photo_589239418.jpg,ACCEPT,,1024,768,200.58,98.99,66.45,OK,,CLEAN,UNRESOLVED_NOT_IN_REGISTRY_EXPECTED_FOR_UNKNOWN,
D:\Anura\data\unknown_open_set_v2\images\new\Espadarana_prosoblepon\col_obs_325443502_photo_589239432.jpg,ACCEPT,,1024,768,240.18,102.12,67.32,OK,,CLEAN,UNRESOLVED_NOT_IN_REGISTRY_EXPECTED_FOR_UNKNOWN,
D:\Anura\data\unknown_open_set_v2\images\new\Espadarana_prosoblepon\col_obs_325443502_photo_589239453.jpg,ACCEPT,,1024,768,299.21,99.45,68.19,OK,,CLEAN,UNRESOLVED_NOT_IN_REGISTRY_EXPECTED_FOR_UNKNOWN,
D:\Anura\data\unknown_open_set_v2\images\new\Espadarana_prosoblepon\col_obs_325443502_photo_589239468.jpg,ACCEPT,,1024,768,500.62,103.24,66.85,OK,,CLEAN,UNRESOLVED_NOT_IN_REGISTRY_EXPECTED_FOR_UNKNOWN,
D:\Anura\data\unknown_open_set_v2\images\new\Espadarana_prosoblepon\col_obs_325443439_photo_589239322.jpg,ACCEPT,,1024,768,101.62,99.85,54.46,LOW_CONFIDENCE_FLAT_IMAGE,,CLEAN,UNRESOLVED_NOT_IN_REGISTRY_EXPECTED_FOR_UNKNOWN,low edge density - possible poor subject definition; not auto-rejected
D:\Anura\data\unknown_open_set_v2\images\new\Espadarana_prosoblepon\col_obs_325443439_photo_589239332.jpg,ACCEPT,,1024,768,351.75,95.42,57.22,OK,,CLEAN,UNRESOLVED_NOT_IN_REGISTRY_EXPECTED_FOR_UNKNOWN,
D:\Anura\data\unknown_open_set_v2\images\new\Espadarana_prosoblepon\col_obs_325443439_photo_589239343.jpg,ACCEPT,,1024,768,420.36,100.5,52.52,OK,,CLEAN,UNRESOLVED_NOT_IN_REGISTRY_EXPECTED_FOR_UNKNOWN,
D:\Anura\data\unknown_open_set_v2\images\new\Espadarana_prosoblepon\col_obs_320644020_photo_579765862.jpg,ACCEPT,,457,1024,260.36,97.63,56.57,LOW_CONFIDENCE_FLAT_IMAGE,NEWDUP_c8de293b01,CLEAN,UNRESOLVED_NOT_IN_REGISTRY_EXPECTED_FOR_UNKNOWN,low edge density - possible poor subject definition; not auto-rejected
D:\Anura\data\unknown_open_set_v2\images\new\Espadarana_prosoblepon\col_obs_320644020_photo_579765880.jpg,ACCEPT,,457,1024,260.36,97.63,56.57,LOW_CONFIDENCE_FLAT_IMAGE,NEWDUP_c8de293b01,CLEAN,UNRESOLVED_NOT_IN_REGISTRY_EXPECTED_FOR_UNKNOWN,low edge density - possible poor subject definition; not auto-rejected
D:\Anura\data\unknown_open_set_v2\images\new\Espadarana_prosoblepon\col_obs_320644020_photo_579766366.jpg,ACCEPT,,457,1024,260.36,97.63,56.57,LOW_CONFIDENCE_FLAT_IMAGE,NEWDUP_c8de293b01,CLEAN,UNRESOLVED_NOT_IN_REGISTRY_EXPECTED_FOR_UNKNOWN,low edge density - possible poor subject definition; not auto-rejected
D:\Anura\data\unknown_open_set_v2\images\new\Espadarana_prosoblepon\col_obs_320644020_photo_579766387.jpg,ACCEPT,,457,1024,409.31,73.86,41.8,LOW_CONFIDENCE_FLAT_IMAGE,,CLEAN,UNRESOLVED_NOT_IN_REGISTRY_EXPECTED_FOR_UNKNOWN,low edge density - possible poor subject definition; not auto-rejected
D:\Anura\data\unknown_open_set_v2\images\new\Espadarana_prosoblepon\col_obs_320644020_photo_579766588.jpg,ACCEPT,,457,1024,200.37,78.36,37.37,LOW_CONFIDENCE_FLAT_IMAGE,,CLEAN,UNRESOLVED_NOT_IN_REGISTRY_EXPECTED_FOR_UNKNOWN,low edge density - possible poor subject definition; not auto-rejected
D:\Anura\data\unknown_open_set_v2\images\new\Espadarana_prosoblepon\col_obs_320644020_photo_579766623.jpg,ACCEPT,,457,1024,241.21,74.69,46.08,LOW_CONFIDENCE_FLAT_IMAGE,,CLEAN,UNRESOLVED_NOT_IN_REGISTRY_EXPECTED_FOR_UNKNOWN,low edge density - possible poor subject definition; not auto-rejected
D:\Anura\data\unknown_open_set_v2\images\new\Espadarana_prosoblepon\col_obs_320644020_photo_579766644.jpg,ACCEPT,,457,1024,431.53,123.07,66.31,LOW_CONFIDENCE_FLAT_IMAGE,,CLEAN,UNRESOLVED_NOT_IN_REGISTRY_EXPECTED_FOR_UNKNOWN,low edge density - possible poor subject definition; not auto-rejected
D:\Anura\data\unknown_open_set_v2\images\new\Espadarana_prosoblepon\col_obs_320644020_photo_579766668.jpg,ACCEPT,,457,1024,167.5,70.64,38.15,LOW_CONFIDENCE_FLAT_IMAGE,,CLEAN,UNRESOLVED_NOT_IN_REGISTRY_EXPECTED_FOR_UNKNOWN,low edge density - possible poor subject definition; not auto-rejected
D:\Anura\data\unknown_open_set_v2\images\new\Espadarana_prosoblepon\col_obs_320555418_photo_579593038.jpg,ACCEPT,,576,1024,248.59,92.94,26.8,LOW_CONFIDENCE_FLAT_IMAGE,,CLEAN,UNRESOLVED_NOT_IN_REGISTRY_EXPECTED_FOR_UNKNOWN,low edge density - possible poor subject definition; not auto-rejected
D:\Anura\data\unknown_open_set_v2\images\new\Espadarana_prosoblepon\col_obs_320555418_photo_579593068.jpg,ACCEPT,,576,1024,1005.31,96.79,55.16,OK,,CLEAN,UNRESOLVED_NOT_IN_REGISTRY_EXPECTED_FOR_UNKNOWN,
D:\Anura\data\unknown_open_set_v2\images\new\Espadarana_prosoblepon\col_obs_320555418_photo_579593122.jpg,ACCEPT,,576,1024,2382.93,109.4,42.33,OK,,CLEAN,UNRESOLVED_NOT_IN_REGISTRY_EXPECTED_FOR_UNKNOWN,
D:\Anura\data\unknown_open_set_v2\images\new\Espadarana_prosoblepon\col_obs_320555418_photo_579593170.jpg,ACCEPT,,576,1024,641.25,91.75,55.55,OK,,CLEAN,UNRESOLVED_NOT_IN_REGISTRY_EXPECTED_FOR_UNKNOWN,
D:\Anura\data\unknown_open_set_v2\images\new\Espadarana_prosoblepon\col_obs_318669831_photo_575965162.jpg,ACCEPT,,770,1024,285.72,78.74,76.95,OK,,CLEAN,UNRESOLVED_NOT_IN_REGISTRY_EXPECTED_FOR_UNKNOWN,
D:\Anura\data\unknown_open_set_v2\images\new\Espadarana_prosoblepon\col_obs_318669831_photo_575965212.jpg,ACCEPT,,577,1024,281.47,75.88,78.15,OK,,CLEAN,UNRESOLVED_NOT_IN_REGISTRY_EXPECTED_FOR_UNKNOWN,
D:\Anura\data\unknown_open_set_v2\images\new\Espadarana_prosoblepon\col_obs_318210559_photo_575086062.jpg,ACCEPT,,768,1024,1313.56,82.41,46.99,OK,,CLEAN,UNRESOLVED_NOT_IN_REGISTRY_EXPECTED_FOR_UNKNOWN,
D:\Anura\data\unknown_open_set_v2\images\new\Espadarana_prosoblepon\col_obs_318210559_photo_575086095.jpg,ACCEPT,,768,1024,3530.46,107.96,61.02,OK,,CLEAN,UNRESOLVED_NOT_IN_REGISTRY_EXPECTED_FOR_UNKNOWN,
D:\Anura\data\unknown_open_set_v2\images\new\Espadarana_prosoblepon\col_obs_318210559_photo_575086128.jpg,ACCEPT,,768,1024,675.74,63.03,37.64,OK,,CLEAN,UNRESOLVED_NOT_IN_REGISTRY_EXPECTED_FOR_UNKNOWN,
D:\Anura\data\unknown_open_set_v2\images\new\Espadarana_prosoblepon\col_obs_318134541_photo_574940543.jpg,ACCEPT,,512,1024,588.3,122.19,59.05,OK,,CLEAN,UNRESOLVED_NOT_IN_REGISTRY_EXPECTED_FOR_UNKNOWN,
D:\Anura\data\unknown_open_set_v2\images\new\Espadarana_prosoblepon\col_obs_318134541_photo_574940564.jpg,ACCEPT,,1024,512,874.77,110.23,61.32,OK,,CLEAN,UNRESOLVED_NOT_IN_REGISTRY_EXPECTED_FOR_UNKNOWN,
D:\Anura\data\unknown_open_set_v2\images\new\Espadarana_prosoblepon\col_obs_313117192_photo_565408356.jpg,ACCEPT,,1024,683,779.27,64.46,38.13,OK,,CLEAN,UNRESOLVED_NOT_IN_REGISTRY_EXPECTED_FOR_UNKNOWN,
D:\Anura\data\unknown_open_set_v2\images\new\Espadarana_prosoblepon\col_obs_294594566_photo_530263368.jpg,ACCEPT,,1024,768,300.3,41.0,57.35,LOW_CONFIDENCE_FLAT_IMAGE,,CLEAN,UNRESOLVED_NOT_IN_REGISTRY_EXPECTED_FOR_UNKNOWN,low edge density - possible poor subject definition; not auto-rejected
D:\Anura\data\unknown_open_set_v2\images\new\Espadarana_prosoblepon\col_obs_294594566_photo_530264187.jpg,ACCEPT,,1024,768,281.65,39.13,50.17,LOW_CONFIDENCE_FLAT_IMAGE,,CLEAN,UNRESOLVED_NOT_IN_REGISTRY_EXPECTED_FOR_UNKNOWN,low edge density - possible poor subject definition; not auto-rejected
D:\Anura\data\unknown_open_set_v2\images\new\Espadarana_prosoblepon\col_obs_294594566_photo_530264188.jpg,ACCEPT,,1024,768,414.42,30.29,46.14,LOW_CONFIDENCE_FLAT_IMAGE,,CLEAN,UNRESOLVED_NOT_IN_REGISTRY_EXPECTED_FOR_UNKNOWN,low edge density - possible poor subject definition; not auto-rejected
D:\Anura\data\unknown_open_set_v2\images\new\Espadarana_prosoblepon\col_obs_294594566_photo_530264195.jpg,ACCEPT,,1024,768,1330.86,73.4,52.03,OK,,CLEAN,UNRESOLVED_NOT_IN_REGISTRY_EXPECTED_FOR_UNKNOWN,
